ISO-10303-21;
HEADER;
FILE_DESCRIPTION (( 'STEP AP214' ),
    '1' );
FILE_NAME ('Main Case.STEP',
    '2026-07-07T03:20:12',
    ( '' ),
    ( '' ),
    'SwSTEP 2.0',
    'SolidWorks 2025',
    '' );
FILE_SCHEMA (( 'AUTOMOTIVE_DESIGN' ));
ENDSEC;

DATA;
#1 = ADVANCED_FACE ( 'NONE', ( #2139 ), #761, .T. ) ;
#2 = ORIENTED_EDGE ( 'NONE', *, *, #3963, .T. ) ;
#3 = CARTESIAN_POINT ( 'NONE',  ( 100.2500000000000568, -6.929646455628168056, 151.7500000000000000 ) ) ;
#4 = DIRECTION ( 'NONE',  ( -1.000000000000000000, 0.000000000000000000, -2.413528314402514090E-16 ) ) ;
#5 = ORIENTED_EDGE ( 'NONE', *, *, #4031, .F. ) ;
#6 = AXIS2_PLACEMENT_3D ( 'NONE', #41, #723, #225 ) ;
#7 = ORIENTED_EDGE ( 'NONE', *, *, #384, .F. ) ;
#8 = FACE_OUTER_BOUND ( 'NONE', #2786, .T. ) ;
#9 = CARTESIAN_POINT ( 'NONE',  ( 72.25000000000002842, 14.75000000000000000, 163.0000000000000000 ) ) ;
#10 = ADVANCED_FACE ( 'NONE', ( #4114 ), #2382, .F. ) ;
#11 = VERTEX_POINT ( 'NONE', #1793 ) ;
#12 = ORIENTED_EDGE ( 'NONE', *, *, #248, .T. ) ;
#13 = CARTESIAN_POINT ( 'NONE',  ( 90.00000000000008527, 4.999999999999997335, 152.5000000000000000 ) ) ;
#14 = VERTEX_POINT ( 'NONE', #3809 ) ;
#15 = CARTESIAN_POINT ( 'NONE',  ( 100.7500000000000568, 24.00000000000000000, 155.0000000000000284 ) ) ;
#16 = CARTESIAN_POINT ( 'NONE',  ( 116.0000000000000426, 2.999999999999999112, 151.7500000000000000 ) ) ;
#17 = ADVANCED_FACE ( 'NONE', ( #1461 ), #2074, .F. ) ;
#18 = CARTESIAN_POINT ( 'NONE',  ( 99.00000000000005684, 15.99999999999999645, 151.7500000000000000 ) ) ;
#19 = FACE_OUTER_BOUND ( 'NONE', #1797, .T. ) ;
#20 = EDGE_LOOP ( 'NONE', ( #1699, #2789, #2167, #4016 ) ) ;
#21 = CYLINDRICAL_SURFACE ( 'NONE', #230, 1.250000000000001110 ) ;
#22 = CARTESIAN_POINT ( 'NONE',  ( 95.25000000000005684, 10.74999999999999822, 27.01011938817845603 ) ) ;
#23 = EDGE_CURVE ( 'NONE', #506, #1495, #4070, .T. ) ;
#24 = ORIENTED_EDGE ( 'NONE', *, *, #829, .T. ) ;
#25 = EDGE_CURVE ( 'NONE', #3557, #1423, #1068, .T. ) ;
#26 = VERTEX_POINT ( 'NONE', #3787 ) ;
#27 = DIRECTION ( 'NONE',  ( 0.000000000000000000, 0.000000000000000000, -1.000000000000000000 ) ) ;
#28 = DIRECTION ( 'NONE',  ( 0.000000000000000000, -1.000000000000000000, 0.000000000000000000 ) ) ;
#29 = ORIENTED_EDGE ( 'NONE', *, *, #361, .F. ) ;
#30 = ORIENTED_EDGE ( 'NONE', *, *, #1360, .F. ) ;
#31 = FACE_OUTER_BOUND ( 'NONE', #2854, .T. ) ;
#32 = EDGE_CURVE ( 'NONE', #3927, #1448, #886, .T. ) ;
#33 = VECTOR ( 'NONE', #844, 1000.000000000000000 ) ;
#34 = EDGE_CURVE ( 'NONE', #748, #2282, #57, .T. ) ;
#35 = ORIENTED_EDGE ( 'NONE', *, *, #1737, .T. ) ;
#36 = VECTOR ( 'NONE', #1397, 1000.000000000000000 ) ;
#37 = CARTESIAN_POINT ( 'NONE',  ( 122.5000000000000568, 19.50000000000000000, 157.4999999999999716 ) ) ;
#38 = ORIENTED_EDGE ( 'NONE', *, *, #3774, .F. ) ;
#39 = DIRECTION ( 'NONE',  ( 0.000000000000000000, 0.000000000000000000, -1.000000000000000000 ) ) ;
#40 = CARTESIAN_POINT ( 'NONE',  ( 93.00000000000005684, 15.50000000000000000, 32.50000000000000000 ) ) ;
#41 = CARTESIAN_POINT ( 'NONE',  ( 122.5000000000000426, 7.500000000000000000, 157.5000000000000000 ) ) ;
#42 = EDGE_CURVE ( 'NONE', #318, #3092, #2808, .T. ) ;
#43 = AXIS2_PLACEMENT_3D ( 'NONE', #3604, #2275, #2299 ) ;
#44 = ORIENTED_EDGE ( 'NONE', *, *, #2970, .T. ) ;
#45 = CARTESIAN_POINT ( 'NONE',  ( 99.00000000000005684, 2.999999999999999112, 151.7500000000000000 ) ) ;
#46 = DIRECTION ( 'NONE',  ( 0.8746197071393920774, 0.000000000000000000, -0.4848096202463437199 ) ) ;
#47 = VERTEX_POINT ( 'NONE', #1134 ) ;
#48 = AXIS2_PLACEMENT_3D ( 'NONE', #3153, #889, #142 ) ;
#49 = VECTOR ( 'NONE', #1267, 1000.000000000000000 ) ;
#50 = AXIS2_PLACEMENT_3D ( 'NONE', #2124, #1180, #1861 ) ;
#51 = ADVANCED_FACE ( 'NONE', ( #3497 ), #1918, .F. ) ;
#52 = VERTEX_POINT ( 'NONE', #3206 ) ;
#53 = CARTESIAN_POINT ( 'NONE',  ( 96.75000000000005684, 9.250000000000000000, 24.30404775527136252 ) ) ;
#54 = DIRECTION ( 'NONE',  ( -0.000000000000000000, 1.000000000000000000, -0.000000000000000000 ) ) ;
#55 = EDGE_CURVE ( 'NONE', #1355, #1328, #2832, .T. ) ;
#56 = VERTEX_POINT ( 'NONE', #2851 ) ;
#57 = LINE ( 'NONE', #1390, #1499 ) ;
#58 = CIRCLE ( 'NONE', #2512, 7.500000000000007105 ) ;
#59 = DIRECTION ( 'NONE',  ( -1.000000000000000000, 0.000000000000000000, 0.000000000000000000 ) ) ;
#60 = EDGE_LOOP ( 'NONE', ( #2777, #3681, #2652, #3066 ) ) ;
#61 = DIRECTION ( 'NONE',  ( -0.000000000000000000, -1.000000000000000000, -0.000000000000000000 ) ) ;
#62 = ADVANCED_FACE ( 'NONE', ( #4244, #899, #4201, #2585 ), #3250, .F. ) ;
#63 = AXIS2_PLACEMENT_3D ( 'NONE', #4195, #873, #2197 ) ;
#64 = CARTESIAN_POINT ( 'NONE',  ( 5.000000000000032863, 0.4289321881345131149, 0.000000000000000000 ) ) ;
#65 = CARTESIAN_POINT ( 'NONE',  ( 123.2500000000000568, 9.250000000000000000, 24.30404775527135541 ) ) ;
#66 = DIRECTION ( 'NONE',  ( 0.000000000000000000, 0.000000000000000000, -1.000000000000000000 ) ) ;
#67 = VECTOR ( 'NONE', #2742, 1000.000000000000000 ) ;
#68 = VERTEX_POINT ( 'NONE', #2224 ) ;
#69 = VECTOR ( 'NONE', #3207, 1000.000000000000000 ) ;
#70 = VERTEX_POINT ( 'NONE', #4176 ) ;
#71 = PLANE ( 'NONE',  #3659 ) ;
#72 = CARTESIAN_POINT ( 'NONE',  ( 108.3302383518161065, 20.19999999999999929, 52.99999999999995737 ) ) ;
#73 = VERTEX_POINT ( 'NONE', #2514 ) ;
#74 = ORIENTED_EDGE ( 'NONE', *, *, #2763, .T. ) ;
#75 = CARTESIAN_POINT ( 'NONE',  ( 108.3302383518161065, 7.699999999999996625, 43.49999999999995737 ) ) ;
#76 = PLANE ( 'NONE',  #2945 ) ;
#77 = LINE ( 'NONE', #3005, #334 ) ;
#78 = CARTESIAN_POINT ( 'NONE',  ( 100.7500000000000568, 27.00000000000000000, 115.2500000000000000 ) ) ;
#79 = AXIS2_PLACEMENT_3D ( 'NONE', #4022, #2668, #3356 ) ;
#80 = CIRCLE ( 'NONE', #3789, 2.449999999999993960 ) ;
#81 = CIRCLE ( 'NONE', #2535, 1.799999999999996048 ) ;
#82 = EDGE_LOOP ( 'NONE', ( #2376, #1364, #395, #1078, #1097 ) ) ;
#83 = ORIENTED_EDGE ( 'NONE', *, *, #3635, .F. ) ;
#84 = VECTOR ( 'NONE', #3608, 1000.000000000000000 ) ;
#85 = DIRECTION ( 'NONE',  ( -1.000000000000000000, -1.734723475976807094E-15, 0.000000000000000000 ) ) ;
#86 = EDGE_CURVE ( 'NONE', #70, #2694, #854, .T. ) ;
#87 = ORIENTED_EDGE ( 'NONE', *, *, #2296, .T. ) ;
#88 = LINE ( 'NONE', #1114, #834 ) ;
#89 = EDGE_LOOP ( 'NONE', ( #1136, #3469, #1610, #602, #434, #1749, #3277, #3496, #794, #736 ) ) ;
#90 = CARTESIAN_POINT ( 'NONE',  ( 95.00000000000005684, 5.000000000000000888, 115.2500000000000000 ) ) ;
#91 = LINE ( 'NONE', #40, #3756 ) ;
#92 = DIRECTION ( 'NONE',  ( 0.000000000000000000, -0.000000000000000000, -1.000000000000000000 ) ) ;
#93 =( BOUNDED_CURVE ( )  B_SPLINE_CURVE ( 3, ( #2591, #3919, #450, #1480 ),
 .UNSPECIFIED., .F., .F. ) 
 B_SPLINE_CURVE_WITH_KNOTS ( ( 4, 4 ),
 ( 1.910633236249012601, 3.141592653589793116 ),
 .UNSPECIFIED. ) 
 CURVE ( )  GEOMETRIC_REPRESENTATION_ITEM ( )  RATIONAL_B_SPLINE_CURVE ( ( 1.000000000000000000, 0.8776643872851496164, 0.8776643872851496164, 1.000000000000000000 ) ) 
 REPRESENTATION_ITEM ( '' )  );
#94 = ORIENTED_EDGE ( 'NONE', *, *, #1005, .T. ) ;
#95 = VERTEX_POINT ( 'NONE', #2162 ) ;
#96 = DIRECTION ( 'NONE',  ( 0.000000000000000000, 0.000000000000000000, 1.000000000000000000 ) ) ;
#97 = DIRECTION ( 'NONE',  ( 0.000000000000000000, 0.000000000000000000, -1.000000000000000000 ) ) ;
#98 = ORIENTED_EDGE ( 'NONE', *, *, #1522, .F. ) ;
#99 = EDGE_CURVE ( 'NONE', #3398, #2428, #1153, .T. ) ;
#100 = ORIENTED_EDGE ( 'NONE', *, *, #3467, .F. ) ;
#101 = CARTESIAN_POINT ( 'NONE',  ( 116.0000000000000426, -6.929646455628168056, 151.7500000000000000 ) ) ;
#102 = CYLINDRICAL_SURFACE ( 'NONE', #3980, 2.200000000000000178 ) ;
#103 = DIRECTION ( 'NONE',  ( 0.000000000000000000, -1.000000000000000000, 0.000000000000000000 ) ) ;
#104 = EDGE_CURVE ( 'NONE', #4250, #3817, #2244, .T. ) ;
#105 = ORIENTED_EDGE ( 'NONE', *, *, #3182, .T. ) ;
#106 = CARTESIAN_POINT ( 'NONE',  ( 130.0000000000000000, 27.00000000000000000, 0.000000000000000000 ) ) ;
#107 = DIRECTION ( 'NONE',  ( -1.000000000000000000, 0.000000000000000000, 0.000000000000000000 ) ) ;
#108 = VECTOR ( 'NONE', #2787, 1000.000000000000000 ) ;
#109 = VERTEX_POINT ( 'NONE', #3592 ) ;
#110 = ADVANCED_FACE ( 'NONE', ( #831 ), #3573, .T. ) ;
#111 = FACE_OUTER_BOUND ( 'NONE', #4304, .T. ) ;
#112 = ORIENTED_EDGE ( 'NONE', *, *, #3586, .F. ) ;
#113 = LINE ( 'NONE', #439, #1940 ) ;
#114 = PLANE ( 'NONE',  #256 ) ;
#115 = DIRECTION ( 'NONE',  ( 1.000000000000000000, 0.000000000000000000, -0.000000000000000000 ) ) ;
#116 = AXIS2_PLACEMENT_3D ( 'NONE', #1190, #2532, #1234 ) ;
#117 = AXIS2_PLACEMENT_3D ( 'NONE', #4149, #422, #4062 ) ;
#118 = ORIENTED_EDGE ( 'NONE', *, *, #564, .F. ) ;
#119 = ORIENTED_EDGE ( 'NONE', *, *, #3044, .T. ) ;
#120 = DIRECTION ( 'NONE',  ( 0.000000000000000000, -0.000000000000000000, 1.000000000000000000 ) ) ;
#121 = DIRECTION ( 'NONE',  ( 0.000000000000000000, 1.000000000000000000, 0.000000000000000000 ) ) ;
#122 = VECTOR ( 'NONE', #204, 1000.000000000000000 ) ;
#123 = VECTOR ( 'NONE', #372, 1000.000000000000000 ) ;
#124 = ORIENTED_EDGE ( 'NONE', *, *, #99, .T. ) ;
#125 = CARTESIAN_POINT ( 'NONE',  ( 99.00000000000005684, 2.999999999999996003, 112.7500000000000142 ) ) ;
#126 = LINE ( 'NONE', #2466, #3778 ) ;
#127 = EDGE_CURVE ( 'NONE', #1417, #227, #1758, .T. ) ;
#128 = FACE_OUTER_BOUND ( 'NONE', #242, .T. ) ;
#129 = FILL_AREA_STYLE_COLOUR ( '', #3242 ) ;
#130 = AXIS2_PLACEMENT_3D ( 'NONE', #632, #3254, #2611 ) ;
#131 = AXIS2_PLACEMENT_3D ( 'NONE', #2340, #416, #1094 ) ;
#132 = ORIENTED_EDGE ( 'NONE', *, *, #3142, .F. ) ;
#133 = ORIENTED_EDGE ( 'NONE', *, *, #664, .F. ) ;
#134 = CARTESIAN_POINT ( 'NONE',  ( 130.0000000000000000, 7.500000000000000000, 0.000000000000000000 ) ) ;
#135 = ORIENTED_EDGE ( 'NONE', *, *, #3791, .F. ) ;
#136 = CARTESIAN_POINT ( 'NONE',  ( 116.5000000000000568, 18.00000000000000355, 14.49999999999999822 ) ) ;
#137 = CARTESIAN_POINT ( 'NONE',  ( 130.0000000000000284, 7.699999999999996625, 49.49999999999995026 ) ) ;
#138 = LINE ( 'NONE', #3406, #814 ) ;
#139 = CARTESIAN_POINT ( 'NONE',  ( 114.1374821936961155, 19.50000000000000000, 165.0000000000000000 ) ) ;
#140 = VERTEX_POINT ( 'NONE', #582 ) ;
#141 = EDGE_LOOP ( 'NONE', ( #112, #1264, #960, #3463 ) ) ;
#142 = DIRECTION ( 'NONE',  ( -1.000000000000000000, 0.000000000000000000, 0.000000000000000000 ) ) ;
#143 = DIRECTION ( 'NONE',  ( 0.000000000000000000, 0.000000000000000000, -1.000000000000000000 ) ) ;
#144 = EDGE_CURVE ( 'NONE', #2399, #1941, #4290, .T. ) ;
#145 = ADVANCED_FACE ( 'NONE', ( #1484, #1197, #1897 ), #503, .F. ) ;
#146 = CIRCLE ( 'NONE', #2662, 2.449999999999993960 ) ;
#147 = EDGE_LOOP ( 'NONE', ( #2604, #185, #2550, #7 ) ) ;
#148 = DIRECTION ( 'NONE',  ( -0.000000000000000000, -0.000000000000000000, -1.000000000000000000 ) ) ;
#149 = CARTESIAN_POINT ( 'NONE',  ( 97.75000000000005684, 2.999999999999998224, 22.49999999999996447 ) ) ;
#150 = DIRECTION ( 'NONE',  ( -1.000000000000000000, 0.000000000000000000, 0.000000000000000000 ) ) ;
#151 = DIRECTION ( 'NONE',  ( 0.000000000000000000, 1.000000000000000000, 0.000000000000000000 ) ) ;
#152 = ORIENTED_EDGE ( 'NONE', *, *, #3149, .T. ) ;
#153 = CARTESIAN_POINT ( 'NONE',  ( 5.000000000000032863, 2.800000000000000266, 0.000000000000000000 ) ) ;
#154 = LINE ( 'NONE', #1840, #69 ) ;
#155 = VECTOR ( 'NONE', #1670, 1000.000000000000000 ) ;
#156 = EDGE_CURVE ( 'NONE', #751, #2470, #4000, .T. ) ;
#157 = VERTEX_POINT ( 'NONE', #877 ) ;
#158 = VECTOR ( 'NONE', #202, 1000.000000000000000 ) ;
#159 = DIRECTION ( 'NONE',  ( 0.000000000000000000, -0.9702957262759979162, 0.2419218955996621789 ) ) ;
#160 = DIRECTION ( 'NONE',  ( 0.000000000000000000, -1.000000000000000000, 0.000000000000000000 ) ) ;
#161 = DIRECTION ( 'NONE',  ( -1.000000000000000000, 0.000000000000000000, -2.413528314402514090E-16 ) ) ;
#162 = APPLICATION_PROTOCOL_DEFINITION ( 'draft international standard', 'automotive_design', 1998, #473 ) ;
#163 = ORIENTED_EDGE ( 'NONE', *, *, #576, .F. ) ;
#164 = ADVANCED_FACE ( 'NONE', ( #2200 ), #541, .F. ) ;
#165 = CARTESIAN_POINT ( 'NONE',  ( 53.91369153429604211, 19.90269398682254476, 164.9901242453498753 ) ) ;
#166 = CARTESIAN_POINT ( 'NONE',  ( 116.0000000000000426, 2.999999999999995115, 151.7500000000000000 ) ) ;
#167 = ORIENTED_EDGE ( 'NONE', *, *, #2698, .F. ) ;
#168 = EDGE_CURVE ( 'NONE', #3117, #3398, #4223, .T. ) ;
#169 = CARTESIAN_POINT ( 'NONE',  ( 122.2500000000000568, 15.50000000000000000, 32.50000000000000000 ) ) ;
#170 = EDGE_CURVE ( 'NONE', #2900, #197, #431, .T. ) ;
#171 = DIRECTION ( 'NONE',  ( -0.000000000000000000, -1.000000000000000000, -0.000000000000000000 ) ) ;
#172 = CARTESIAN_POINT ( 'NONE',  ( 99.00000000000005684, 0.000000000000000000, 151.7500000000000000 ) ) ;
#173 = ORIENTED_EDGE ( 'NONE', *, *, #1209, .T. ) ;
#174 = DIRECTION ( 'NONE',  ( 0.000000000000000000, 0.000000000000000000, 1.000000000000000000 ) ) ;
#175 = VERTEX_POINT ( 'NONE', #3933 ) ;
#176 = DIRECTION ( 'NONE',  ( -0.000000000000000000, 1.000000000000000000, -0.000000000000000000 ) ) ;
#177 = ORIENTED_EDGE ( 'NONE', *, *, #1578, .F. ) ;
#178 = FACE_OUTER_BOUND ( 'NONE', #2089, .T. ) ;
#179 = DIRECTION ( 'NONE',  ( -0.000000000000000000, -0.000000000000000000, -1.000000000000000000 ) ) ;
#180 = LINE ( 'NONE', #1207, #1326 ) ;
#181 = EDGE_CURVE ( 'NONE', #3332, #2871, #3020, .T. ) ;
#182 = VERTEX_POINT ( 'NONE', #342 ) ;
#183 = DIRECTION ( 'NONE',  ( -0.000000000000000000, 0.000000000000000000, 1.000000000000000000 ) ) ;
#184 = DIRECTION ( 'NONE',  ( -1.000000000000000000, 0.000000000000000000, 0.000000000000000000 ) ) ;
#185 = ORIENTED_EDGE ( 'NONE', *, *, #4192, .F. ) ;
#186 = CIRCLE ( 'NONE', #465, 2.250000000000001776 ) ;
#187 = DIRECTION ( 'NONE',  ( 3.273063162220403268E-17, 1.000000000000000000, -0.000000000000000000 ) ) ;
#188 = LINE ( 'NONE', #1873, #4268 ) ;
#189 = CARTESIAN_POINT ( 'NONE',  ( 99.00000000000005684, 15.99999999999999645, 151.7500000000000000 ) ) ;
#190 = CARTESIAN_POINT ( 'NONE',  ( 122.2500000000000568, 2.999999999999999112, 17.50000000000000000 ) ) ;
#191 = EDGE_CURVE ( 'NONE', #3948, #3596, #1324, .T. ) ;
#192 = ORIENTED_EDGE ( 'NONE', *, *, #240, .F. ) ;
#193 = DIRECTION ( 'NONE',  ( 0.000000000000000000, 0.000000000000000000, -1.000000000000000000 ) ) ;
#194 = CARTESIAN_POINT ( 'NONE',  ( 100.7500000000000568, 5.000000000000000888, 109.5000000000000000 ) ) ;
#195 = AXIS2_PLACEMENT_3D ( 'NONE', #3966, #3259, #3990 ) ;
#196 = ADVANCED_FACE ( 'NONE', ( #2353 ), #2999, .T. ) ;
#197 = VERTEX_POINT ( 'NONE', #2692 ) ;
#198 = AXIS2_PLACEMENT_3D ( 'NONE', #1800, #3541, #3211 ) ;
#199 = DIRECTION ( 'NONE',  ( -1.000000000000000000, 1.514991835686412896E-14, 0.000000000000000000 ) ) ;
#200 = CARTESIAN_POINT ( 'NONE',  ( 47.75000000000003553, 11.19999999999999751, 160.0000000000000000 ) ) ;
#201 = DIRECTION ( 'NONE',  ( -1.820037745287141918E-16, 0.000000000000000000, -1.000000000000000000 ) ) ;
#202 = DIRECTION ( 'NONE',  ( 0.4848096202463428317, 0.000000000000000000, -0.8746197071393926326 ) ) ;
#203 = ORIENTED_EDGE ( 'NONE', *, *, #2783, .F. ) ;
#204 = DIRECTION ( 'NONE',  ( -0.000000000000000000, 1.000000000000000000, -0.000000000000000000 ) ) ;
#205 = CARTESIAN_POINT ( 'NONE',  ( 97.75000000000005684, 2.999999999999999112, 151.7500000000000000 ) ) ;
#206 = EDGE_CURVE ( 'NONE', #1342, #2373, #3316, .T. ) ;
#207 = ORIENTED_EDGE ( 'NONE', *, *, #4277, .F. ) ;
#208 = DIRECTION ( 'NONE',  ( -1.000000000000000000, 0.000000000000000000, 0.000000000000000000 ) ) ;
#209 = CARTESIAN_POINT ( 'NONE',  ( 99.00000000000005684, -5.091168824543132132, 112.7500000000000142 ) ) ;
#210 = CARTESIAN_POINT ( 'NONE',  ( 100.7500000000000568, 27.00000000000000000, 109.5000000000000000 ) ) ;
#211 = VECTOR ( 'NONE', #1215, 1000.000000000000000 ) ;
#212 = AXIS2_PLACEMENT_3D ( 'NONE', #1111, #3094, #107 ) ;
#213 = ORIENTED_EDGE ( 'NONE', *, *, #4086, .T. ) ;
#214 = DIRECTION ( 'NONE',  ( 3.273063162220403268E-17, 1.000000000000000000, -0.000000000000000000 ) ) ;
#215 = ADVANCED_FACE ( 'NONE', ( #8 ), #2606, .F. ) ;
#216 = VECTOR ( 'NONE', #2201, 1000.000000000000000 ) ;
#217 = CARTESIAN_POINT ( 'NONE',  ( 25.25000000000003908, 14.75000000000000000, 163.0000000000000000 ) ) ;
#218 = VERTEX_POINT ( 'NONE', #3614 ) ;
#219 = ORIENTED_EDGE ( 'NONE', *, *, #170, .T. ) ;
#220 = ADVANCED_FACE ( 'NONE', ( #1301 ), #1678, .T. ) ;
#221 = FACE_BOUND ( 'NONE', #646, .T. ) ;
#222 = FACE_OUTER_BOUND ( 'NONE', #472, .T. ) ;
#223 = VECTOR ( 'NONE', #2488, 1000.000000000000000 ) ;
#224 = CARTESIAN_POINT ( 'NONE',  ( 122.2500000000000568, 2.999999999999999112, 22.49999999999996447 ) ) ;
#225 = DIRECTION ( 'NONE',  ( 0.000000000000000000, 0.000000000000000000, 1.000000000000000000 ) ) ;
#226 = VECTOR ( 'NONE', #1570, 1000.000000000000000 ) ;
#227 = VERTEX_POINT ( 'NONE', #1019 ) ;
#228 = CARTESIAN_POINT ( 'NONE',  ( 22.75000000000004263, 14.75000000000000000, 160.0000000000000000 ) ) ;
#229 = LINE ( 'NONE', #1564, #1018 ) ;
#230 = AXIS2_PLACEMENT_3D ( 'NONE', #1692, #2707, #421 ) ;
#231 = ORIENTED_EDGE ( 'NONE', *, *, #206, .T. ) ;
#232 = DIRECTION ( 'NONE',  ( 0.000000000000000000, -1.000000000000000000, 0.000000000000000000 ) ) ;
#233 = ADVANCED_FACE ( 'NONE', ( #2648 ), #3978, .F. ) ;
#234 = LINE ( 'NONE', #2262, #766 ) ;
#235 = ADVANCED_FACE ( 'NONE', ( #3696 ), #625, .F. ) ;
#236 =( BOUNDED_CURVE ( )  B_SPLINE_CURVE ( 3, ( #1008, #391, #2769, #64 ),
 .UNSPECIFIED., .F., .F. ) 
 B_SPLINE_CURVE_WITH_KNOTS ( ( 4, 4 ),
 ( 0.000000000000000000, 1.230959417340779405 ),
 .UNSPECIFIED. ) 
 CURVE ( )  GEOMETRIC_REPRESENTATION_ITEM ( )  RATIONAL_B_SPLINE_CURVE ( ( 1.000000000000000000, 0.8776643872851497274, 0.8776643872851497274, 1.000000000000000000 ) ) 
 REPRESENTATION_ITEM ( '' )  );
#237 = EDGE_LOOP ( 'NONE', ( #3239, #3295, #1043, #2215 ) ) ;
#238 = DIRECTION ( 'NONE',  ( 1.000000000000000000, 0.000000000000000000, 0.000000000000000000 ) ) ;
#239 = CARTESIAN_POINT ( 'NONE',  ( 99.00000000000005684, 2.000000000000000000, 151.7500000000000000 ) ) ;
#240 = EDGE_CURVE ( 'NONE', #140, #3853, #786, .T. ) ;
#241 = EDGE_LOOP ( 'NONE', ( #1719, #1994, #577, #1290, #2174, #1221, #3936, #2565, #1857, #2054, #2588, #3751 ) ) ;
#242 = EDGE_LOOP ( 'NONE', ( #2525, #1822, #324, #3506, #4183, #3917 ) ) ;
#243 = DIRECTION ( 'NONE',  ( 0.000000000000000000, -1.000000000000000000, 0.000000000000000000 ) ) ;
#244 = CYLINDRICAL_SURFACE ( 'NONE', #681, 2.449999999999993960 ) ;
#245 = CARTESIAN_POINT ( 'NONE',  ( 90.00000000000005684, 4.999999999999997335, 0.000000000000000000 ) ) ;
#246 = DIRECTION ( 'NONE',  ( 3.273063162220403268E-17, 1.000000000000000000, 0.000000000000000000 ) ) ;
#247 = ADVANCED_FACE ( 'NONE', ( #2007 ), #2311, .T. ) ;
#248 = EDGE_CURVE ( 'NONE', #2204, #2060, #2936, .T. ) ;
#249 = ORIENTED_EDGE ( 'NONE', *, *, #32, .T. ) ;
#250 = CARTESIAN_POINT ( 'NONE',  ( 93.00000000000005684, 2.999999999999999112, 31.06922683753910164 ) ) ;
#251 = FACE_OUTER_BOUND ( 'NONE', #2317, .T. ) ;
#252 = ORIENTED_EDGE ( 'NONE', *, *, #2274, .F. ) ;
#253 = DIRECTION ( 'NONE',  ( 3.273063162220403268E-17, 1.000000000000000000, 0.000000000000000000 ) ) ;
#254 = CYLINDRICAL_SURFACE ( 'NONE', #976, 2.449999999999993960 ) ;
#255 = AXIS2_PLACEMENT_3D ( 'NONE', #2702, #1980, #271 ) ;
#256 = AXIS2_PLACEMENT_3D ( 'NONE', #1443, #2794, #791 ) ;
#257 = ORIENTED_EDGE ( 'NONE', *, *, #835, .T. ) ;
#258 = ADVANCED_FACE ( 'NONE', ( #648 ), #1280, .F. ) ;
#259 = DIRECTION ( 'NONE',  ( -0.000000000000000000, 1.000000000000000000, -0.000000000000000000 ) ) ;
#260 = CARTESIAN_POINT ( 'NONE',  ( 90.00000000000005684, 4.999999999999997335, 0.000000000000000000 ) ) ;
#261 = AXIS2_PLACEMENT_3D ( 'NONE', #90, #352, #2701 ) ;
#262 = EDGE_LOOP ( 'NONE', ( #1222, #3567 ) ) ;
#263 = ORIENTED_EDGE ( 'NONE', *, *, #2059, .T. ) ;
#264 = DIRECTION ( 'NONE',  ( -1.000000000000000000, 0.000000000000000000, 0.000000000000000000 ) ) ;
#265 = CARTESIAN_POINT ( 'NONE',  ( 99.00000000000005684, 15.99999999999999645, 112.7500000000000142 ) ) ;
#266 = CIRCLE ( 'NONE', #610, 2.450000000000007727 ) ;
#267 = CARTESIAN_POINT ( 'NONE',  ( 130.0000000000000284, 7.500000000000000000, 49.49999999999995026 ) ) ;
#268 = VECTOR ( 'NONE', #457, 1000.000000000000000 ) ;
#269 = VERTEX_POINT ( 'NONE', #4288 ) ;
#270 = CARTESIAN_POINT ( 'NONE',  ( 52.46145300387553334, 20.19999999999999574, 164.9672618810378424 ) ) ;
#271 = DIRECTION ( 'NONE',  ( -0.000000000000000000, 0.000000000000000000, -1.000000000000000000 ) ) ;
#272 = DIRECTION ( 'NONE',  ( -0.000000000000000000, -0.000000000000000000, -1.000000000000000000 ) ) ;
#273 = EDGE_LOOP ( 'NONE', ( #544, #1202, #1837, #3165 ) ) ;
#274 = CARTESIAN_POINT ( 'NONE',  ( 114.0045534949509545, 21.99510422254024533, 164.5787863252253374 ) ) ;
#275 = CARTESIAN_POINT ( 'NONE',  ( 90.00000000000005684, 4.999999999999997335, 0.000000000000000000 ) ) ;
#276 = EDGE_CURVE ( 'NONE', #423, #2061, #1262, .T. ) ;
#277 = VERTEX_POINT ( 'NONE', #2962 ) ;
#278 = DIRECTION ( 'NONE',  ( 0.000000000000000000, 1.000000000000000000, -0.000000000000000000 ) ) ;
#279 = LINE ( 'NONE', #260, #629 ) ;
#280 = VECTOR ( 'NONE', #176, 1000.000000000000000 ) ;
#281 = VECTOR ( 'NONE', #3934, 1000.000000000000000 ) ;
#282 = ORIENTED_EDGE ( 'NONE', *, *, #3349, .F. ) ;
#283 = ORIENTED_EDGE ( 'NONE', *, *, #1321, .F. ) ;
#284 = CYLINDRICAL_SURFACE ( 'NONE', #680, 1.250000000000001110 ) ;
#285 = CARTESIAN_POINT ( 'NONE',  ( 122.5000000000000568, 0.000000000000000000, 157.5000000000000000 ) ) ;
#286 = CARTESIAN_POINT ( 'NONE',  ( 10.00000000000001421, 8.499999999999996447, 160.0000000000000000 ) ) ;
#287 = EDGE_CURVE ( 'NONE', #1682, #881, #81, .T. ) ;
#288 = ORIENTED_EDGE ( 'NONE', *, *, #3133, .T. ) ;
#289 = LINE ( 'NONE', #637, #2146 ) ;
#290 = DIRECTION ( 'NONE',  ( -0.000000000000000000, -0.000000000000000000, -1.000000000000000000 ) ) ;
#291 = CARTESIAN_POINT ( 'NONE',  ( 100.2500000000000568, 2.999999999999999112, 112.7500000000000142 ) ) ;
#292 = PRESENTATION_LAYER_ASSIGNMENT (  '', '', ( #3449 ) ) ;
#293 = VECTOR ( 'NONE', #2400, 1000.000000000000000 ) ;
#294 = EDGE_CURVE ( 'NONE', #3975, #1780, #382, .T. ) ;
#295 = EDGE_LOOP ( 'NONE', ( #3989, #2939, #213, #3221, #2812, #4311, #1334, #2624, #4301, #2906, #2480, #3684, #671 ) ) ;
#296 = AXIS2_PLACEMENT_3D ( 'NONE', #1912, #1652, #3287 ) ;
#297 = CARTESIAN_POINT ( 'NONE',  ( 117.2500000000000426, -6.929646455628168056, 112.7500000000000142 ) ) ;
#298 = DIRECTION ( 'NONE',  ( -1.000000000000000000, 0.000000000000000000, 0.000000000000000000 ) ) ;
#299 = EDGE_LOOP ( 'NONE', ( #1389, #2359, #3982, #2263, #1022, #3731, #993, #1475, #880, #1113, #4007, #1735 ) ) ;
#300 = EDGE_CURVE ( 'NONE', #4116, #1831, #426, .T. ) ;
#301 = EDGE_LOOP ( 'NONE', ( #3712, #2243 ) ) ;
#302 = CARTESIAN_POINT ( 'NONE',  ( 114.2500000000000426, 27.00000000000000000, 149.2500000000000000 ) ) ;
#303 = CARTESIAN_POINT ( 'NONE',  ( 99.00000000000005684, 2.999999999999999112, 112.7500000000000142 ) ) ;
#304 = ORIENTED_EDGE ( 'NONE', *, *, #2030, .F. ) ;
#305 = ORIENTED_EDGE ( 'NONE', *, *, #3202, .F. ) ;
#306 = DIRECTION ( 'NONE',  ( 0.000000000000000000, 0.000000000000000000, -1.000000000000000000 ) ) ;
#307 = FACE_OUTER_BOUND ( 'NONE', #3097, .T. ) ;
#308 = CARTESIAN_POINT ( 'NONE',  ( 47.75000000000003553, 15.69999999999999929, 170.0000000000000000 ) ) ;
#309 = ORIENTED_EDGE ( 'NONE', *, *, #888, .T. ) ;
#310 = ADVANCED_FACE ( 'NONE', ( #3715, #363 ), #2781, .T. ) ;
#311 = DIRECTION ( 'NONE',  ( -0.000000000000000000, -0.000000000000000000, -1.000000000000000000 ) ) ;
#312 = DIRECTION ( 'NONE',  ( -1.000000000000000000, 0.000000000000000000, 0.000000000000000000 ) ) ;
#313 = DIRECTION ( 'NONE',  ( -0.000000000000000000, -0.000000000000000000, -1.000000000000000000 ) ) ;
#314 = ORIENTED_EDGE ( 'NONE', *, *, #3665, .F. ) ;
#315 = CARTESIAN_POINT ( 'NONE',  ( 110.0663090446603292, 25.00000000000000711, 162.5990195135928502 ) ) ;
#316 = LINE ( 'NONE', #662, #1790 ) ;
#317 = EDGE_LOOP ( 'NONE', ( #2267, #3344, #663, #3674 ) ) ;
#318 = VERTEX_POINT ( 'NONE', #2442 ) ;
#319 = DIRECTION ( 'NONE',  ( -1.000000000000000000, -0.000000000000000000, -0.000000000000000000 ) ) ;
#320 = DIRECTION ( 'NONE',  ( 1.000000000000000000, 0.000000000000000000, 0.000000000000000000 ) ) ;
#321 = VECTOR ( 'NONE', #3222, 1000.000000000000000 ) ;
#322 = AXIS2_PLACEMENT_3D ( 'NONE', #2300, #4034, #3605 ) ;
#323 = ORIENTED_EDGE ( 'NONE', *, *, #2012, .T. ) ;
#324 = ORIENTED_EDGE ( 'NONE', *, *, #2368, .T. ) ;
#325 = DIRECTION ( 'NONE',  ( 0.000000000000000000, 0.000000000000000000, -1.000000000000000000 ) ) ;
#326 = LINE ( 'NONE', #3740, #1452 ) ;
#327 = DIRECTION ( 'NONE',  ( -0.000000000000000000, -0.000000000000000000, -1.000000000000000000 ) ) ;
#328 = ADVANCED_FACE ( 'NONE', ( #4045, #4106 ), #2465, .T. ) ;
#329 = VERTEX_POINT ( 'NONE', #1739 ) ;
#330 = CARTESIAN_POINT ( 'NONE',  ( 108.3302383518161065, 7.699999999999996625, 49.49999999999995737 ) ) ;
#331 = DIRECTION ( 'NONE',  ( 3.273063162220403268E-17, 1.000000000000000000, -0.000000000000000000 ) ) ;
#332 = LINE ( 'NONE', #3627, #155 ) ;
#333 = AXIS2_PLACEMENT_3D ( 'NONE', #1823, #159, #1488 ) ;
#334 = VECTOR ( 'NONE', #3984, 1000.000000000000000 ) ;
#335 = ORIENTED_EDGE ( 'NONE', *, *, #2878, .T. ) ;
#336 = CARTESIAN_POINT ( 'NONE',  ( 110.8194798484956181, 24.87371340374505024, 162.7321334213726516 ) ) ;
#337 = CARTESIAN_POINT ( 'NONE',  ( 2.800000000000004263, 22.00000000000000000, 12.00000000000000000 ) ) ;
#338 = ORIENTED_EDGE ( 'NONE', *, *, #4263, .T. ) ;
#339 = ADVANCED_FACE ( 'NONE', ( #2091 ), #1362, .T. ) ;
#340 = AXIS2_PLACEMENT_3D ( 'NONE', #189, #1521, #1193 ) ;
#341 = ORIENTED_EDGE ( 'NONE', *, *, #3494, .T. ) ;
#342 = CARTESIAN_POINT ( 'NONE',  ( 45.33960584136124794, 19.50000000000000000, 165.0000000000000000 ) ) ;
#343 = CARTESIAN_POINT ( 'NONE',  ( 116.0000000000000426, 2.999999999999999112, 112.7500000000000142 ) ) ;
#344 = ADVANCED_FACE ( 'NONE', ( #1083, #3417 ), #2420, .F. ) ;
#345 = ORIENTED_EDGE ( 'NONE', *, *, #3264, .T. ) ;
#346 = ORIENTED_EDGE ( 'NONE', *, *, #4258, .F. ) ;
#347 = DIRECTION ( 'NONE',  ( -1.000000000000000000, 0.000000000000000000, 0.000000000000000000 ) ) ;
#348 = VECTOR ( 'NONE', #3323, 1000.000000000000000 ) ;
#349 = EDGE_LOOP ( 'NONE', ( #1779, #3896, #4080, #1381 ) ) ;
#350 = EDGE_CURVE ( 'NONE', #1453, #2469, #2669, .T. ) ;
#351 = DIRECTION ( 'NONE',  ( -0.000000000000000000, -1.000000000000000000, -0.000000000000000000 ) ) ;
#352 = DIRECTION ( 'NONE',  ( -1.000000000000000000, 0.000000000000000000, -4.081702296416017969E-16 ) ) ;
#353 = LINE ( 'NONE', #2018, #955 ) ;
#354 = DIRECTION ( 'NONE',  ( -1.000000000000000000, 0.000000000000000000, 0.000000000000000000 ) ) ;
#355 = ORIENTED_EDGE ( 'NONE', *, *, #3018, .T. ) ;
#356 = FACE_BOUND ( 'NONE', #1572, .T. ) ;
#357 = CARTESIAN_POINT ( 'NONE',  ( 121.2500000000000568, 24.00000000000000000, 11.00000000000001066 ) ) ;
#358 = ORIENTED_EDGE ( 'NONE', *, *, #2332, .T. ) ;
#359 = AXIS2_PLACEMENT_3D ( 'NONE', #374, #4281, #2659 ) ;
#360 = VECTOR ( 'NONE', #1054, 1000.000000000000000 ) ;
#361 = EDGE_CURVE ( 'NONE', #4019, #3676, #1835, .T. ) ;
#362 = ORIENTED_EDGE ( 'NONE', *, *, #3739, .T. ) ;
#363 = FACE_BOUND ( 'NONE', #2417, .T. ) ;
#364 = EDGE_CURVE ( 'NONE', #3434, #2740, #3085, .T. ) ;
#365 = CARTESIAN_POINT ( 'NONE',  ( 127.0000000000000568, 20.19999999999999929, 39.99999999999995026 ) ) ;
#366 = ORIENTED_EDGE ( 'NONE', *, *, #369, .T. ) ;
#367 = ORIENTED_EDGE ( 'NONE', *, *, #2506, .F. ) ;
#368 = CARTESIAN_POINT ( 'NONE',  ( 5.000000000000004441, 5.000000000000000000, 12.00000000000000000 ) ) ;
#369 = EDGE_CURVE ( 'NONE', #1934, #1121, #2737, .T. ) ;
#370 = VERTEX_POINT ( 'NONE', #3758 ) ;
#371 = FACE_OUTER_BOUND ( 'NONE', #598, .T. ) ;
#372 = DIRECTION ( 'NONE',  ( -0.000000000000000000, -1.000000000000000000, -0.000000000000000000 ) ) ;
#373 = LINE ( 'NONE', #1095, #600 ) ;
#374 = CARTESIAN_POINT ( 'NONE',  ( 99.00000000000005684, 2.999999999999996003, 151.7500000000000000 ) ) ;
#375 = EDGE_CURVE ( 'NONE', #3084, #3916, #1063, .T. ) ;
#376 = VERTEX_POINT ( 'NONE', #3782 ) ;
#377 = CARTESIAN_POINT ( 'NONE',  ( 52.25000000000004263, 20.19999999999999929, 164.9672618810378140 ) ) ;
#378 = CARTESIAN_POINT ( 'NONE',  ( 45.70390385073562101, 19.71351839566693442, 164.9974679875855088 ) ) ;
#379 = ORIENTED_EDGE ( 'NONE', *, *, #300, .T. ) ;
#380 = EDGE_CURVE ( 'NONE', #277, #1774, #778, .T. ) ;
#381 = EDGE_LOOP ( 'NONE', ( #3307, #3014, #4146, #4222 ) ) ;
#382 = LINE ( 'NONE', #3394, #4283 ) ;
#383 = CARTESIAN_POINT ( 'NONE',  ( 99.00000000000005684, 0.000000000000000000, 154.0000000000000000 ) ) ;
#384 = EDGE_CURVE ( 'NONE', #506, #2436, #2047, .T. ) ;
#385 = EDGE_LOOP ( 'NONE', ( #4272, #2691, #3745, #2992 ) ) ;
#386 = ORIENTED_EDGE ( 'NONE', *, *, #2059, .F. ) ;
#387 = CARTESIAN_POINT ( 'NONE',  ( 99.00000000000046896, 2.000000000000000000, 112.7499999999999858 ) ) ;
#388 = EDGE_LOOP ( 'NONE', ( #1591, #2397 ) ) ;
#389 = AXIS2_PLACEMENT_3D ( 'NONE', #1669, #4014, #3367 ) ;
#390 = CARTESIAN_POINT ( 'NONE',  ( 47.75000000000003553, 11.19999999999999751, 165.0000000000000000 ) ) ;
#391 = CARTESIAN_POINT ( 'NONE',  ( 0.000000000000000000, 4.210871048468046496, 5.000000000000033751 ) ) ;
#392 = DIRECTION ( 'NONE',  ( 0.7071067811865475727, 0.000000000000000000, 0.7071067811865475727 ) ) ;
#393 = CARTESIAN_POINT ( 'NONE',  ( 114.2500000000000426, 20.16588601164237105, 164.9779842516716144 ) ) ;
#394 = ORIENTED_EDGE ( 'NONE', *, *, #601, .F. ) ;
#395 = ORIENTED_EDGE ( 'NONE', *, *, #1698, .F. ) ;
#396 = CARTESIAN_POINT ( 'NONE',  ( 99.00000000000005684, 15.99999999999999645, 112.7500000000000142 ) ) ;
#397 = CARTESIAN_POINT ( 'NONE',  ( 116.0000000000000568, 2.000000000000000000, 151.7500000000000000 ) ) ;
#398 = ORIENTED_EDGE ( 'NONE', *, *, #2698, .T. ) ;
#399 = CIRCLE ( 'NONE', #2860, 7.500000000000000000 ) ;
#400 = VECTOR ( 'NONE', #1330, 1000.000000000000000 ) ;
#401 = ORIENTED_EDGE ( 'NONE', *, *, #2848, .F. ) ;
#402 = ADVANCED_FACE ( 'NONE', ( #1384 ), #4065, .T. ) ;
#403 = DIRECTION ( 'NONE',  ( 3.273063162220403268E-17, 1.000000000000000000, 0.000000000000000000 ) ) ;
#404 = EDGE_CURVE ( 'NONE', #3709, #3720, #2564, .T. ) ;
#405 = DIRECTION ( 'NONE',  ( 0.000000000000000000, 0.000000000000000000, -1.000000000000000000 ) ) ;
#406 = PLANE ( 'NONE',  #543 ) ;
#407 = PLANE ( 'NONE',  #3861 ) ;
#408 = VERTEX_POINT ( 'NONE', #799 ) ;
#409 = VERTEX_POINT ( 'NONE', #3569 ) ;
#410 = VECTOR ( 'NONE', #1216, 1000.000000000000000 ) ;
#411 = LINE ( 'NONE', #2766, #3301 ) ;
#412 = EDGE_LOOP ( 'NONE', ( #4212, #1619, #3690, #3285 ) ) ;
#413 = EDGE_CURVE ( 'NONE', #3981, #2426, #1544, .T. ) ;
#414 = LINE ( 'NONE', #3049, #2226 ) ;
#415 = AXIS2_PLACEMENT_3D ( 'NONE', #3759, #2485, #780 ) ;
#416 = DIRECTION ( 'NONE',  ( 3.273063162220403268E-17, 1.000000000000000000, 0.000000000000000000 ) ) ;
#417 = FACE_OUTER_BOUND ( 'NONE', #2850, .T. ) ;
#418 = ORIENTED_EDGE ( 'NONE', *, *, #1387, .F. ) ;
#419 = VECTOR ( 'NONE', #3615, 1000.000000000000000 ) ;
#420 = ORIENTED_EDGE ( 'NONE', *, *, #2763, .F. ) ;
#421 = DIRECTION ( 'NONE',  ( -1.000000000000000000, 0.000000000000000000, 0.000000000000000000 ) ) ;
#422 = DIRECTION ( 'NONE',  ( 0.000000000000000000, 0.000000000000000000, -1.000000000000000000 ) ) ;
#423 = VERTEX_POINT ( 'NONE', #2508 ) ;
#424 = EDGE_CURVE ( 'NONE', #1196, #1355, #2581, .T. ) ;
#425 = ORIENTED_EDGE ( 'NONE', *, *, #1890, .T. ) ;
#426 = LINE ( 'NONE', #2377, #710 ) ;
#427 = AXIS2_PLACEMENT_3D ( 'NONE', #1337, #2327, #1293 ) ;
#428 = CARTESIAN_POINT ( 'NONE',  ( 100.8000000000000540, 2.000000000000000000, 112.7500000000000142 ) ) ;
#429 = DIRECTION ( 'NONE',  ( 3.524517538492561236E-16, 0.000000000000000000, 1.000000000000000000 ) ) ;
#430 = FACE_OUTER_BOUND ( 'NONE', #3499, .T. ) ;
#431 = CIRCLE ( 'NONE', #1550, 5.750000000000032863 ) ;
#432 = EDGE_CURVE ( 'NONE', #881, #1682, #891, .T. ) ;
#433 = ORIENTED_EDGE ( 'NONE', *, *, #364, .T. ) ;
#434 = ORIENTED_EDGE ( 'NONE', *, *, #3018, .F. ) ;
#435 = VECTOR ( 'NONE', #253, 1000.000000000000000 ) ;
#436 = DIRECTION ( 'NONE',  ( -1.000000000000000000, 0.000000000000000000, 0.000000000000000000 ) ) ;
#437 = ORIENTED_EDGE ( 'NONE', *, *, #3912, .F. ) ;
#438 = CARTESIAN_POINT ( 'NONE',  ( 116.0000000000004690, 0.000000000000000000, 114.9999999999999858 ) ) ;
#439 = CARTESIAN_POINT ( 'NONE',  ( 6.063312881716255236E-16, 27.00000000000000000, 5.000000000000031974 ) ) ;
#440 = DIRECTION ( 'NONE',  ( 3.273063162220403268E-17, 1.000000000000000000, -0.000000000000000000 ) ) ;
#441 = CARTESIAN_POINT ( 'NONE',  ( 122.5000000000000142, 19.50000000000000000, 52.99999999999996447 ) ) ;
#442 = ORIENTED_EDGE ( 'NONE', *, *, #34, .F. ) ;
#443 = EDGE_CURVE ( 'NONE', #3269, #1691, #3843, .T. ) ;
#444 = ORIENTED_EDGE ( 'NONE', *, *, #647, .F. ) ;
#445 = DIRECTION ( 'NONE',  ( -1.000000000000000000, 0.000000000000000000, 0.000000000000000000 ) ) ;
#446 = DIRECTION ( 'NONE',  ( -1.000000000000000000, -0.000000000000000000, -0.000000000000000000 ) ) ;
#447 = ORIENTED_EDGE ( 'NONE', *, *, #2339, .T. ) ;
#448 = CARTESIAN_POINT ( 'NONE',  ( 99.00000000000005684, -6.929646455628168056, 151.7500000000000000 ) ) ;
#449 = DIRECTION ( 'NONE',  ( 3.273063162220403268E-17, 1.000000000000000000, 0.000000000000000000 ) ) ;
#450 = CARTESIAN_POINT ( 'NONE',  ( 4.028021242476499635E-16, 22.78912895153195706, 5.000000000000053291 ) ) ;
#451 = CARTESIAN_POINT ( 'NONE',  ( 100.7500000000000568, 5.000000000000000888, 149.2500000000000000 ) ) ;
#452 = EDGE_LOOP ( 'NONE', ( #1573, #1492, #1536, #1007 ) ) ;
#453 = VERTEX_POINT ( 'NONE', #3867 ) ;
#454 = LINE ( 'NONE', #2492, #2524 ) ;
#455 = ORIENTED_EDGE ( 'NONE', *, *, #1639, .T. ) ;
#456 = EDGE_CURVE ( 'NONE', #2663, #1304, #555, .T. ) ;
#457 = DIRECTION ( 'NONE',  ( 0.000000000000000000, 0.000000000000000000, -1.000000000000000000 ) ) ;
#458 = EDGE_LOOP ( 'NONE', ( #394, #1343, #24, #1204 ) ) ;
#459 = VECTOR ( 'NONE', #553, 1000.000000000000000 ) ;
#460 = DIRECTION ( 'NONE',  ( 0.000000000000000000, 1.000000000000000000, 0.000000000000000000 ) ) ;
#461 = CARTESIAN_POINT ( 'NONE',  ( 124.7500000000000568, 16.00000000000000000, 13.99999999999999822 ) ) ;
#462 = UNCERTAINTY_MEASURE_WITH_UNIT (LENGTH_MEASURE( 1.000000000000000082E-05 ), #3870, 'distance_accuracy_value', 'NONE');
#463 = PLANE ( 'NONE',  #1195 ) ;
#464 = AXIS2_PLACEMENT_3D ( 'NONE', #536, #2217, #4194 ) ;
#465 = AXIS2_PLACEMENT_3D ( 'NONE', #2057, #3051, #2727 ) ;
#466 = ORIENTED_EDGE ( 'NONE', *, *, #3485, .T. ) ;
#467 = ORIENTED_EDGE ( 'NONE', *, *, #424, .T. ) ;
#468 = CARTESIAN_POINT ( 'NONE',  ( 130.0000000000000000, 27.00000000000000000, 0.000000000000000000 ) ) ;
#469 = PLANE ( 'NONE',  #2704 ) ;
#470 = AXIS2_PLACEMENT_3D ( 'NONE', #2086, #2110, #1733 ) ;
#471 = CIRCLE ( 'NONE', #2575, 2.499999999999998668 ) ;
#472 = EDGE_LOOP ( 'NONE', ( #1058, #1513, #2192, #4048 ) ) ;
#473 = APPLICATION_CONTEXT ( 'automotive_design' ) ;
#474 = LINE ( 'NONE', #3157, #4241 ) ;
#475 = EDGE_CURVE ( 'NONE', #2469, #4052, #3824, .T. ) ;
#476 = FACE_BOUND ( 'NONE', #1565, .T. ) ;
#477 = CARTESIAN_POINT ( 'NONE',  ( 74.75000000000004263, 14.75000000000000000, 160.0000000000000000 ) ) ;
#478 = CARTESIAN_POINT ( 'NONE',  ( 2.800000000000004263, 5.000000000000000000, 2.200000000000028155 ) ) ;
#479 = AXIS2_PLACEMENT_3D ( 'NONE', #1599, #3641, #306 ) ;
#480 = ORIENTED_EDGE ( 'NONE', *, *, #2209, .T. ) ;
#481 = EDGE_LOOP ( 'NONE', ( #1070, #1414, #3964, #4125 ) ) ;
#482 = DIRECTION ( 'NONE',  ( 0.000000000000000000, 0.000000000000000000, -1.000000000000000000 ) ) ;
#483 = ADVANCED_FACE ( 'NONE', ( #498 ), #872, .F. ) ;
#484 = ORIENTED_EDGE ( 'NONE', *, *, #612, .F. ) ;
#485 = AXIS2_PLACEMENT_3D ( 'NONE', #2389, #3365, #1073 ) ;
#486 = FACE_OUTER_BOUND ( 'NONE', #3703, .T. ) ;
#487 = LINE ( 'NONE', #3542, #4319 ) ;
#488 = DIRECTION ( 'NONE',  ( -3.524517538492561236E-16, -0.000000000000000000, -1.000000000000000000 ) ) ;
#489 = DIRECTION ( 'NONE',  ( -0.000000000000000000, 1.000000000000000000, 0.000000000000000000 ) ) ;
#490 = EDGE_CURVE ( 'NONE', #2483, #4006, #2778, .T. ) ;
#491 = VERTEX_POINT ( 'NONE', #2155 ) ;
#492 = AXIS2_PLACEMENT_3D ( 'NONE', #2157, #449, #4152 ) ;
#493 = DIRECTION ( 'NONE',  ( 3.524517538492560743E-16, 0.000000000000000000, 1.000000000000000000 ) ) ;
#494 = CIRCLE ( 'NONE', #3013, 5.750000000000005329 ) ;
#495 = DIRECTION ( 'NONE',  ( 1.000000000000000000, 0.000000000000000000, 0.000000000000000000 ) ) ;
#496 = VECTOR ( 'NONE', #2423, 1000.000000000000000 ) ;
#497 = ORIENTED_EDGE ( 'NONE', *, *, #2222, .T. ) ;
#498 = FACE_OUTER_BOUND ( 'NONE', #660, .T. ) ;
#499 = CARTESIAN_POINT ( 'NONE',  ( 116.0000000000004690, 2.000000000000000000, 112.7499999999999858 ) ) ;
#500 = CYLINDRICAL_SURFACE ( 'NONE', #2587, 1.799999999999996048 ) ;
#501 = ORIENTED_EDGE ( 'NONE', *, *, #4277, .T. ) ;
#502 = ADVANCED_FACE ( 'NONE', ( #1518, #2178 ), #823, .T. ) ;
#503 = PLANE ( 'NONE',  #2316 ) ;
#504 = DIRECTION ( 'NONE',  ( 0.000000000000000000, -0.2588190451025152994, -0.9659258262890697555 ) ) ;
#505 = CIRCLE ( 'NONE', #1128, 7.500000000000007105 ) ;
#506 = VERTEX_POINT ( 'NONE', #1566 ) ;
#507 = DIRECTION ( 'NONE',  ( 3.273063162220403268E-17, 1.000000000000000000, 0.000000000000000000 ) ) ;
#508 = CARTESIAN_POINT ( 'NONE',  ( 120.0000000000000568, 24.00000000000000000, 115.2500000000000000 ) ) ;
#509 = FACE_OUTER_BOUND ( 'NONE', #1369, .T. ) ;
#510 = DIRECTION ( 'NONE',  ( 0.000000000000000000, 0.000000000000000000, 1.000000000000000000 ) ) ;
#511 = ORIENTED_EDGE ( 'NONE', *, *, #1616, .T. ) ;
#512 = FACE_OUTER_BOUND ( 'NONE', #349, .T. ) ;
#513 = LINE ( 'NONE', #4234, #3484 ) ;
#514 = EDGE_CURVE ( 'NONE', #70, #1196, #3511, .T. ) ;
#515 = ORIENTED_EDGE ( 'NONE', *, *, #2801, .T. ) ;
#516 = CARTESIAN_POINT ( 'NONE',  ( 99.00000000000005684, 2.000000000000000000, 154.0000000000000000 ) ) ;
#517 = PLANE ( 'NONE',  #2874 ) ;
#518 = ADVANCED_FACE ( 'NONE', ( #2134 ), #2866, .F. ) ;
#519 = DIRECTION ( 'NONE',  ( 0.000000000000000000, 0.000000000000000000, -1.000000000000000000 ) ) ;
#520 = CARTESIAN_POINT ( 'NONE',  ( 17.50000000000001776, 8.499999999999996447, 160.0000000000000000 ) ) ;
#521 = VERTEX_POINT ( 'NONE', #4238 ) ;
#522 = CARTESIAN_POINT ( 'NONE',  ( 116.0000000000000426, 15.99999999999999289, 151.7500000000000000 ) ) ;
#523 = CARTESIAN_POINT ( 'NONE',  ( 124.7500000000000568, 24.00000000000000000, 11.00000000000000000 ) ) ;
#524 = EDGE_CURVE ( 'NONE', #1271, #3875, #4170, .T. ) ;
#525 = VERTEX_POINT ( 'NONE', #1853 ) ;
#526 = DIRECTION ( 'NONE',  ( -3.524517538492560743E-16, 0.000000000000000000, -1.000000000000000000 ) ) ;
#527 = LINE ( 'NONE', #2837, #3628 ) ;
#528 = DIRECTION ( 'NONE',  ( 0.000000000000000000, 0.000000000000000000, 1.000000000000000000 ) ) ;
#529 = CARTESIAN_POINT ( 'NONE',  ( 99.00000000000005684, 2.000000000000000000, 112.7500000000000142 ) ) ;
#530 = ORIENTED_EDGE ( 'NONE', *, *, #3965, .F. ) ;
#531 = CARTESIAN_POINT ( 'NONE',  ( 7.500000000000020428, 27.00000000000000000, 157.5000000000000000 ) ) ;
#532 = CARTESIAN_POINT ( 'NONE',  ( 96.00000000000005684, 9.250000000000000000, 17.50000000000000000 ) ) ;
#533 = CIRCLE ( 'NONE', #3268, 5.750000000000032863 ) ;
#534 = EDGE_CURVE ( 'NONE', #2009, #1243, #3343, .T. ) ;
#535 = ORIENTED_EDGE ( 'NONE', *, *, #3283, .F. ) ;
#536 = CARTESIAN_POINT ( 'NONE',  ( 116.0000000000000426, -6.929646455628168056, 151.7500000000000000 ) ) ;
#537 = DIRECTION ( 'NONE',  ( 0.000000000000000000, 0.000000000000000000, -1.000000000000000000 ) ) ;
#538 = CARTESIAN_POINT ( 'NONE',  ( 116.0000000000000426, -5.091168824543132132, 112.7500000000000142 ) ) ;
#539 = EDGE_CURVE ( 'NONE', #4320, #2629, #668, .T. ) ;
#540 = ORIENTED_EDGE ( 'NONE', *, *, #2519, .T. ) ;
#541 = PLANE ( 'NONE',  #990 ) ;
#542 = FACE_OUTER_BOUND ( 'NONE', #2719, .T. ) ;
#543 = AXIS2_PLACEMENT_3D ( 'NONE', #2422, #2319, #2136 ) ;
#544 = ORIENTED_EDGE ( 'NONE', *, *, #1529, .F. ) ;
#545 = ORIENTED_EDGE ( 'NONE', *, *, #2526, .F. ) ;
#546 = DIRECTION ( 'NONE',  ( 0.000000000000000000, -1.000000000000000000, 0.000000000000000000 ) ) ;
#547 = DIRECTION ( 'NONE',  ( -1.000000000000000000, 0.000000000000000000, 0.000000000000000000 ) ) ;
#548 = DIRECTION ( 'NONE',  ( 0.000000000000000000, -1.000000000000000000, -0.000000000000000000 ) ) ;
#549 =( LENGTH_UNIT ( ) NAMED_UNIT ( * ) SI_UNIT ( .MILLI., .METRE. ) );
#550 = EDGE_CURVE ( 'NONE', #1317, #3639, #474, .T. ) ;
#551 = ORIENTED_EDGE ( 'NONE', *, *, #3427, .F. ) ;
#552 = FACE_BOUND ( 'NONE', #1471, .T. ) ;
#553 = DIRECTION ( 'NONE',  ( 3.273063162220403268E-17, 1.000000000000000000, -0.000000000000000000 ) ) ;
#554 = VERTEX_POINT ( 'NONE', #1476 ) ;
#555 = LINE ( 'NONE', #2891, #1651 ) ;
#556 = PLANE ( 'NONE',  #3644 ) ;
#557 = AXIS2_PLACEMENT_3D ( 'NONE', #2782, #4107, #1478 ) ;
#558 = EDGE_CURVE ( 'NONE', #1780, #1423, #2571, .T. ) ;
#559 = CIRCLE ( 'NONE', #4199, 7.500000000000007105 ) ;
#560 = B_SPLINE_CURVE_WITH_KNOTS ( 'NONE', 3,
 ( #816, #3508, #165, #1165, #3529, #2637, #270, #2948 ),
 .UNSPECIFIED., .F., .F.,
 ( 4, 2, 2, 4 ),
 ( 0.000000000000000000, 0.001266544660363549523, 0.001899816990545333826, 0.002533089320727118562 ),
 .UNSPECIFIED. ) ;
#561 = ORIENTED_EDGE ( 'NONE', *, *, #3686, .F. ) ;
#562 = DIRECTION ( 'NONE',  ( -1.000000000000000000, 0.000000000000000000, 0.000000000000000000 ) ) ;
#563 = LINE ( 'NONE', #958, #845 ) ;
#564 = EDGE_CURVE ( 'NONE', #2651, #3780, #643, .T. ) ;
#565 = ORIENTED_EDGE ( 'NONE', *, *, #753, .F. ) ;
#566 = VERTEX_POINT ( 'NONE', #2954 ) ;
#567 = CARTESIAN_POINT ( 'NONE',  ( 111.0000000000000568, 24.00000000000000000, 38.56468560121562206 ) ) ;
#568 = FACE_OUTER_BOUND ( 'NONE', #141, .T. ) ;
#569 = VECTOR ( 'NONE', #3063, 1000.000000000000000 ) ;
#570 = CARTESIAN_POINT ( 'NONE',  ( 102.9635725203186638, 24.38980585480623731, 163.1902041563316175 ) ) ;
#571 = CARTESIAN_POINT ( 'NONE',  ( 111.0000000000000711, 18.00000000000000355, 14.49999999999999822 ) ) ;
#572 = AXIS2_PLACEMENT_3D ( 'NONE', #3816, #1778, #2817 ) ;
#573 = ORIENTED_EDGE ( 'NONE', *, *, #2633, .F. ) ;
#574 = DIRECTION ( 'NONE',  ( 0.000000000000000000, 0.000000000000000000, -1.000000000000000000 ) ) ;
#575 = CARTESIAN_POINT ( 'NONE',  ( 93.00000000000005684, 15.50000000000000000, 17.50000000000000000 ) ) ;
#576 = EDGE_CURVE ( 'NONE', #2138, #4084, #2932, .T. ) ;
#577 = ORIENTED_EDGE ( 'NONE', *, *, #4128, .T. ) ;
#578 = DIRECTION ( 'NONE',  ( 3.273063162220403268E-17, 1.000000000000000000, 0.000000000000000000 ) ) ;
#579 = DIRECTION ( 'NONE',  ( -1.000000000000000000, 0.000000000000000000, 0.000000000000000000 ) ) ;
#580 = ORIENTED_EDGE ( 'NONE', *, *, #1658, .T. ) ;
#581 = ORIENTED_EDGE ( 'NONE', *, *, #1120, .F. ) ;
#582 = CARTESIAN_POINT ( 'NONE',  ( 118.4500000000000455, 2.999999999999999112, 151.7500000000000000 ) ) ;
#583 = FACE_OUTER_BOUND ( 'NONE', #2238, .T. ) ;
#584 = AXIS2_PLACEMENT_3D ( 'NONE', #106, #1435, #737 ) ;
#585 = ORIENTED_EDGE ( 'NONE', *, *, #591, .T. ) ;
#586 = ORIENTED_EDGE ( 'NONE', *, *, #3767, .F. ) ;
#587 = CARTESIAN_POINT ( 'NONE',  ( 22.75000000000004263, 14.75000000000000000, 163.0000000000000000 ) ) ;
#588 = CARTESIAN_POINT ( 'NONE',  ( 116.0000000000000426, -6.929646455628168056, 112.7500000000000142 ) ) ;
#589 = CARTESIAN_POINT ( 'NONE',  ( 108.3302383518161065, 6.799999999999998046, 52.99999999999995737 ) ) ;
#590 = VERTEX_POINT ( 'NONE', #973 ) ;
#591 = EDGE_CURVE ( 'NONE', #2448, #4320, #1277, .T. ) ;
#592 = FACE_BOUND ( 'NONE', #1620, .T. ) ;
#593 = DIRECTION ( 'NONE',  ( -1.000000000000000000, 0.000000000000000000, 0.000000000000000000 ) ) ;
#594 =( NAMED_UNIT ( * ) PLANE_ANGLE_UNIT ( ) SI_UNIT ( $, .RADIAN. ) );
#595 = ORIENTED_EDGE ( 'NONE', *, *, #1791, .F. ) ;
#596 = FACE_OUTER_BOUND ( 'NONE', #2518, .T. ) ;
#597 = CARTESIAN_POINT ( 'NONE',  ( 3.711269837220828371, 19.79999999999997939, 1.288730162779204047 ) ) ;
#598 = EDGE_LOOP ( 'NONE', ( #3479, #1017, #44, #38, #3951, #231, #3252, #1152 ) ) ;
#599 = CIRCLE ( 'NONE', #3204, 7.500000000000007105 ) ;
#600 = VECTOR ( 'NONE', #440, 1000.000000000000000 ) ;
#601 = EDGE_CURVE ( 'NONE', #3856, #227, #621, .T. ) ;
#602 = ORIENTED_EDGE ( 'NONE', *, *, #144, .F. ) ;
#603 = DIRECTION ( 'NONE',  ( 3.273063162220403268E-17, 1.000000000000000000, 0.000000000000000000 ) ) ;
#604 = CARTESIAN_POINT ( 'NONE',  ( 113.5500000000000540, 2.999999999999999112, 112.7500000000000142 ) ) ;
#605 = EDGE_LOOP ( 'NONE', ( #1723, #3355, #950, #3582 ) ) ;
#606 = EDGE_LOOP ( 'NONE', ( #1615, #132 ) ) ;
#607 = DIRECTION ( 'NONE',  ( -1.000000000000000000, 0.000000000000000000, 0.000000000000000000 ) ) ;
#608 = VECTOR ( 'NONE', #3326, 1000.000000000000000 ) ;
#609 = LINE ( 'NONE', #4294, #3763 ) ;
#610 = AXIS2_PLACEMENT_3D ( 'NONE', #1159, #160, #1465 ) ;
#611 = CARTESIAN_POINT ( 'NONE',  ( 116.0000000000000426, 15.99999999999999289, 151.7500000000000000 ) ) ;
#612 = EDGE_CURVE ( 'NONE', #329, #3124, #2751, .T. ) ;
#613 = AXIS2_PLACEMENT_3D ( 'NONE', #1971, #1244, #3938 ) ;
#614 = ORIENTED_EDGE ( 'NONE', *, *, #1512, .T. ) ;
#615 = CARTESIAN_POINT ( 'NONE',  ( 2.800000000000004263, 23.28873016277920271, 2.200000000000028155 ) ) ;
#616 = LINE ( 'NONE', #638, #2494 ) ;
#617 = CARTESIAN_POINT ( 'NONE',  ( 7.500000000000018652, 7.500000000000000000, 157.5000000000000000 ) ) ;
#618 = EDGE_CURVE ( 'NONE', #1448, #3735, #2329, .T. ) ;
#619 = ORIENTED_EDGE ( 'NONE', *, *, #170, .F. ) ;
#620 = AXIS2_PLACEMENT_3D ( 'NONE', #538, #2847, #2829 ) ;
#621 = LINE ( 'NONE', #3, #435 ) ;
#622 = DIRECTION ( 'NONE',  ( 0.000000000000000000, 1.000000000000000000, -0.000000000000000000 ) ) ;
#623 = ORIENTED_EDGE ( 'NONE', *, *, #104, .T. ) ;
#624 = EDGE_LOOP ( 'NONE', ( #777, #3907, #3258, #4064 ) ) ;
#625 = CYLINDRICAL_SURFACE ( 'NONE', #4068, 4.500000000000003553 ) ;
#626 = CARTESIAN_POINT ( 'NONE',  ( 124.7500000000000568, 24.00000000000000000, 11.00000000000000000 ) ) ;
#627 = AXIS2_PLACEMENT_3D ( 'NONE', #589, #2337, #2321 ) ;
#628 = EDGE_CURVE ( 'NONE', #2084, #1217, #2642, .T. ) ;
#629 = VECTOR ( 'NONE', #3336, 1000.000000000000000 ) ;
#630 = ORIENTED_EDGE ( 'NONE', *, *, #1201, .F. ) ;
#631 = ORIENTED_EDGE ( 'NONE', *, *, #127, .F. ) ;
#632 = CARTESIAN_POINT ( 'NONE',  ( 74.75000000000004263, 14.75000000000000000, 163.0000000000000000 ) ) ;
#633 = DIRECTION ( 'NONE',  ( -1.000000000000000000, 0.000000000000000000, 0.000000000000000000 ) ) ;
#634 = LINE ( 'NONE', #1601, #4129 ) ;
#635 = VERTEX_POINT ( 'NONE', #3996 ) ;
#636 = CIRCLE ( 'NONE', #3095, 7.499999999999992895 ) ;
#637 = CARTESIAN_POINT ( 'NONE',  ( 96.75000000000005684, 9.250000000000000000, 32.50000000000000000 ) ) ;
#638 = CARTESIAN_POINT ( 'NONE',  ( 127.0000000000000568, 20.19999999999999929, 39.99999999999995026 ) ) ;
#639 = VECTOR ( 'NONE', #3892, 1000.000000000000000 ) ;
#640 = PLANE ( 'NONE',  #427 ) ;
#641 = CIRCLE ( 'NONE', #779, 2.250000000000001776 ) ;
#642 = VERTEX_POINT ( 'NONE', #995 ) ;
#643 = CIRCLE ( 'NONE', #296, 5.750000000000032863 ) ;
#644 = DIRECTION ( 'NONE',  ( 0.000000000000000000, 0.000000000000000000, -1.000000000000000000 ) ) ;
#645 = CARTESIAN_POINT ( 'NONE',  ( 116.0000000000000426, 2.999999999999999112, 112.7500000000000142 ) ) ;
#646 = EDGE_LOOP ( 'NONE', ( #619, #4292, #3447, #2978, #1731, #1027, #177, #2981 ) ) ;
#647 = EDGE_CURVE ( 'NONE', #1448, #3927, #1554, .T. ) ;
#648 = FACE_OUTER_BOUND ( 'NONE', #1088, .T. ) ;
#649 = DIRECTION ( 'NONE',  ( 0.000000000000000000, 0.000000000000000000, -1.000000000000000000 ) ) ;
#650 = ORIENTED_EDGE ( 'NONE', *, *, #2025, .F. ) ;
#651 = ORIENTED_EDGE ( 'NONE', *, *, #369, .F. ) ;
#652 = DIRECTION ( 'NONE',  ( -3.524517538492560743E-16, 0.000000000000000000, -1.000000000000000000 ) ) ;
#653 = DIRECTION ( 'NONE',  ( 3.273063162220403268E-17, 1.000000000000000000, 0.000000000000000000 ) ) ;
#654 = CARTESIAN_POINT ( 'NONE',  ( 116.5000000000000568, 24.00000000000000000, 4.500000000000000000 ) ) ;
#655 = EDGE_LOOP ( 'NONE', ( #346, #866, #2344, #1502 ) ) ;
#656 = ADVANCED_FACE ( 'NONE', ( #596 ), #3949, .T. ) ;
#657 = CARTESIAN_POINT ( 'NONE',  ( 124.7500000000000568, 24.00000000000000000, 13.99999999999999822 ) ) ;
#658 = DIRECTION ( 'NONE',  ( 0.000000000000000000, -1.000000000000000000, 0.000000000000000000 ) ) ;
#659 = DIRECTION ( 'NONE',  ( 0.000000000000000000, 0.000000000000000000, -1.000000000000000000 ) ) ;
#660 = EDGE_LOOP ( 'NONE', ( #1645, #595, #3732, #4038 ) ) ;
#661 = CARTESIAN_POINT ( 'NONE',  ( 114.2174098189897222, 21.11882938223605777, 164.8295571765339389 ) ) ;
#662 = CARTESIAN_POINT ( 'NONE',  ( 108.3302383518161065, 20.19999999999999929, 39.99999999999995737 ) ) ;
#663 = ORIENTED_EDGE ( 'NONE', *, *, #3142, .T. ) ;
#664 = EDGE_CURVE ( 'NONE', #3428, #2084, #1203, .T. ) ;
#665 = VERTEX_POINT ( 'NONE', #2307 ) ;
#666 = CARTESIAN_POINT ( 'NONE',  ( 7.500000000000020428, 7.500000000000000000, 157.5000000000000000 ) ) ;
#667 = DIRECTION ( 'NONE',  ( -1.000000000000000000, 0.000000000000000000, 0.000000000000000000 ) ) ;
#668 = CIRCLE ( 'NONE', #3129, 2.449999999999993960 ) ;
#669 = EDGE_CURVE ( 'NONE', #3092, #70, #2239, .T. ) ;
#670 = AXIS2_PLACEMENT_3D ( 'NONE', #532, #4215, #3883 ) ;
#671 = ORIENTED_EDGE ( 'NONE', *, *, #2296, .F. ) ;
#672 = ORIENTED_EDGE ( 'NONE', *, *, #2839, .T. ) ;
#673 = AXIS2_PLACEMENT_3D ( 'NONE', #396, #3079, #1403 ) ;
#674 = DIRECTION ( 'NONE',  ( 0.000000000000000000, 0.000000000000000000, -1.000000000000000000 ) ) ;
#675 = AXIS2_PLACEMENT_3D ( 'NONE', #3583, #3943, #574 ) ;
#676 = VERTEX_POINT ( 'NONE', #3909 ) ;
#677 = CARTESIAN_POINT ( 'NONE',  ( 7.500000000000000000, 19.50000000000000000, 0.000000000000000000 ) ) ;
#678 = CARTESIAN_POINT ( 'NONE',  ( 93.00000000000005684, 24.00000000000000000, 31.06922683753912651 ) ) ;
#679 = FACE_BOUND ( 'NONE', #3714, .T. ) ;
#680 = AXIS2_PLACEMENT_3D ( 'NONE', #2675, #3918, #264 ) ;
#681 = AXIS2_PLACEMENT_3D ( 'NONE', #2632, #3298, #3322 ) ;
#682 = EDGE_CURVE ( 'NONE', #1348, #2513, #3588, .T. ) ;
#683 = ADVANCED_FACE ( 'NONE', ( #2601 ), #1099, .F. ) ;
#684 = ORIENTED_EDGE ( 'NONE', *, *, #25, .F. ) ;
#685 = DIRECTION ( 'NONE',  ( -0.000000000000000000, -1.000000000000000000, -0.000000000000000000 ) ) ;
#686 = DIRECTION ( 'NONE',  ( 1.000000000000000000, -0.000000000000000000, -3.524517538492561236E-16 ) ) ;
#687 = ORIENTED_EDGE ( 'NONE', *, *, #1596, .F. ) ;
#688 = AXIS2_PLACEMENT_3D ( 'NONE', #172, #3534, #519 ) ;
#689 = ORIENTED_EDGE ( 'NONE', *, *, #3609, .F. ) ;
#690 = DIRECTION ( 'NONE',  ( -0.000000000000000000, 1.000000000000000000, -0.000000000000000000 ) ) ;
#691 = EDGE_CURVE ( 'NONE', #554, #3603, #1759, .T. ) ;
#692 = CARTESIAN_POINT ( 'NONE',  ( 72.25000000000002842, 14.75000000000000000, 160.0000000000000000 ) ) ;
#693 = AXIS2_PLACEMENT_3D ( 'NONE', #3442, #171, #3181 ) ;
#694 = ORIENTED_EDGE ( 'NONE', *, *, #669, .F. ) ;
#695 = ORIENTED_EDGE ( 'NONE', *, *, #2173, .T. ) ;
#696 = ADVANCED_FACE ( 'NONE', ( #1056, #356 ), #71, .T. ) ;
#697 = CARTESIAN_POINT ( 'NONE',  ( 121.2500000000000711, 16.00000000000000000, 11.00000000000000000 ) ) ;
#698 = AXIS2_PLACEMENT_3D ( 'NONE', #308, #3622, #1644 ) ;
#699 = ORIENTED_EDGE ( 'NONE', *, *, #2332, .F. ) ;
#700 = EDGE_CURVE ( 'NONE', #3329, #1579, #1762, .T. ) ;
#701 = DIRECTION ( 'NONE',  ( 0.000000000000000000, 0.000000000000000000, 1.000000000000000000 ) ) ;
#702 = LINE ( 'NONE', #4054, #3495 ) ;
#703 = DIRECTION ( 'NONE',  ( -1.000000000000000000, 0.000000000000000000, 0.000000000000000000 ) ) ;
#704 = CYLINDRICAL_SURFACE ( 'NONE', #4138, 4.500000000000003553 ) ;
#705 = VERTEX_POINT ( 'NONE', #2346 ) ;
#706 = DIRECTION ( 'NONE',  ( 3.273063162220403268E-17, 1.000000000000000000, 0.000000000000000000 ) ) ;
#707 = CARTESIAN_POINT ( 'NONE',  ( 116.0000000000000426, 15.99999999999999289, 112.7500000000000142 ) ) ;
#708 = ORIENTED_EDGE ( 'NONE', *, *, #2688, .F. ) ;
#709 = VECTOR ( 'NONE', #3136, 1000.000000000000000 ) ;
#710 = VECTOR ( 'NONE', #1410, 1000.000000000000000 ) ;
#711 = EDGE_CURVE ( 'NONE', #1261, #3797, #2043, .T. ) ;
#712 = ORIENTED_EDGE ( 'NONE', *, *, #1902, .T. ) ;
#713 = DIRECTION ( 'NONE',  ( 1.000000000000000000, -0.000000000000000000, -3.524517538492561236E-16 ) ) ;
#714 = CARTESIAN_POINT ( 'NONE',  ( 96.00000000000005684, 9.250000000000000000, 32.50000000000000000 ) ) ;
#715 = ORIENTED_EDGE ( 'NONE', *, *, #3090, .T. ) ;
#716 = DIRECTION ( 'NONE',  ( 0.000000000000000000, 0.000000000000000000, -1.000000000000000000 ) ) ;
#717 = CYLINDRICAL_SURFACE ( 'NONE', #2166, 2.250000000000001776 ) ;
#718 = EDGE_LOOP ( 'NONE', ( #986, #3253, #1373, #219 ) ) ;
#719 = CARTESIAN_POINT ( 'NONE',  ( 90.00000000000007105, 4.999999999999997335, 64.99481694033903523 ) ) ;
#720 = DIRECTION ( 'NONE',  ( 1.000000000000000000, 0.000000000000000000, 0.000000000000000000 ) ) ;
#721 = FACE_OUTER_BOUND ( 'NONE', #3510, .T. ) ;
#722 = PRODUCT_DEFINITION_CONTEXT ( 'detailed design', #473, 'design' ) ;
#723 = DIRECTION ( 'NONE',  ( -1.000000000000000000, 0.000000000000000000, 0.000000000000000000 ) ) ;
#724 = ADVANCED_FACE ( 'NONE', ( #4081 ), #21, .F. ) ;
#725 = EDGE_LOOP ( 'NONE', ( #283, #1917, #946, #740 ) ) ;
#726 = EDGE_LOOP ( 'NONE', ( #3650, #3661, #1702, #1174, #2003 ) ) ;
#727 = DIRECTION ( 'NONE',  ( -1.000000000000000000, 0.000000000000000000, 0.000000000000000000 ) ) ;
#728 = CARTESIAN_POINT ( 'NONE',  ( 122.2500000000000568, 2.999999999999999112, 22.49999999999996447 ) ) ;
#729 = EDGE_LOOP ( 'NONE', ( #323, #3179, #455, #1839 ) ) ;
#730 = ORIENTED_EDGE ( 'NONE', *, *, #2222, .F. ) ;
#731 = DIRECTION ( 'NONE',  ( -0.000000000000000000, -1.000000000000000000, -0.000000000000000000 ) ) ;
#732 = DIRECTION ( 'NONE',  ( 1.000000000000000000, 0.000000000000000000, 0.000000000000000000 ) ) ;
#733 = LINE ( 'NONE', #1456, #4117 ) ;
#734 = DIRECTION ( 'NONE',  ( 0.000000000000000000, 0.000000000000000000, -1.000000000000000000 ) ) ;
#735 = ADVANCED_FACE ( 'NONE', ( #1079 ), #4039, .F. ) ;
#736 = ORIENTED_EDGE ( 'NONE', *, *, #1072, .F. ) ;
#737 = DIRECTION ( 'NONE',  ( 3.524517538492560743E-16, 0.000000000000000000, 1.000000000000000000 ) ) ;
#738 = DIRECTION ( 'NONE',  ( 0.000000000000000000, 0.000000000000000000, -1.000000000000000000 ) ) ;
#739 = VECTOR ( 'NONE', #1868, 1000.000000000000114 ) ;
#740 = ORIENTED_EDGE ( 'NONE', *, *, #3507, .F. ) ;
#741 = VECTOR ( 'NONE', #3213, 1000.000000000000000 ) ;
#742 = PLANE ( 'NONE',  #4050 ) ;
#743 = CARTESIAN_POINT ( 'NONE',  ( 121.2500000000000568, 24.00000000000000000, 43.85640646055166769 ) ) ;
#744 = ADVANCED_FACE ( 'NONE', ( #1035 ), #2775, .F. ) ;
#745 = CARTESIAN_POINT ( 'NONE',  ( 25.25000000000003908, 14.75000000000000000, 163.0000000000000000 ) ) ;
#746 = FACE_BOUND ( 'NONE', #2460, .T. ) ;
#747 = ORIENTED_EDGE ( 'NONE', *, *, #576, .T. ) ;
#748 = VERTEX_POINT ( 'NONE', #377 ) ;
#749 = CARTESIAN_POINT ( 'NONE',  ( 116.0000000000000568, 2.000000000000000000, 151.7500000000000000 ) ) ;
#750 = SPHERICAL_SURFACE ( 'NONE', #3821, 7.500000000000000000 ) ;
#751 = VERTEX_POINT ( 'NONE', #3411 ) ;
#752 = CIRCLE ( 'NONE', #1517, 1.799999999999996048 ) ;
#753 = EDGE_CURVE ( 'NONE', #2736, #3856, #1366, .T. ) ;
#754 = AXIS2_PLACEMENT_3D ( 'NONE', #1600, #2942, #1286 ) ;
#755 = ORIENTED_EDGE ( 'NONE', *, *, #2697, .F. ) ;
#756 = DIRECTION ( 'NONE',  ( 1.214306433183764966E-16, 0.000000000000000000, 1.000000000000000000 ) ) ;
#757 = CARTESIAN_POINT ( 'NONE',  ( 10.00000000000000178, 8.499999999999996447, 105.0000000000000284 ) ) ;
#758 = CARTESIAN_POINT ( 'NONE',  ( 99.00000000000046896, 2.000000000000000000, 112.7499999999999858 ) ) ;
#759 = DIRECTION ( 'NONE',  ( -1.000000000000000000, 0.000000000000000000, 3.524517538492561236E-16 ) ) ;
#760 = EDGE_LOOP ( 'NONE', ( #2052, #2021 ) ) ;
#761 = CYLINDRICAL_SURFACE ( 'NONE', #1915, 7.500000000000007105 ) ;
#762 = CARTESIAN_POINT ( 'NONE',  ( 129.9672618810378140, 6.800000000000010481, 52.99999999999995026 ) ) ;
#763 = ADVANCED_FACE ( 'NONE', ( #2395 ), #2371, .F. ) ;
#764 = EDGE_LOOP ( 'NONE', ( #3205, #788 ) ) ;
#765 = CARTESIAN_POINT ( 'NONE',  ( 47.75000000000003553, 15.69999999999999929, 165.0000000000000000 ) ) ;
#766 = VECTOR ( 'NONE', #3533, 1000.000000000000000 ) ;
#767 = DIRECTION ( 'NONE',  ( 0.000000000000000000, 0.000000000000000000, -1.000000000000000000 ) ) ;
#768 = FACE_OUTER_BOUND ( 'NONE', #2045, .T. ) ;
#769 = UNCERTAINTY_MEASURE_WITH_UNIT (LENGTH_MEASURE( 1.000000000000000082E-05 ), #549, 'distance_accuracy_value', 'NONE');
#770 = CARTESIAN_POINT ( 'NONE',  ( 121.2500000000000568, 24.00000000000000000, 13.99999999999999822 ) ) ;
#771 = CIRCLE ( 'NONE', #1746, 0.7500000000000006661 ) ;
#772 = EDGE_LOOP ( 'NONE', ( #2672, #2797, #903, #2016 ) ) ;
#773 = CIRCLE ( 'NONE', #2666, 1.250000000000001110 ) ;
#774 = VERTEX_POINT ( 'NONE', #3691 ) ;
#775 = DIRECTION ( 'NONE',  ( 0.000000000000000000, 0.000000000000000000, -1.000000000000000000 ) ) ;
#776 = CARTESIAN_POINT ( 'NONE',  ( 0.000000000000000000, 0.000000000000000000, 11.00000000000000000 ) ) ;
#777 = ORIENTED_EDGE ( 'NONE', *, *, #753, .T. ) ;
#778 = LINE ( 'NONE', #3062, #293 ) ;
#779 = AXIS2_PLACEMENT_3D ( 'NONE', #1457, #3201, #4198 ) ;
#780 = DIRECTION ( 'NONE',  ( 0.000000000000000000, 0.000000000000000000, -1.000000000000000000 ) ) ;
#781 = DIRECTION ( 'NONE',  ( 0.000000000000000000, 0.000000000000000000, -1.000000000000000000 ) ) ;
#782 = DIRECTION ( 'NONE',  ( -1.000000000000000000, 0.000000000000000000, 0.000000000000000000 ) ) ;
#783 = AXIS2_PLACEMENT_3D ( 'NONE', #909, #4162, #2904 ) ;
#784 = EDGE_CURVE ( 'NONE', #2061, #2513, #1024, .T. ) ;
#785 = ORIENTED_EDGE ( 'NONE', *, *, #3034, .T. ) ;
#786 = LINE ( 'NONE', #977, #2388 ) ;
#787 = SPHERICAL_SURFACE ( 'NONE', #3083, 7.500000000000000000 ) ;
#788 = ORIENTED_EDGE ( 'NONE', *, *, #1155, .T. ) ;
#789 = DIRECTION ( 'NONE',  ( 0.000000000000000000, 0.000000000000000000, -1.000000000000000000 ) ) ;
#790 = CARTESIAN_POINT ( 'NONE',  ( 96.55000000000006821, 2.999999999999999112, 112.7500000000000142 ) ) ;
#791 = DIRECTION ( 'NONE',  ( 1.365028308965356685E-16, 0.000000000000000000, 1.000000000000000000 ) ) ;
#792 = LINE ( 'NONE', #2750, #3929 ) ;
#793 = ADVANCED_FACE ( 'NONE', ( #3753 ), #3037, .F. ) ;
#794 = ORIENTED_EDGE ( 'NONE', *, *, #3713, .F. ) ;
#795 = ORIENTED_EDGE ( 'NONE', *, *, #3941, .T. ) ;
#796 = CYLINDRICAL_SURFACE ( 'NONE', #2711, 1.799999999999996048 ) ;
#797 = PLANE ( 'NONE',  #3750 ) ;
#798 = ORIENTED_EDGE ( 'NONE', *, *, #1522, .T. ) ;
#799 = CARTESIAN_POINT ( 'NONE',  ( 97.20000000000005969, 2.000000000000000000, 151.7500000000000000 ) ) ;
#800 = CARTESIAN_POINT ( 'NONE',  ( 122.5000000000000426, 27.00000000000000000, 165.0000000000000284 ) ) ;
#801 = CYLINDRICAL_SURFACE ( 'NONE', #1736, 2.250000000000001776 ) ;
#802 = EDGE_CURVE ( 'NONE', #705, #3736, #4036, .T. ) ;
#803 = CARTESIAN_POINT ( 'NONE',  ( 120.0000000000000568, 5.000000000000000888, 149.2500000000000000 ) ) ;
#804 = ORIENTED_EDGE ( 'NONE', *, *, #361, .T. ) ;
#805 = CARTESIAN_POINT ( 'NONE',  ( 116.0000000000000426, 2.999999999999999112, 112.7500000000000142 ) ) ;
#806 = CARTESIAN_POINT ( 'NONE',  ( 108.3302383518161065, 6.799999999999998046, 52.99999999999995737 ) ) ;
#807 = ADVANCED_FACE ( 'NONE', ( #2022 ), #4017, .F. ) ;
#808 = ORIENTED_EDGE ( 'NONE', *, *, #3090, .F. ) ;
#809 = PLANE ( 'NONE',  #4110 ) ;
#810 = VECTOR ( 'NONE', #2622, 1000.000000000000000 ) ;
#811 = DIRECTION ( 'NONE',  ( 0.000000000000000000, 0.000000000000000000, -1.000000000000000000 ) ) ;
#812 = DIRECTION ( 'NONE',  ( 1.000000000000000000, 0.000000000000000000, 0.000000000000000000 ) ) ;
#813 = PLANE ( 'NONE',  #1552 ) ;
#814 = VECTOR ( 'NONE', #2433, 1000.000000000000000 ) ;
#815 = ORIENTED_EDGE ( 'NONE', *, *, #350, .F. ) ;
#816 = CARTESIAN_POINT ( 'NONE',  ( 54.66039415863882311, 19.50000000000000355, 165.0000000000000000 ) ) ;
#817 = CARTESIAN_POINT ( 'NONE',  ( 46.08983275045379457, 19.88792121080681952, 164.9904695089402935 ) ) ;
#818 = CIRCLE ( 'NONE', #1307, 7.500000000000007105 ) ;
#819 = EDGE_CURVE ( 'NONE', #3124, #665, #2686, .T. ) ;
#820 = AXIS2_PLACEMENT_3D ( 'NONE', #3705, #3031, #1751 ) ;
#821 = EDGE_CURVE ( 'NONE', #2609, #3269, #1122, .T. ) ;
#822 = ORIENTED_EDGE ( 'NONE', *, *, #691, .T. ) ;
#823 = PLANE ( 'NONE',  #2203 ) ;
#824 = CIRCLE ( 'NONE', #131, 1.799999999999996048 ) ;
#825 = LINE ( 'NONE', #1834, #2594 ) ;
#826 = CARTESIAN_POINT ( 'NONE',  ( 116.0000000000000426, 15.99999999999999289, 151.7500000000000000 ) ) ;
#827 = DIRECTION ( 'NONE',  ( -0.000000000000000000, -1.000000000000000000, -0.000000000000000000 ) ) ;
#828 = CIRCLE ( 'NONE', #1809, 1.250000000000001110 ) ;
#829 = EDGE_CURVE ( 'NONE', #2736, #1417, #3481, .T. ) ;
#830 = VERTEX_POINT ( 'NONE', #4148 ) ;
#831 = FACE_OUTER_BOUND ( 'NONE', #4284, .T. ) ;
#832 = CARTESIAN_POINT ( 'NONE',  ( 105.2500000000000426, 15.99999999999999645, 155.0000000000000284 ) ) ;
#833 = ORIENTED_EDGE ( 'NONE', *, *, #2129, .F. ) ;
#834 = VECTOR ( 'NONE', #351, 1000.000000000000000 ) ;
#835 = EDGE_CURVE ( 'NONE', #4130, #3434, #2503, .T. ) ;
#836 = FACE_BOUND ( 'NONE', #2807, .T. ) ;
#837 = LINE ( 'NONE', #1442, #1102 ) ;
#838 = DIRECTION ( 'NONE',  ( 3.273063162220403268E-17, 1.000000000000000000, 0.000000000000000000 ) ) ;
#839 = ORIENTED_EDGE ( 'NONE', *, *, #3935, .T. ) ;
#840 = EDGE_CURVE ( 'NONE', #4019, #1243, #2175, .T. ) ;
#841 = AXIS2_PLACEMENT_3D ( 'NONE', #4087, #3512, #3825 ) ;
#842 = PLANE ( 'NONE',  #3762 ) ;
#843 = VECTOR ( 'NONE', #327, 1000.000000000000000 ) ;
#844 = DIRECTION ( 'NONE',  ( 0.000000000000000000, 0.000000000000000000, -1.000000000000000000 ) ) ;
#845 = VECTOR ( 'NONE', #3594, 1000.000000000000000 ) ;
#846 = ORIENTED_EDGE ( 'NONE', *, *, #475, .T. ) ;
#847 = DIRECTION ( 'NONE',  ( -1.000000000000000000, 0.000000000000000000, 0.000000000000000000 ) ) ;
#848 = FACE_OUTER_BOUND ( 'NONE', #317, .T. ) ;
#849 = ADVANCED_FACE ( 'NONE', ( #512 ), #1449, .F. ) ;
#850 = LINE ( 'NONE', #2181, #3908 ) ;
#851 = DIRECTION ( 'NONE',  ( 0.000000000000000000, 0.000000000000000000, -1.000000000000000000 ) ) ;
#852 = VERTEX_POINT ( 'NONE', #531 ) ;
#853 = ORIENTED_EDGE ( 'NONE', *, *, #1529, .T. ) ;
#854 = LINE ( 'NONE', #1838, #1198 ) ;
#855 = AXIS2_PLACEMENT_3D ( 'NONE', #3829, #214, #1239 ) ;
#856 = ORIENTED_EDGE ( 'NONE', *, *, #669, .T. ) ;
#857 = DIRECTION ( 'NONE',  ( -1.000000000000000000, 0.000000000000000000, 0.000000000000000000 ) ) ;
#858 = VECTOR ( 'NONE', #2445, 1000.000000000000000 ) ;
#859 = AXIS2_PLACEMENT_3D ( 'NONE', #666, #4326, #1344 ) ;
#860 = ORIENTED_EDGE ( 'NONE', *, *, #2398, .T. ) ;
#861 = AXIS2_PLACEMENT_3D ( 'NONE', #4302, #1633, #644 ) ;
#862 = DIRECTION ( 'NONE',  ( 1.000000000000000000, 0.000000000000000000, 0.000000000000000000 ) ) ;
#863 = CARTESIAN_POINT ( 'NONE',  ( 124.7500000000000568, 7.750000000000003553, 27.01011938817844538 ) ) ;
#864 = CARTESIAN_POINT ( 'NONE',  ( 100.7828797932550060, 19.84941036419352045, 164.9999999999999432 ) ) ;
#865 = PRODUCT_CONTEXT ( 'NONE', #1505, 'mechanical' ) ;
#866 = ORIENTED_EDGE ( 'NONE', *, *, #380, .F. ) ;
#867 = DIRECTION ( 'NONE',  ( -0.000000000000000000, 1.000000000000000000, 0.000000000000000000 ) ) ;
#868 = LINE ( 'NONE', #1252, #2916 ) ;
#869 = ADVANCED_FACE ( 'NONE', ( #2527 ), #796, .F. ) ;
#870 = ADVANCED_FACE ( 'NONE', ( #1144 ), #2212, .T. ) ;
#871 = ORIENTED_EDGE ( 'NONE', *, *, #879, .T. ) ;
#872 = CYLINDRICAL_SURFACE ( 'NONE', #2345, 1.799999999999996048 ) ;
#873 = DIRECTION ( 'NONE',  ( -0.000000000000000000, 1.000000000000000000, -0.000000000000000000 ) ) ;
#874 = LINE ( 'NONE', #2158, #4191 ) ;
#875 = CARTESIAN_POINT ( 'NONE',  ( 127.0000000000000568, 2.999999999999999112, 17.50000000000000000 ) ) ;
#876 = EDGE_LOOP ( 'NONE', ( #2472, #2844, #511, #2559 ) ) ;
#877 = CARTESIAN_POINT ( 'NONE',  ( 99.00000000000005684, 0.000000000000000000, 149.5000000000000000 ) ) ;
#878 = DIRECTION ( 'NONE',  ( -3.524517538492560743E-16, 0.000000000000000000, -1.000000000000000000 ) ) ;
#879 = EDGE_CURVE ( 'NONE', #1428, #95, #818, .T. ) ;
#880 = ORIENTED_EDGE ( 'NONE', *, *, #879, .F. ) ;
#881 = VERTEX_POINT ( 'NONE', #2193 ) ;
#882 = CARTESIAN_POINT ( 'NONE',  ( 111.0000000000000711, 18.00000000000000355, 14.49999999999999822 ) ) ;
#883 = CARTESIAN_POINT ( 'NONE',  ( 95.00000000000005684, 24.00000000000000000, 115.2500000000000000 ) ) ;
#884 = CARTESIAN_POINT ( 'NONE',  ( 124.7500000000000568, 16.00000000000000000, 13.99999999999999822 ) ) ;
#885 = LINE ( 'NONE', #2924, #158 ) ;
#886 = CIRCLE ( 'NONE', #3397, 1.250000000000001110 ) ;
#887 = ORIENTED_EDGE ( 'NONE', *, *, #908, .F. ) ;
#888 = EDGE_CURVE ( 'NONE', #4011, #2370, #2551, .T. ) ;
#889 = DIRECTION ( 'NONE',  ( 3.273063162220403268E-17, 1.000000000000000000, 0.000000000000000000 ) ) ;
#890 = CARTESIAN_POINT ( 'NONE',  ( 130.0000000000000284, 7.699999999999996625, 49.49999999999995026 ) ) ;
#891 = CIRCLE ( 'NONE', #2918, 1.799999999999996048 ) ;
#892 = AXIS2_PLACEMENT_3D ( 'NONE', #3280, #3648, #4317 ) ;
#893 = ORIENTED_EDGE ( 'NONE', *, *, #1288, .F. ) ;
#894 = ADVANCED_FACE ( 'NONE', ( #552, #3219 ), #842, .F. ) ;
#895 = CARTESIAN_POINT ( 'NONE',  ( 116.0000000000000426, 15.99999999999999289, 151.7500000000000000 ) ) ;
#896 = DIRECTION ( 'NONE',  ( 0.000000000000000000, -1.000000000000000000, 0.000000000000000000 ) ) ;
#897 = DIRECTION ( 'NONE',  ( 3.273063162220403268E-17, 1.000000000000000000, -0.000000000000000000 ) ) ;
#898 = ORIENTED_EDGE ( 'NONE', *, *, #2608, .F. ) ;
#899 = FACE_BOUND ( 'NONE', #1415, .T. ) ;
#900 = DIRECTION ( 'NONE',  ( 1.000000000000000000, -0.000000000000000000, -0.000000000000000000 ) ) ;
#901 = VECTOR ( 'NONE', #3474, 1000.000000000000000 ) ;
#902 = B_SPLINE_CURVE_WITH_KNOTS ( 'NONE', 3,
 ( #2396, #1450, #1145, #2799, #817, #378, #3437, #1808 ),
 .UNSPECIFIED., .F., .F.,
 ( 4, 2, 2, 4 ),
 ( 0.000000000000000000, 0.001266530951720206853, 0.001899796427580317977, 0.002533061903440429318 ),
 .UNSPECIFIED. ) ;
#903 = ORIENTED_EDGE ( 'NONE', *, *, #682, .T. ) ;
#904 = ORIENTED_EDGE ( 'NONE', *, *, #3071, .T. ) ;
#905 = LINE ( 'NONE', #1948, #3500 ) ;
#906 = CARTESIAN_POINT ( 'NONE',  ( 97.75000000000005684, 15.99999999999999645, 151.7500000000000000 ) ) ;
#907 = DIRECTION ( 'NONE',  ( 0.000000000000000000, -0.2419218955996621512, -0.9702957262759978052 ) ) ;
#908 = EDGE_CURVE ( 'NONE', #269, #1015, #1870, .T. ) ;
#909 = CARTESIAN_POINT ( 'NONE',  ( 116.0000000000004690, 0.000000000000000000, 112.7499999999999858 ) ) ;
#910 = VECTOR ( 'NONE', #4075, 1000.000000000000000 ) ;
#911 = ORIENTED_EDGE ( 'NONE', *, *, #1626, .F. ) ;
#912 = DIRECTION ( 'NONE',  ( -1.000000000000000000, 0.000000000000000000, -2.413528314402514090E-16 ) ) ;
#913 = DIRECTION ( 'NONE',  ( -1.000000000000000000, 0.000000000000000000, 0.000000000000000000 ) ) ;
#914 = ORIENTED_EDGE ( 'NONE', *, *, #3963, .F. ) ;
#915 = DIRECTION ( 'NONE',  ( 0.000000000000000000, 0.000000000000000000, 1.000000000000000000 ) ) ;
#916 = CARTESIAN_POINT ( 'NONE',  ( 2.800000000000004263, 20.71126983722079729, 2.200000000000028599 ) ) ;
#917 = VECTOR ( 'NONE', #907, 1000.000000000000114 ) ;
#918 = ORIENTED_EDGE ( 'NONE', *, *, #2413, .F. ) ;
#919 = DIRECTION ( 'NONE',  ( -1.734723475976807094E-15, 1.000000000000000000, -0.000000000000000000 ) ) ;
#920 = DIRECTION ( 'NONE',  ( -1.359833964136428323E-16, -0.08715574274766621499, -0.9961946980917448791 ) ) ;
#921 = ORIENTED_EDGE ( 'NONE', *, *, #3182, .F. ) ;
#922 = ORIENTED_EDGE ( 'NONE', *, *, #2156, .F. ) ;
#923 = CARTESIAN_POINT ( 'NONE',  ( 10.00000000000000000, 4.999999999999997335, 0.000000000000000000 ) ) ;
#924 = CARTESIAN_POINT ( 'NONE',  ( 77.25000000000005684, 14.75000000000000000, 163.0000000000000000 ) ) ;
#925 = CIRCLE ( 'NONE', #3378, 2.200000000000000178 ) ;
#926 = DIRECTION ( 'NONE',  ( -1.000000000000000000, 0.000000000000000000, 0.000000000000000000 ) ) ;
#927 = ORIENTED_EDGE ( 'NONE', *, *, #980, .F. ) ;
#928 = EDGE_LOOP ( 'NONE', ( #565, #401 ) ) ;
#929 = PLANE ( 'NONE',  #2284 ) ;
#930 = LINE ( 'NONE', #890, #33 ) ;
#931 = ADVANCED_FACE ( 'NONE', ( #1211 ), #3882, .F. ) ;
#932 = VERTEX_POINT ( 'NONE', #2842 ) ;
#933 = CARTESIAN_POINT ( 'NONE',  ( 111.0000000000000568, 24.00000000000000000, 14.49999999999999822 ) ) ;
#934 = DIRECTION ( 'NONE',  ( 1.000000000000000000, 0.000000000000000000, 0.000000000000000000 ) ) ;
#935 = VERTEX_POINT ( 'NONE', #3240 ) ;
#936 = ORIENTED_EDGE ( 'NONE', *, *, #1191, .F. ) ;
#937 = CARTESIAN_POINT ( 'NONE',  ( 101.4500000000000597, -6.929646455628168056, 112.7500000000000142 ) ) ;
#938 = EDGE_CURVE ( 'NONE', #1405, #68, #3215, .T. ) ;
#939 = CARTESIAN_POINT ( 'NONE',  ( 114.7500000000000426, -6.929646455628168056, 112.7500000000000142 ) ) ;
#940 = ORIENTED_EDGE ( 'NONE', *, *, #156, .T. ) ;
#941 = EDGE_LOOP ( 'NONE', ( #4135, #338, #3060, #1990, #309, #3634, #650, #3039 ) ) ;
#942 = EDGE_CURVE ( 'NONE', #409, #4006, #2822, .T. ) ;
#943 = LINE ( 'NONE', #2966, #400 ) ;
#944 = DIRECTION ( 'NONE',  ( 2.413528314402514090E-16, 0.000000000000000000, -1.000000000000000000 ) ) ;
#945 = CYLINDRICAL_SURFACE ( 'NONE', #698, 4.499999999999997335 ) ;
#946 = ORIENTED_EDGE ( 'NONE', *, *, #3472, .T. ) ;
#947 = CARTESIAN_POINT ( 'NONE',  ( 90.00000000000005684, 4.999999999999997335, 0.000000000000000000 ) ) ;
#948 = CARTESIAN_POINT ( 'NONE',  ( 116.5000000000000568, 24.00000000000000000, 4.500000000000000000 ) ) ;
#949 = CARTESIAN_POINT ( 'NONE',  ( 5.000000000000004441, 22.00000000000000000, 12.00000000000000000 ) ) ;
#950 = ORIENTED_EDGE ( 'NONE', *, *, #2705, .T. ) ;
#951 = CARTESIAN_POINT ( 'NONE',  ( 111.7940785142508986, 24.51955256198978716, 163.0748571692403743 ) ) ;
#952 = EDGE_LOOP ( 'NONE', ( #3695, #2531 ) ) ;
#953 = VECTOR ( 'NONE', #495, 1000.000000000000000 ) ;
#954 = EDGE_CURVE ( 'NONE', #2685, #748, #560, .T. ) ;
#955 = VECTOR ( 'NONE', #3010, 1000.000000000000000 ) ;
#956 = ORIENTED_EDGE ( 'NONE', *, *, #2757, .T. ) ;
#957 = DIRECTION ( 'NONE',  ( 3.273063162220403268E-17, 1.000000000000000000, -0.000000000000000000 ) ) ;
#958 = CARTESIAN_POINT ( 'NONE',  ( 96.55000000000006821, -6.929646455628168056, 151.7500000000000000 ) ) ;
#959 = ORIENTED_EDGE ( 'NONE', *, *, #1586, .T. ) ;
#960 = ORIENTED_EDGE ( 'NONE', *, *, #821, .T. ) ;
#961 = DIRECTION ( 'NONE',  ( 1.365028308965356439E-16, 0.000000000000000000, 1.000000000000000000 ) ) ;
#962 = AXIS2_PLACEMENT_3D ( 'NONE', #2657, #2928, #2907 ) ;
#963 = CARTESIAN_POINT ( 'NONE',  ( 99.00000000000005684, -6.929646455628168056, 112.7500000000000142 ) ) ;
#964 = CARTESIAN_POINT ( 'NONE',  ( 109.7500000000000426, 20.50000000000000000, 155.0000000000000284 ) ) ;
#965 = AXIS2_PLACEMENT_3D ( 'NONE', #3958, #3579, #1621 ) ;
#966 = EDGE_CURVE ( 'NONE', #2694, #1355, #1605, .T. ) ;
#967 = ORIENTED_EDGE ( 'NONE', *, *, #3264, .F. ) ;
#968 = LINE ( 'NONE', #3303, #1368 ) ;
#969 = CARTESIAN_POINT ( 'NONE',  ( 114.2000000000000455, -5.091168824543132132, 112.7500000000000142 ) ) ;
#970 = CARTESIAN_POINT ( 'NONE',  ( 109.7500000000000426, 20.50000000000000000, 138.7750192604120514 ) ) ;
#971 = EDGE_LOOP ( 'NONE', ( #398, #4251, #918, #163 ) ) ;
#972 = CIRCLE ( 'NONE', #1602, 5.750000000000005329 ) ;
#973 = CARTESIAN_POINT ( 'NONE',  ( 127.0000000000000568, 2.999999999999999112, 0.000000000000000000 ) ) ;
#974 = CARTESIAN_POINT ( 'NONE',  ( 74.75000000000004263, 14.75000000000000000, 163.0000000000000000 ) ) ;
#975 = ORIENTED_EDGE ( 'NONE', *, *, #1942, .T. ) ;
#976 = AXIS2_PLACEMENT_3D ( 'NONE', #1589, #1520, #4265 ) ;
#977 = CARTESIAN_POINT ( 'NONE',  ( 118.4500000000000455, -6.929646455628168056, 151.7500000000000000 ) ) ;
#978 = CARTESIAN_POINT ( 'NONE',  ( 114.2500000000000426, 24.00000000000000000, 155.0000000000000284 ) ) ;
#979 = AXIS2_PLACEMENT_3D ( 'NONE', #964, #1925, #3920 ) ;
#980 = EDGE_CURVE ( 'NONE', #1732, #3735, #2859, .T. ) ;
#981 = ORIENTED_EDGE ( 'NONE', *, *, #1445, .T. ) ;
#982 = VERTEX_POINT ( 'NONE', #250 ) ;
#983 = CARTESIAN_POINT ( 'NONE',  ( 101.4500000000000597, 15.99999999999999645, 112.7500000000000142 ) ) ;
#984 = CARTESIAN_POINT ( 'NONE',  ( 122.5000000000000426, 19.50000000000000000, 157.5000000000000000 ) ) ;
#985 = DIRECTION ( 'NONE',  ( 1.000000000000000000, 0.000000000000000000, 0.000000000000000000 ) ) ;
#986 = ORIENTED_EDGE ( 'NONE', *, *, #3931, .F. ) ;
#987 = CARTESIAN_POINT ( 'NONE',  ( 3.711269837220826595, 24.20000000000001705, 1.288730162779205157 ) ) ;
#988 = ADVANCED_FACE ( 'NONE', ( #2576 ), #2597, .T. ) ;
#989 = FACE_OUTER_BOUND ( 'NONE', #876, .T. ) ;
#990 = AXIS2_PLACEMENT_3D ( 'NONE', #1876, #3227, #1549 ) ;
#991 = FACE_OUTER_BOUND ( 'NONE', #1817, .T. ) ;
#992 = AXIS2_PLACEMENT_3D ( 'NONE', #3544, #246, #1577 ) ;
#993 = ORIENTED_EDGE ( 'NONE', *, *, #2368, .F. ) ;
#994 = VECTOR ( 'NONE', #578, 1000.000000000000000 ) ;
#995 = CARTESIAN_POINT ( 'NONE',  ( 1.561251128379126385E-14, 19.49999999999999645, 157.5000000000000000 ) ) ;
#996 = DIRECTION ( 'NONE',  ( -1.000000000000000000, 0.000000000000000000, 0.000000000000000000 ) ) ;
#997 = EDGE_CURVE ( 'NONE', #3666, #3709, #1273, .T. ) ;
#998 = EDGE_LOOP ( 'NONE', ( #2600, #367, #335, #362, #712, #2890 ) ) ;
#999 = CARTESIAN_POINT ( 'NONE',  ( 109.7500000000000426, 20.50000000000000000, 138.7750192604120514 ) ) ;
#1000 = DIRECTION ( 'NONE',  ( 0.000000000000000000, -0.000000000000000000, 1.000000000000000000 ) ) ;
#1001 = ORIENTED_EDGE ( 'NONE', *, *, #691, .F. ) ;
#1002 = VERTEX_POINT ( 'NONE', #947 ) ;
#1003 = DIRECTION ( 'NONE',  ( 1.000000000000000000, 0.000000000000000000, -3.524517538492561236E-16 ) ) ;
#1004 = CYLINDRICAL_SURFACE ( 'NONE', #2029, 4.499999999999997335 ) ;
#1005 = EDGE_CURVE ( 'NONE', #2060, #1279, #752, .T. ) ;
#1006 = ADVANCED_FACE ( 'NONE', ( #1563 ), #3667, .F. ) ;
#1007 = ORIENTED_EDGE ( 'NONE', *, *, #539, .F. ) ;
#1008 = CARTESIAN_POINT ( 'NONE',  ( 6.063312881716255236E-16, 7.500000000000000000, 5.000000000000031974 ) ) ;
#1009 = FACE_OUTER_BOUND ( 'NONE', #2268, .T. ) ;
#1010 = DIRECTION ( 'NONE',  ( -1.000000000000000000, 0.000000000000000000, 0.000000000000000000 ) ) ;
#1011 = ADVANCED_FACE ( 'NONE', ( #1251 ), #1581, .F. ) ;
#1012 = ORIENTED_EDGE ( 'NONE', *, *, #1501, .F. ) ;
#1013 = DIRECTION ( 'NONE',  ( 3.524517538492560743E-16, 0.000000000000000000, 1.000000000000000000 ) ) ;
#1014 = DIRECTION ( 'NONE',  ( 0.000000000000000000, 0.000000000000000000, -1.000000000000000000 ) ) ;
#1015 = VERTEX_POINT ( 'NONE', #228 ) ;
#1016 = ADVANCED_FACE ( 'NONE', ( #4297, #592 ), #929, .T. ) ;
#1017 = ORIENTED_EDGE ( 'NONE', *, *, #2892, .T. ) ;
#1018 = VECTOR ( 'NONE', #2908, 1000.000000000000000 ) ;
#1019 = CARTESIAN_POINT ( 'NONE',  ( 100.2500000000000568, 15.99999999999999645, 151.7500000000000000 ) ) ;
#1020 = CARTESIAN_POINT ( 'NONE',  ( 95.00000000000004263, 27.00000000000000000, 149.2500000000000000 ) ) ;
#1021 = AXIS2_PLACEMENT_3D ( 'NONE', #2190, #488, #812 ) ;
#1022 = ORIENTED_EDGE ( 'NONE', *, *, #2820, .F. ) ;
#1023 = ORIENTED_EDGE ( 'NONE', *, *, #1737, .F. ) ;
#1024 = CIRCLE ( 'NONE', #673, 2.449999999999993960 ) ;
#1025 = CYLINDRICAL_SURFACE ( 'NONE', #2305, 7.500000000000034639 ) ;
#1026 = VECTOR ( 'NONE', #1352, 1000.000000000000000 ) ;
#1027 = ORIENTED_EDGE ( 'NONE', *, *, #443, .F. ) ;
#1028 = DIRECTION ( 'NONE',  ( 0.000000000000000000, -1.000000000000000000, 0.000000000000000000 ) ) ;
#1029 = EDGE_CURVE ( 'NONE', #1851, #1342, #1228, .T. ) ;
#1030 = DIRECTION ( 'NONE',  ( 0.000000000000000000, 0.000000000000000000, -1.000000000000000000 ) ) ;
#1031 = CARTESIAN_POINT ( 'NONE',  ( 111.0000000000000711, 18.00000000000000355, 4.500000000000000000 ) ) ;
#1032 = DIRECTION ( 'NONE',  ( -1.000000000000000000, -2.312964634635743450E-15, 0.000000000000000000 ) ) ;
#1033 = CIRCLE ( 'NONE', #1451, 7.500000000000007105 ) ;
#1034 = ORIENTED_EDGE ( 'NONE', *, *, #3008, .F. ) ;
#1035 = FACE_OUTER_BOUND ( 'NONE', #718, .T. ) ;
#1036 = CARTESIAN_POINT ( 'NONE',  ( 5.000000000000032863, 2.800000000000000266, 0.000000000000000000 ) ) ;
#1037 = ORIENTED_EDGE ( 'NONE', *, *, #3467, .T. ) ;
#1038 = AXIS2_PLACEMENT_3D ( 'NONE', #1130, #1107, #3784 ) ;
#1039 = ORIENTED_EDGE ( 'NONE', *, *, #2129, .T. ) ;
#1040 = DIRECTION ( 'NONE',  ( 0.000000000000000000, 0.000000000000000000, -1.000000000000000000 ) ) ;
#1041 = DIRECTION ( 'NONE',  ( 0.000000000000000000, -1.000000000000000000, 0.000000000000000000 ) ) ;
#1042 = CIRCLE ( 'NONE', #1608, 7.499999999999992895 ) ;
#1043 = ORIENTED_EDGE ( 'NONE', *, *, #2119, .T. ) ;
#1044 = DIRECTION ( 'NONE',  ( -1.000000000000000000, 0.000000000000000000, 3.524517538492557292E-16 ) ) ;
#1045 = AXIS2_PLACEMENT_3D ( 'NONE', #3722, #85, #4026 ) ;
#1046 = DIRECTION ( 'NONE',  ( 0.000000000000000000, -1.000000000000000000, 0.000000000000000000 ) ) ;
#1047 = EDGE_CURVE ( 'NONE', #852, #3895, #4180, .T. ) ;
#1048 = AXIS2_PLACEMENT_3D ( 'NONE', #1967, #649, #1637 ) ;
#1049 = ORIENTED_EDGE ( 'NONE', *, *, #350, .T. ) ;
#1050 = CARTESIAN_POINT ( 'NONE',  ( 124.7500000000000568, 24.00000000000000000, 13.99999999999999822 ) ) ;
#1051 = ORIENTED_EDGE ( 'NONE', *, *, #3171, .T. ) ;
#1052 = FACE_OUTER_BOUND ( 'NONE', #605, .T. ) ;
#1053 = CARTESIAN_POINT ( 'NONE',  ( 7.500000000000016875, 19.50000000000000000, 165.0000000000000000 ) ) ;
#1054 = DIRECTION ( 'NONE',  ( -0.000000000000000000, 1.000000000000000000, -0.000000000000000000 ) ) ;
#1055 = ORIENTED_EDGE ( 'NONE', *, *, #1698, .T. ) ;
#1056 = FACE_OUTER_BOUND ( 'NONE', #4257, .T. ) ;
#1057 = LINE ( 'NONE', #2438, #1437 ) ;
#1058 = ORIENTED_EDGE ( 'NONE', *, *, #3325, .T. ) ;
#1059 = VECTOR ( 'NONE', #2392, 1000.000000000000000 ) ;
#1060 = EDGE_CURVE ( 'NONE', #73, #1828, #968, .T. ) ;
#1061 = VECTOR ( 'NONE', #713, 1000.000000000000000 ) ;
#1062 = ORIENTED_EDGE ( 'NONE', *, *, #3546, .F. ) ;
#1063 = LINE ( 'NONE', #1716, #2180 ) ;
#1064 = CARTESIAN_POINT ( 'NONE',  ( 114.2000000000000455, 2.000000000000000000, 151.7500000000000000 ) ) ;
#1065 = FACE_BOUND ( 'NONE', #3265, .T. ) ;
#1066 = EDGE_CURVE ( 'NONE', #1714, #4250, #4037, .T. ) ;
#1067 = ORIENTED_EDGE ( 'NONE', *, *, #1155, .F. ) ;
#1068 = LINE ( 'NONE', #2449, #2773 ) ;
#1069 = CYLINDRICAL_SURFACE ( 'NONE', #3516, 2.449999999999993960 ) ;
#1070 = ORIENTED_EDGE ( 'NONE', *, *, #3767, .T. ) ;
#1071 = ADVANCED_FACE ( 'NONE', ( #2235 ), #3625, .T. ) ;
#1072 = EDGE_CURVE ( 'NONE', #525, #1885, #3122, .T. ) ;
#1073 = DIRECTION ( 'NONE',  ( -1.000000000000000000, 0.000000000000000000, 0.000000000000000000 ) ) ;
#1074 = CARTESIAN_POINT ( 'NONE',  ( 25.25000000000003908, 14.75000000000000000, 160.0000000000000000 ) ) ;
#1075 = CARTESIAN_POINT ( 'NONE',  ( 5.000000000000032863, 27.00000000000000000, 0.000000000000000000 ) ) ;
#1076 = DIRECTION ( 'NONE',  ( 1.000000000000000000, 0.000000000000000000, 0.000000000000000000 ) ) ;
#1077 = ORIENTED_EDGE ( 'NONE', *, *, #168, .F. ) ;
#1078 = ORIENTED_EDGE ( 'NONE', *, *, #1259, .F. ) ;
#1079 = FACE_OUTER_BOUND ( 'NONE', #1880, .T. ) ;
#1080 = FACE_OUTER_BOUND ( 'NONE', #3517, .T. ) ;
#1081 = ORIENTED_EDGE ( 'NONE', *, *, #3171, .F. ) ;
#1082 = ORIENTED_EDGE ( 'NONE', *, *, #1663, .F. ) ;
#1083 = FACE_OUTER_BOUND ( 'NONE', #606, .T. ) ;
#1084 = LINE ( 'NONE', #2135, #1388 ) ;
#1085 = EDGE_CURVE ( 'NONE', #1453, #3957, #289, .T. ) ;
#1086 = DIRECTION ( 'NONE',  ( -0.000000000000000000, -0.000000000000000000, -1.000000000000000000 ) ) ;
#1087 = CARTESIAN_POINT ( 'NONE',  ( 7.200000000000004619, 22.00000000000000000, 0.000000000000000000 ) ) ;
#1088 = EDGE_LOOP ( 'NONE', ( #2656, #2674, #515, #2404 ) ) ;
#1089 = ORIENTED_EDGE ( 'NONE', *, *, #2519, .F. ) ;
#1090 = CARTESIAN_POINT ( 'NONE',  ( 124.7500000000000568, 16.00000000000000000, 11.00000000000000000 ) ) ;
#1091 = CIRCLE ( 'NONE', #670, 0.7500000000000006661 ) ;
#1092 = EDGE_LOOP ( 'NONE', ( #3046, #3168, #3790, #1806, #936 ) ) ;
#1093 = DIRECTION ( 'NONE',  ( 1.000000000000000000, 0.000000000000000000, 0.000000000000000000 ) ) ;
#1094 = DIRECTION ( 'NONE',  ( -1.000000000000000000, 0.000000000000000000, 0.000000000000000000 ) ) ;
#1095 = CARTESIAN_POINT ( 'NONE',  ( 117.8000000000000398, -5.091168824543132132, 151.7500000000000000 ) ) ;
#1096 = CARTESIAN_POINT ( 'NONE',  ( 120.0000000000000568, 5.000000000000000888, 115.2500000000000000 ) ) ;
#1097 = ORIENTED_EDGE ( 'NONE', *, *, #2593, .F. ) ;
#1098 = EDGE_LOOP ( 'NONE', ( #3451, #3054, #3110, #694 ) ) ;
#1099 = PLANE ( 'NONE',  #1977 ) ;
#1100 = DIRECTION ( 'NONE',  ( 0.000000000000000000, 0.000000000000000000, 1.000000000000000000 ) ) ;
#1101 = ORIENTED_EDGE ( 'NONE', *, *, #2356, .F. ) ;
#1102 = VECTOR ( 'NONE', #3793, 1000.000000000000000 ) ;
#1103 = ADVANCED_FACE ( 'NONE', ( #3404 ), #1704, .F. ) ;
#1104 = VERTEX_POINT ( 'NONE', #2431 ) ;
#1105 = CARTESIAN_POINT ( 'NONE',  ( 99.00000000000005684, 2.999999999999999112, 112.7500000000000142 ) ) ;
#1106 = FACE_OUTER_BOUND ( 'NONE', #2335, .T. ) ;
#1107 = DIRECTION ( 'NONE',  ( -0.000000000000000000, -0.000000000000000000, -1.000000000000000000 ) ) ;
#1108 = CARTESIAN_POINT ( 'NONE',  ( 5.000000000000004441, 22.00000000000000000, 0.000000000000000000 ) ) ;
#1109 = EDGE_LOOP ( 'NONE', ( #1922, #3577 ) ) ;
#1110 = CARTESIAN_POINT ( 'NONE',  ( 99.00000000000005684, -5.091168824543132132, 151.7500000000000000 ) ) ;
#1111 = CARTESIAN_POINT ( 'NONE',  ( 99.00000000000005684, 2.999999999999996003, 151.7500000000000000 ) ) ;
#1112 = EDGE_CURVE ( 'NONE', #1015, #269, #471, .T. ) ;
#1113 = ORIENTED_EDGE ( 'NONE', *, *, #2241, .F. ) ;
#1114 = CARTESIAN_POINT ( 'NONE',  ( 99.00000000000005684, 2.000000000000000000, 149.5000000000000000 ) ) ;
#1115 = VECTOR ( 'NONE', #2092, 1000.000000000000000 ) ;
#1116 = PLANE ( 'NONE',  #2078 ) ;
#1117 = CARTESIAN_POINT ( 'NONE',  ( 124.7500000000000568, 9.250000000000000000, 27.01011938817844538 ) ) ;
#1118 = CARTESIAN_POINT ( 'NONE',  ( 0.000000000000000000, 0.000000000000000000, 17.50000000000000000 ) ) ;
#1119 = ORIENTED_EDGE ( 'NONE', *, *, #3405, .F. ) ;
#1120 = EDGE_CURVE ( 'NONE', #830, #1738, #3687, .T. ) ;
#1121 = VERTEX_POINT ( 'NONE', #2017 ) ;
#1122 = LINE ( 'NONE', #4214, #122 ) ;
#1123 = CARTESIAN_POINT ( 'NONE',  ( 7.200000000000004619, 5.000000000000000000, 12.00000000000000000 ) ) ;
#1124 = ORIENTED_EDGE ( 'NONE', *, *, #1418, .T. ) ;
#1125 = EDGE_CURVE ( 'NONE', #3942, #3557, #3747, .T. ) ;
#1126 = DIRECTION ( 'NONE',  ( 0.000000000000000000, 0.000000000000000000, -1.000000000000000000 ) ) ;
#1127 = ADVANCED_FACE ( 'NONE', ( #1052 ), #1727, .F. ) ;
#1128 = AXIS2_PLACEMENT_3D ( 'NONE', #1815, #827, #3785 ) ;
#1129 = CARTESIAN_POINT ( 'NONE',  ( 122.5000000000000000, 7.500000000000000000, 0.000000000000000000 ) ) ;
#1130 = CARTESIAN_POINT ( 'NONE',  ( 25.25000000000003908, 14.75000000000000000, 163.0000000000000000 ) ) ;
#1131 = CARTESIAN_POINT ( 'NONE',  ( 114.2500000000000426, 5.000000000000000888, 155.0000000000000284 ) ) ;
#1132 = AXIS2_PLACEMENT_3D ( 'NONE', #1226, #1535, #1884 ) ;
#1133 = ORIENTED_EDGE ( 'NONE', *, *, #3133, .F. ) ;
#1134 = CARTESIAN_POINT ( 'NONE',  ( 105.2500000000000426, 25.00000000000000355, 162.5990195135928218 ) ) ;
#1135 = CARTESIAN_POINT ( 'NONE',  ( 116.0000000000000426, 2.999999999999995115, 151.7500000000000000 ) ) ;
#1136 = ORIENTED_EDGE ( 'NONE', *, *, #2339, .F. ) ;
#1137 = EDGE_CURVE ( 'NONE', #3916, #1329, #3073, .T. ) ;
#1138 = DIRECTION ( 'NONE',  ( 2.413528314402514090E-16, 0.000000000000000000, -1.000000000000000000 ) ) ;
#1139 = LINE ( 'NONE', #2654, #49 ) ;
#1140 = CARTESIAN_POINT ( 'NONE',  ( 101.5560229203930334, 23.09018969910571073, 164.0913406804766907 ) ) ;
#1141 = EDGE_CURVE ( 'NONE', #3104, #218, #2080, .T. ) ;
#1142 = FACE_OUTER_BOUND ( 'NONE', #3036, .T. ) ;
#1143 = VERTEX_POINT ( 'NONE', #4013 ) ;
#1144 = FACE_OUTER_BOUND ( 'NONE', #1092, .T. ) ;
#1145 = CARTESIAN_POINT ( 'NONE',  ( 46.90371653875931202, 20.14007997779997083, 164.9735794523727748 ) ) ;
#1146 = EDGE_CURVE ( 'NONE', #491, #3007, #236, .T. ) ;
#1147 = EDGE_LOOP ( 'NONE', ( #2123, #100, #3379, #3403, #833, #3392, #3640, #1441 ) ) ;
#1148 = CARTESIAN_POINT ( 'NONE',  ( 97.75000000000005684, 15.50000000000000000, 32.50000000000000000 ) ) ;
#1149 = CARTESIAN_POINT ( 'NONE',  ( 116.0000000000000568, 2.000000000000000000, 151.7500000000000000 ) ) ;
#1150 = LINE ( 'NONE', #3826, #410 ) ;
#1151 = EDGE_CURVE ( 'NONE', #642, #2108, #2681, .T. ) ;
#1152 = ORIENTED_EDGE ( 'NONE', *, *, #2102, .F. ) ;
#1153 = LINE ( 'NONE', #2491, #2109 ) ;
#1154 = DIRECTION ( 'NONE',  ( -0.000000000000000000, 1.000000000000000000, -0.000000000000000000 ) ) ;
#1155 = EDGE_CURVE ( 'NONE', #1261, #2407, #1938, .T. ) ;
#1156 = EDGE_LOOP ( 'NONE', ( #2130, #1516 ) ) ;
#1157 = CARTESIAN_POINT ( 'NONE',  ( 122.5000000000000142, 7.500000000000000000, 39.99999999999995026 ) ) ;
#1158 = VECTOR ( 'NONE', #3196, 1000.000000000000000 ) ;
#1159 = CARTESIAN_POINT ( 'NONE',  ( 99.00000000000005684, 2.999999999999999112, 151.7500000000000000 ) ) ;
#1160 = CARTESIAN_POINT ( 'NONE',  ( 127.0000000000000568, 7.699999999999996625, 49.49999999999995026 ) ) ;
#1161 = CYLINDRICAL_SURFACE ( 'NONE', #3247, 7.500000000000007105 ) ;
#1162 = AXIS2_PLACEMENT_3D ( 'NONE', #3121, #3385, #2105 ) ;
#1163 = ORIENTED_EDGE ( 'NONE', *, *, #1446, .T. ) ;
#1164 = EDGE_CURVE ( 'NONE', #140, #56, #3278, .T. ) ;
#1165 = CARTESIAN_POINT ( 'NONE',  ( 53.30171574238687526, 20.08052742991712591, 164.9777348721096075 ) ) ;
#1166 = CARTESIAN_POINT ( 'NONE',  ( 0.000000000000000000, 27.00000000000000000, 0.000000000000000000 ) ) ;
#1167 = ORIENTED_EDGE ( 'NONE', *, *, #375, .F. ) ;
#1168 = CARTESIAN_POINT ( 'NONE',  ( 100.7500000000000568, 27.00000000000000000, 109.5000000000000000 ) ) ;
#1169 = AXIS2_PLACEMENT_3D ( 'NONE', #3621, #2984, #2612 ) ;
#1170 = LINE ( 'NONE', #275, #211 ) ;
#1171 = DIRECTION ( 'NONE',  ( 0.000000000000000000, -1.000000000000000000, 0.000000000000000000 ) ) ;
#1172 = CYLINDRICAL_SURFACE ( 'NONE', #2313, 5.750000000000032863 ) ;
#1173 = CIRCLE ( 'NONE', #2083, 4.499999999999997335 ) ;
#1174 = ORIENTED_EDGE ( 'NONE', *, *, #3911, .T. ) ;
#1175 = CARTESIAN_POINT ( 'NONE',  ( 97.75000000000005684, 2.999999999999998224, 32.50000000000000000 ) ) ;
#1176 = EDGE_LOOP ( 'NONE', ( #2042, #3755 ) ) ;
#1177 = DIRECTION ( 'NONE',  ( -0.000000000000000000, -0.000000000000000000, -1.000000000000000000 ) ) ;
#1178 = ORIENTED_EDGE ( 'NONE', *, *, #1191, .T. ) ;
#1179 = AXIS2_PLACEMENT_3D ( 'NONE', #1726, #2454, #701 ) ;
#1180 = DIRECTION ( 'NONE',  ( 0.000000000000000000, 0.000000000000000000, 1.000000000000000000 ) ) ;
#1181 = CARTESIAN_POINT ( 'NONE',  ( 43.25000000000003553, 15.69999999999999929, 165.0000000000000000 ) ) ;
#1182 = CARTESIAN_POINT ( 'NONE',  ( 103.8754482184722292, 24.78823419713720355, 162.8189268797773934 ) ) ;
#1183 = CARTESIAN_POINT ( 'NONE',  ( 2.800000000000004263, 5.000000000000000000, 12.00000000000000000 ) ) ;
#1184 = EDGE_LOOP ( 'NONE', ( #3812, #2969, #257, #433, #3409 ) ) ;
#1185 = CARTESIAN_POINT ( 'NONE',  ( 100.2500000000000568, -6.929646455628168056, 112.7500000000000142 ) ) ;
#1186 = AXIS2_PLACEMENT_3D ( 'NONE', #1135, #1462, #3538 ) ;
#1187 = CARTESIAN_POINT ( 'NONE',  ( 7.500000000000000000, 27.00000000000000000, 0.000000000000000000 ) ) ;
#1188 = AXIS2_PLACEMENT_3D ( 'NONE', #1768, #1345, #4109 ) ;
#1189 = ORIENTED_EDGE ( 'NONE', *, *, #3059, .F. ) ;
#1190 = CARTESIAN_POINT ( 'NONE',  ( 99.00000000000005684, 15.99999999999999645, 112.7500000000000142 ) ) ;
#1191 = EDGE_CURVE ( 'NONE', #2699, #852, #3346, .T. ) ;
#1192 = DIRECTION ( 'NONE',  ( 0.000000000000000000, 0.000000000000000000, 1.000000000000000000 ) ) ;
#1193 = DIRECTION ( 'NONE',  ( -1.000000000000000000, 0.000000000000000000, 0.000000000000000000 ) ) ;
#1194 = LINE ( 'NONE', #3281, #2603 ) ;
#1195 = AXIS2_PLACEMENT_3D ( 'NONE', #1398, #2728, #4123 ) ;
#1196 = VERTEX_POINT ( 'NONE', #4076 ) ;
#1197 = FACE_OUTER_BOUND ( 'NONE', #3414, .T. ) ;
#1198 = VECTOR ( 'NONE', #3851, 1000.000000000000000 ) ;
#1199 = CARTESIAN_POINT ( 'NONE',  ( 22.75000000000004263, 14.75000000000000000, 163.0000000000000000 ) ) ;
#1200 = CIRCLE ( 'NONE', #2041, 4.500000000000003553 ) ;
#1201 = EDGE_CURVE ( 'NONE', #3117, #3765, #1668, .T. ) ;
#1202 = ORIENTED_EDGE ( 'NONE', *, *, #2487, .F. ) ;
#1203 = CIRCLE ( 'NONE', #861, 2.450000000000007727 ) ;
#1204 = ORIENTED_EDGE ( 'NONE', *, *, #127, .T. ) ;
#1205 = CARTESIAN_POINT ( 'NONE',  ( 90.00000000000005684, 22.00000000000000000, 0.000000000000000000 ) ) ;
#1206 = CARTESIAN_POINT ( 'NONE',  ( 10.00000000000001599, 22.00000000000000000, 152.5000000000000000 ) ) ;
#1207 = CARTESIAN_POINT ( 'NONE',  ( 7.500000000000017764, 25.00000000000000355, 162.5990195135927934 ) ) ;
#1208 = DIRECTION ( 'NONE',  ( 1.212662576343243307E-16, -0.000000000000000000, 1.000000000000000000 ) ) ;
#1209 = EDGE_CURVE ( 'NONE', #2282, #2663, #3827, .T. ) ;
#1210 = ORIENTED_EDGE ( 'NONE', *, *, #104, .F. ) ;
#1211 = FACE_OUTER_BOUND ( 'NONE', #481, .T. ) ;
#1212 = LINE ( 'NONE', #1850, #953 ) ;
#1213 = ORIENTED_EDGE ( 'NONE', *, *, #524, .F. ) ;
#1214 = DIRECTION ( 'NONE',  ( 1.000000000000000000, -0.000000000000000000, -0.000000000000000000 ) ) ;
#1215 = DIRECTION ( 'NONE',  ( -0.000000000000000000, 1.000000000000000000, -0.000000000000000000 ) ) ;
#1216 = DIRECTION ( 'NONE',  ( 1.000000000000000000, -0.000000000000000000, 2.413528314402514090E-16 ) ) ;
#1217 = VERTEX_POINT ( 'NONE', #2726 ) ;
#1218 = EDGE_CURVE ( 'NONE', #1831, #1329, #702, .T. ) ;
#1219 = CARTESIAN_POINT ( 'NONE',  ( 121.2500000000000711, 16.00000000000000000, 13.99999999999999822 ) ) ;
#1220 = CARTESIAN_POINT ( 'NONE',  ( 47.75000000000003553, 11.19999999999999751, 170.0000000000000000 ) ) ;
#1221 = ORIENTED_EDGE ( 'NONE', *, *, #3405, .T. ) ;
#1222 = ORIENTED_EDGE ( 'NONE', *, *, #2958, .T. ) ;
#1223 = LINE ( 'NONE', #882, #268 ) ;
#1224 = PLANE ( 'NONE',  #1169 ) ;
#1225 = LINE ( 'NONE', #3879, #2735 ) ;
#1226 = CARTESIAN_POINT ( 'NONE',  ( 122.5000000000000426, 7.500000000000000000, 157.5000000000000000 ) ) ;
#1227 = ORIENTED_EDGE ( 'NONE', *, *, #3061, .F. ) ;
#1228 = LINE ( 'NONE', #3904, #1724 ) ;
#1229 = CARTESIAN_POINT ( 'NONE',  ( 93.00000000000005684, 15.50000000000000000, 31.06922683753910164 ) ) ;
#1230 = VECTOR ( 'NONE', #1214, 1000.000000000000000 ) ;
#1231 = VECTOR ( 'NONE', #3177, 1000.000000000000000 ) ;
#1232 = ORIENTED_EDGE ( 'NONE', *, *, #432, .F. ) ;
#1233 = VECTOR ( 'NONE', #867, 1000.000000000000000 ) ;
#1234 = DIRECTION ( 'NONE',  ( -1.000000000000000000, 0.000000000000000000, 0.000000000000000000 ) ) ;
#1235 = FACE_OUTER_BOUND ( 'NONE', #3521, .T. ) ;
#1236 = EDGE_CURVE ( 'NONE', #175, #2373, #2390, .T. ) ;
#1237 = VECTOR ( 'NONE', #720, 1000.000000000000000 ) ;
#1238 = ORIENTED_EDGE ( 'NONE', *, *, #2633, .T. ) ;
#1239 = DIRECTION ( 'NONE',  ( -1.000000000000000000, 0.000000000000000000, 0.000000000000000000 ) ) ;
#1240 = CARTESIAN_POINT ( 'NONE',  ( 82.50000000000005684, 22.00000000000000000, 160.0000000000000000 ) ) ;
#1241 = AXIS2_PLACEMENT_3D ( 'NONE', #1157, #1881, #199 ) ;
#1242 = ORIENTED_EDGE ( 'NONE', *, *, #2452, .T. ) ;
#1243 = VERTEX_POINT ( 'NONE', #3728 ) ;
#1244 = DIRECTION ( 'NONE',  ( 0.000000000000000000, -0.000000000000000000, 1.000000000000000000 ) ) ;
#1245 = LINE ( 'NONE', #2270, #2791 ) ;
#1246 = CARTESIAN_POINT ( 'NONE',  ( 52.25000000000004263, 15.69999999999999929, 170.0000000000000000 ) ) ;
#1247 = EDGE_CURVE ( 'NONE', #2865, #453, #824, .T. ) ;
#1248 = DIRECTION ( 'NONE',  ( 1.813111952181904349E-16, 0.08715574274766621499, 0.9961946980917448791 ) ) ;
#1249 = VECTOR ( 'NONE', #3099, 1000.000000000000000 ) ;
#1250 = ORIENTED_EDGE ( 'NONE', *, *, #2487, .T. ) ;
#1251 = FACE_OUTER_BOUND ( 'NONE', #4020, .T. ) ;
#1252 = CARTESIAN_POINT ( 'NONE',  ( 97.75000000000005684, 2.999999999999998224, 17.50000000000000000 ) ) ;
#1253 = AXIS2_PLACEMENT_3D ( 'NONE', #3590, #1192, #934 ) ;
#1254 = EDGE_CURVE ( 'NONE', #1677, #2699, #399, .T. ) ;
#1255 = VERTEX_POINT ( 'NONE', #3523 ) ;
#1256 = CARTESIAN_POINT ( 'NONE',  ( 118.4500000000000455, -6.929646455628168056, 112.7500000000000142 ) ) ;
#1257 = FACE_OUTER_BOUND ( 'NONE', #1283, .T. ) ;
#1258 = AXIS2_PLACEMENT_3D ( 'NONE', #611, #1701, #2033 ) ;
#1259 = EDGE_CURVE ( 'NONE', #3639, #2953, #2646, .T. ) ;
#1260 = EDGE_CURVE ( 'NONE', #2177, #4168, #3354, .T. ) ;
#1261 = VERTEX_POINT ( 'NONE', #2455 ) ;
#1262 = LINE ( 'NONE', #937, #1407 ) ;
#1263 = CARTESIAN_POINT ( 'NONE',  ( 43.25000000000003553, 15.69999999999999929, 160.0000000000000000 ) ) ;
#1264 = ORIENTED_EDGE ( 'NONE', *, *, #2626, .T. ) ;
#1265 = VERTEX_POINT ( 'NONE', #137 ) ;
#1266 = CARTESIAN_POINT ( 'NONE',  ( 116.0000000000000426, 15.99999999999999289, 151.7500000000000000 ) ) ;
#1267 = DIRECTION ( 'NONE',  ( -0.000000000000000000, -1.000000000000000000, -0.000000000000000000 ) ) ;
#1268 = AXIS2_PLACEMENT_3D ( 'NONE', #4299, #1707, #659 ) ;
#1269 = CARTESIAN_POINT ( 'NONE',  ( 127.0000000000000568, 16.49999999999995026, 155.0000000000000284 ) ) ;
#1270 = AXIS2_PLACEMENT_3D ( 'NONE', #1454, #3111, #1126 ) ;
#1271 = VERTEX_POINT ( 'NONE', #2498 ) ;
#1272 = EDGE_CURVE ( 'NONE', #2871, #3817, #487, .T. ) ;
#1273 = LINE ( 'NONE', #1929, #3064 ) ;
#1274 = LINE ( 'NONE', #948, #2853 ) ;
#1275 = DIRECTION ( 'NONE',  ( 0.000000000000000000, 0.000000000000000000, -1.000000000000000000 ) ) ;
#1276 = EDGE_LOOP ( 'NONE', ( #1034, #3645, #12, #94 ) ) ;
#1277 = LINE ( 'NONE', #1256, #3103 ) ;
#1278 = FACE_OUTER_BOUND ( 'NONE', #2064, .T. ) ;
#1279 = VERTEX_POINT ( 'NONE', #4160 ) ;
#1280 = CYLINDRICAL_SURFACE ( 'NONE', #2745, 1.799999999999996048 ) ;
#1281 = LINE ( 'NONE', #2627, #2171 ) ;
#1282 = EDGE_CURVE ( 'NONE', #2464, #2651, #1824, .T. ) ;
#1283 = EDGE_LOOP ( 'NONE', ( #3549, #3891, #846, #785 ) ) ;
#1284 = VERTEX_POINT ( 'NONE', #1776 ) ;
#1285 = LINE ( 'NONE', #2590, #3068 ) ;
#1286 = DIRECTION ( 'NONE',  ( -1.000000000000000000, 0.000000000000000000, 0.000000000000000000 ) ) ;
#1287 = CARTESIAN_POINT ( 'NONE',  ( 116.0000000000000426, 2.000000000000000000, 151.7500000000000000 ) ) ;
#1288 = EDGE_CURVE ( 'NONE', #2084, #3428, #266, .T. ) ;
#1289 = VERTEX_POINT ( 'NONE', #3454 ) ;
#1290 = ORIENTED_EDGE ( 'NONE', *, *, #3941, .F. ) ;
#1291 = CARTESIAN_POINT ( 'NONE',  ( 99.00000000000005684, 15.99999999999999645, 112.7500000000000142 ) ) ;
#1292 = LINE ( 'NONE', #969, #3415 ) ;
#1293 = DIRECTION ( 'NONE',  ( 0.000000000000000000, -0.000000000000000000, -1.000000000000000000 ) ) ;
#1294 = ADVANCED_FACE ( 'NONE', ( #3814, #2476 ), #4206, .T. ) ;
#1295 = ORIENTED_EDGE ( 'NONE', *, *, #3374, .F. ) ;
#1296 = CARTESIAN_POINT ( 'NONE',  ( 110.9673089933062045, 24.83483014026775493, 162.7719727517737738 ) ) ;
#1297 = CARTESIAN_POINT ( 'NONE',  ( 95.25000000000005684, 9.250000000000000000, 27.01011938817845959 ) ) ;
#1298 = AXIS2_PLACEMENT_3D ( 'NONE', #707, #3352, #1674 ) ;
#1299 = AXIS2_PLACEMENT_3D ( 'NONE', #3706, #392, #2749 ) ;
#1300 = ORIENTED_EDGE ( 'NONE', *, *, #1338, .F. ) ;
#1301 = FACE_OUTER_BOUND ( 'NONE', #4094, .T. ) ;
#1302 = CARTESIAN_POINT ( 'NONE',  ( 130.0000000000000568, 19.49999999999999645, 157.5000000000000000 ) ) ;
#1303 = EDGE_CURVE ( 'NONE', #3353, #2917, #3243, .T. ) ;
#1304 = VERTEX_POINT ( 'NONE', #200 ) ;
#1305 = ORIENTED_EDGE ( 'NONE', *, *, #802, .F. ) ;
#1306 = LINE ( 'NONE', #3340, #2011 ) ;
#1307 = AXIS2_PLACEMENT_3D ( 'NONE', #2461, #2131, #1807 ) ;
#1308 = CARTESIAN_POINT ( 'NONE',  ( 31.49669082944378573, 2.999999999999999112, 142.0241336884437828 ) ) ;
#1309 = VECTOR ( 'NONE', #4228, 1000.000000000000000 ) ;
#1310 = DIRECTION ( 'NONE',  ( 0.000000000000000000, -1.000000000000000000, 0.000000000000000000 ) ) ;
#1311 = ORIENTED_EDGE ( 'NONE', *, *, #1146, .T. ) ;
#1312 = EDGE_CURVE ( 'NONE', #3289, #1265, #527, .T. ) ;
#1313 = ORIENTED_EDGE ( 'NONE', *, *, #206, .F. ) ;
#1314 = DIRECTION ( 'NONE',  ( -0.000000000000000000, -0.000000000000000000, -1.000000000000000000 ) ) ;
#1315 = CYLINDRICAL_SURFACE ( 'NONE', #4169, 2.499999999999998668 ) ;
#1316 = DIRECTION ( 'NONE',  ( 0.000000000000000000, 0.000000000000000000, 1.000000000000000000 ) ) ;
#1317 = VERTEX_POINT ( 'NONE', #1181 ) ;
#1318 = CARTESIAN_POINT ( 'NONE',  ( 113.1314504646281449, 23.48240349183541653, 163.8598553383074830 ) ) ;
#1319 = CARTESIAN_POINT ( 'NONE',  ( 47.75000000000004263, 20.19999999999999929, 170.0000000000000000 ) ) ;
#1320 = ORIENTED_EDGE ( 'NONE', *, *, #3935, .F. ) ;
#1321 = EDGE_CURVE ( 'NONE', #11, #408, #4182, .T. ) ;
#1322 = ORIENTED_EDGE ( 'NONE', *, *, #1260, .T. ) ;
#1323 = CIRCLE ( 'NONE', #841, 4.499999999999997335 ) ;
#1324 = LINE ( 'NONE', #2979, #2889 ) ;
#1325 = CARTESIAN_POINT ( 'NONE',  ( 5.000000000000032863, 27.00000000000000000, 0.000000000000000000 ) ) ;
#1326 = VECTOR ( 'NONE', #161, 1000.000000000000000 ) ;
#1327 = VECTOR ( 'NONE', #2937, 1000.000000000000000 ) ;
#1328 = VERTEX_POINT ( 'NONE', #1863 ) ;
#1329 = VERTEX_POINT ( 'NONE', #1206 ) ;
#1330 = DIRECTION ( 'NONE',  ( 0.000000000000000000, 1.000000000000000000, 0.000000000000000000 ) ) ;
#1331 = CARTESIAN_POINT ( 'NONE',  ( 108.3302383518161065, 20.19999999999999929, 52.99999999999995737 ) ) ;
#1332 = PLANE ( 'NONE',  #627 ) ;
#1333 = EDGE_CURVE ( 'NONE', #2108, #491, #113, .T. ) ;
#1334 = ORIENTED_EDGE ( 'NONE', *, *, #1878, .T. ) ;
#1335 = DIRECTION ( 'NONE',  ( -0.000000000000000000, -0.000000000000000000, -1.000000000000000000 ) ) ;
#1336 = CARTESIAN_POINT ( 'NONE',  ( 25.25000000000003908, 14.75000000000000000, 163.0000000000000000 ) ) ;
#1337 = CARTESIAN_POINT ( 'NONE',  ( 99.00000000000046896, 2.000000000000000000, 112.7499999999999858 ) ) ;
#1338 = EDGE_CURVE ( 'NONE', #2752, #4158, #837, .T. ) ;
#1339 = ORIENTED_EDGE ( 'NONE', *, *, #3612, .T. ) ;
#1340 = CARTESIAN_POINT ( 'NONE',  ( 113.7736641304646668, 22.53634207412928703, 164.3640649565987815 ) ) ;
#1341 = PLANE ( 'NONE',  #2095 ) ;
#1342 = VERTEX_POINT ( 'NONE', #2793 ) ;
#1343 = ORIENTED_EDGE ( 'NONE', *, *, #2848, .T. ) ;
#1344 = DIRECTION ( 'NONE',  ( 2.312964634635740492E-16, 0.000000000000000000, -1.000000000000000000 ) ) ;
#1345 = DIRECTION ( 'NONE',  ( 0.000000000000000000, 0.000000000000000000, -1.000000000000000000 ) ) ;
#1346 = ADVANCED_FACE ( 'NONE', ( #3858 ), #1116, .F. ) ;
#1347 = ORIENTED_EDGE ( 'NONE', *, *, #3413, .T. ) ;
#1348 = VERTEX_POINT ( 'NONE', #790 ) ;
#1349 = DIRECTION ( 'NONE',  ( 2.413528314402514090E-16, 0.000000000000000000, -1.000000000000000000 ) ) ;
#1350 = ORIENTED_EDGE ( 'NONE', *, *, #3739, .F. ) ;
#1351 = LINE ( 'NONE', #1050, #1249 ) ;
#1352 = DIRECTION ( 'NONE',  ( -0.000000000000000000, 1.000000000000000000, -0.000000000000000000 ) ) ;
#1353 = FACE_BOUND ( 'NONE', #3029, .T. ) ;
#1354 = LINE ( 'NONE', #3968, #2386 ) ;
#1355 = VERTEX_POINT ( 'NONE', #3878 ) ;
#1356 = CARTESIAN_POINT ( 'NONE',  ( 97.75000000000005684, 2.999999999999998224, 22.49999999999996447 ) ) ;
#1357 = FACE_OUTER_BOUND ( 'NONE', #458, .T. ) ;
#1358 = ORIENTED_EDGE ( 'NONE', *, *, #1112, .T. ) ;
#1359 = ORIENTED_EDGE ( 'NONE', *, *, #1813, .T. ) ;
#1360 = EDGE_CURVE ( 'NONE', #932, #3002, #1801, .T. ) ;
#1361 = AXIS2_PLACEMENT_3D ( 'NONE', #645, #3673, #2330 ) ;
#1362 = PLANE ( 'NONE',  #1270 ) ;
#1363 = DIRECTION ( 'NONE',  ( -1.387778780781445676E-16, -0.000000000000000000, -1.000000000000000000 ) ) ;
#1364 = ORIENTED_EDGE ( 'NONE', *, *, #1209, .F. ) ;
#1365 = VERTEX_POINT ( 'NONE', #4143 ) ;
#1366 = CIRCLE ( 'NONE', #2925, 1.250000000000001110 ) ;
#1367 = CARTESIAN_POINT ( 'NONE',  ( 99.00000000000005684, -6.929646455628168056, 151.7500000000000000 ) ) ;
#1368 = VECTOR ( 'NONE', #912, 1000.000000000000000 ) ;
#1369 = EDGE_LOOP ( 'NONE', ( #4041, #808, #798, #2475 ) ) ;
#1370 = AXIS2_PLACEMENT_3D ( 'NONE', #2546, #811, #4120 ) ;
#1371 = EDGE_CURVE ( 'NONE', #370, #376, #1139, .T. ) ;
#1372 = DIRECTION ( 'NONE',  ( 3.524517538492560743E-16, -0.000000000000000000, 1.000000000000000000 ) ) ;
#1373 = ORIENTED_EDGE ( 'NONE', *, *, #3923, .T. ) ;
#1374 = DIRECTION ( 'NONE',  ( 1.212662576343243307E-16, -0.000000000000000000, 1.000000000000000000 ) ) ;
#1375 = DIRECTION ( 'NONE',  ( -1.000000000000000000, 0.000000000000000000, 0.000000000000000000 ) ) ;
#1376 = DIRECTION ( 'NONE',  ( -3.524517538492561236E-16, -0.000000000000000000, -1.000000000000000000 ) ) ;
#1377 = CIRCLE ( 'NONE', #3901, 2.200000000000000178 ) ;
#1378 = VERTEX_POINT ( 'NONE', #924 ) ;
#1379 = DIRECTION ( 'NONE',  ( 0.000000000000000000, -1.000000000000000000, 0.000000000000000000 ) ) ;
#1380 = FACE_OUTER_BOUND ( 'NONE', #4136, .T. ) ;
#1381 = ORIENTED_EDGE ( 'NONE', *, *, #1312, .F. ) ;
#1382 = ADVANCED_FACE ( 'NONE', ( #1972 ), #2251, .F. ) ;
#1383 = ORIENTED_EDGE ( 'NONE', *, *, #2619, .F. ) ;
#1384 = FACE_OUTER_BOUND ( 'NONE', #1968, .T. ) ;
#1385 = PLANE ( 'NONE',  #2888 ) ;
#1386 = ADVANCED_FACE ( 'NONE', ( #4275 ), #2967, .F. ) ;
#1387 = EDGE_CURVE ( 'NONE', #3603, #1104, #1245, .T. ) ;
#1388 = VECTOR ( 'NONE', #3804, 1000.000000000000000 ) ;
#1389 = ORIENTED_EDGE ( 'NONE', *, *, #1902, .F. ) ;
#1390 = CARTESIAN_POINT ( 'NONE',  ( 52.25000000000004263, 20.19999999999999929, 170.0000000000000000 ) ) ;
#1391 = AXIS2_PLACEMENT_3D ( 'NONE', #884, #548, #3236 ) ;
#1392 = CARTESIAN_POINT ( 'NONE',  ( 127.0000000000000568, 6.799999999999998046, 39.99999999999995026 ) ) ;
#1393 = VECTOR ( 'NONE', #1154, 1000.000000000000000 ) ;
#1394 = ORIENTED_EDGE ( 'NONE', *, *, #3597, .T. ) ;
#1395 = CARTESIAN_POINT ( 'NONE',  ( 10.00000000000000000, 22.00000000000000000, 0.000000000000000000 ) ) ;
#1396 = CARTESIAN_POINT ( 'NONE',  ( 1.909943557740608276E-14, 19.50000000000000000, 157.5000000000000000 ) ) ;
#1397 = DIRECTION ( 'NONE',  ( 0.000000000000000000, 0.000000000000000000, -1.000000000000000000 ) ) ;
#1398 = CARTESIAN_POINT ( 'NONE',  ( 99.00000000000005684, 15.99999999999999645, 151.7500000000000000 ) ) ;
#1399 = ORIENTED_EDGE ( 'NONE', *, *, #1445, .F. ) ;
#1400 = ADVANCED_FACE ( 'NONE', ( #222 ), #1224, .F. ) ;
#1401 = ORIENTED_EDGE ( 'NONE', *, *, #55, .T. ) ;
#1402 = AXIS2_PLACEMENT_3D ( 'NONE', #522, #1526, #3873 ) ;
#1403 = DIRECTION ( 'NONE',  ( -1.000000000000000000, 0.000000000000000000, 0.000000000000000000 ) ) ;
#1404 = DIRECTION ( 'NONE',  ( 1.000000000000000000, 0.000000000000000000, 0.000000000000000000 ) ) ;
#1405 = VERTEX_POINT ( 'NONE', #1904 ) ;
#1406 = MECHANICAL_DESIGN_GEOMETRIC_PRESENTATION_REPRESENTATION (  '', ( #3449 ), #1547 ) ;
#1407 = VECTOR ( 'NONE', #603, 1000.000000000000000 ) ;
#1408 = VECTOR ( 'NONE', #4285, 1000.000000000000000 ) ;
#1409 = ORIENTED_EDGE ( 'NONE', *, *, #1236, .T. ) ;
#1410 = DIRECTION ( 'NONE',  ( -0.000000000000000000, 1.000000000000000000, -0.000000000000000000 ) ) ;
#1411 = DIRECTION ( 'NONE',  ( 0.000000000000000000, -0.000000000000000000, -1.000000000000000000 ) ) ;
#1412 = LINE ( 'NONE', #2117, #1951 ) ;
#1413 = CARTESIAN_POINT ( 'NONE',  ( 10.00000000000000000, 22.00000000000000000, 0.000000000000000000 ) ) ;
#1414 = ORIENTED_EDGE ( 'NONE', *, *, #840, .T. ) ;
#1415 = EDGE_LOOP ( 'NONE', ( #3393, #887 ) ) ;
#1416 = DIRECTION ( 'NONE',  ( -1.000000000000000000, 0.000000000000000000, 0.000000000000000000 ) ) ;
#1417 = VERTEX_POINT ( 'NONE', #906 ) ;
#1418 = EDGE_CURVE ( 'NONE', #4250, #3332, #1575, .T. ) ;
#1419 = CARTESIAN_POINT ( 'NONE',  ( 93.00000000000005684, 2.999999999999999112, 17.50000000000001421 ) ) ;
#1420 = CARTESIAN_POINT ( 'NONE',  ( 105.2500000000000426, 25.00000000000000355, 155.0000000000000284 ) ) ;
#1421 = CARTESIAN_POINT ( 'NONE',  ( 127.0000000000000568, 6.799999999999998934, 49.49999999999995026 ) ) ;
#1422 = LINE ( 'NONE', #1096, #360 ) ;
#1423 = VERTEX_POINT ( 'NONE', #1949 ) ;
#1424 = ORIENTED_EDGE ( 'NONE', *, *, #1963, .F. ) ;
#1425 = DIRECTION ( 'NONE',  ( 0.8746197071393926326, -0.000000000000000000, 0.4848096202463428317 ) ) ;
#1426 = DIRECTION ( 'NONE',  ( 0.000000000000000000, -1.000000000000000000, 0.000000000000000000 ) ) ;
#1427 = ORIENTED_EDGE ( 'NONE', *, *, #4005, .F. ) ;
#1428 = VERTEX_POINT ( 'NONE', #285 ) ;
#1429 = CARTESIAN_POINT ( 'NONE',  ( 96.75000000000005684, 7.750000000000002665, 24.30404775527136607 ) ) ;
#1430 = EDGE_CURVE ( 'NONE', #3143, #566, #609, .T. ) ;
#1431 = PLANE ( 'NONE',  #557 ) ;
#1432 = CARTESIAN_POINT ( 'NONE',  ( 5.000000000000004441, 5.000000000000000000, 12.00000000000000000 ) ) ;
#1433 = DIRECTION ( 'NONE',  ( 0.000000000000000000, 0.000000000000000000, -1.000000000000000000 ) ) ;
#1434 = ORIENTED_EDGE ( 'NONE', *, *, #4154, .F. ) ;
#1435 = DIRECTION ( 'NONE',  ( -1.000000000000000000, 0.000000000000000000, 3.524517538492560743E-16 ) ) ;
#1436 = DIRECTION ( 'NONE',  ( -0.000000000000000000, -1.000000000000000000, -0.000000000000000000 ) ) ;
#1437 = VECTOR ( 'NONE', #446, 1000.000000000000000 ) ;
#1438 = ADVANCED_FACE ( 'NONE', ( #1924 ), #244, .T. ) ;
#1439 = ORIENTED_EDGE ( 'NONE', *, *, #4213, .T. ) ;
#1440 = DIRECTION ( 'NONE',  ( -0.000000000000000000, 1.000000000000000000, -0.000000000000000000 ) ) ;
#1441 = ORIENTED_EDGE ( 'NONE', *, *, #997, .F. ) ;
#1442 = CARTESIAN_POINT ( 'NONE',  ( 108.3302383518161065, 6.799999999999998934, 49.49999999999995737 ) ) ;
#1443 = CARTESIAN_POINT ( 'NONE',  ( 10.00000000000000000, 4.999999999999997335, 0.000000000000000000 ) ) ;
#1444 = CARTESIAN_POINT ( 'NONE',  ( 122.2500000000000568, 2.999999999999999112, 32.50000000000000000 ) ) ;
#1445 = EDGE_CURVE ( 'NONE', #1579, #3329, #1872, .T. ) ;
#1446 = EDGE_CURVE ( 'NONE', #2513, #2061, #2013, .T. ) ;
#1447 = ORIENTED_EDGE ( 'NONE', *, *, #1942, .F. ) ;
#1448 = VERTEX_POINT ( 'NONE', #1882 ) ;
#1449 = PLANE ( 'NONE',  #1588 ) ;
#1450 = CARTESIAN_POINT ( 'NONE',  ( 47.32171891171661571, 20.20000000000000284, 164.9672618810378140 ) ) ;
#1451 = AXIS2_PLACEMENT_3D ( 'NONE', #3619, #3983, #2941 ) ;
#1452 = VECTOR ( 'NONE', #1086, 1000.000000000000000 ) ;
#1453 = VERTEX_POINT ( 'NONE', #3235 ) ;
#1454 = CARTESIAN_POINT ( 'NONE',  ( 116.5000000000000568, 18.00000000000000355, 14.49999999999999822 ) ) ;
#1455 = CYLINDRICAL_SURFACE ( 'NONE', #693, 2.250000000000001776 ) ;
#1456 = CARTESIAN_POINT ( 'NONE',  ( 127.0000000000000568, 20.19999999999999929, 52.99999999999995737 ) ) ;
#1457 = CARTESIAN_POINT ( 'NONE',  ( 99.00000000000005684, 2.000000000000000000, 151.7500000000000000 ) ) ;
#1458 = ADVANCED_FACE ( 'NONE', ( #307 ), #1622, .F. ) ;
#1459 = ORIENTED_EDGE ( 'NONE', *, *, #3044, .F. ) ;
#1460 = EDGE_CURVE ( 'NONE', #1378, #3822, #3422, .T. ) ;
#1461 = FACE_OUTER_BOUND ( 'NONE', #725, .T. ) ;
#1462 = DIRECTION ( 'NONE',  ( 3.273063162220403268E-17, 1.000000000000000000, 0.000000000000000000 ) ) ;
#1463 = ORIENTED_EDGE ( 'NONE', *, *, #514, .F. ) ;
#1464 = CARTESIAN_POINT ( 'NONE',  ( 113.5500000000000540, -6.929646455628168056, 151.7500000000000000 ) ) ;
#1465 = DIRECTION ( 'NONE',  ( 0.000000000000000000, 0.000000000000000000, -1.000000000000000000 ) ) ;
#1466 = ADVANCED_FACE ( 'NONE', ( #1557 ), #2902, .T. ) ;
#1467 = CARTESIAN_POINT ( 'NONE',  ( 127.0000000000000568, 24.00000000000000000, 43.85640646055166769 ) ) ;
#1468 = CARTESIAN_POINT ( 'NONE',  ( 99.00000000000005684, 0.000000000000000000, 151.7500000000000000 ) ) ;
#1469 = CIRCLE ( 'NONE', #2450, 1.799999999999996048 ) ;
#1470 = ORIENTED_EDGE ( 'NONE', *, *, #1303, .T. ) ;
#1471 = EDGE_LOOP ( 'NONE', ( #3838, #2502, #1001, #3320, #967 ) ) ;
#1472 = DIRECTION ( 'NONE',  ( -1.000000000000000000, 0.000000000000000000, 0.000000000000000000 ) ) ;
#1473 = LINE ( 'NONE', #3482, #1796 ) ;
#1474 = EDGE_CURVE ( 'NONE', #2187, #982, #1643, .T. ) ;
#1475 = ORIENTED_EDGE ( 'NONE', *, *, #3494, .F. ) ;
#1476 = CARTESIAN_POINT ( 'NONE',  ( 109.7500000000000426, 15.99999999999999645, 155.0000000000000284 ) ) ;
#1477 = AXIS2_PLACEMENT_3D ( 'NONE', #3011, #4015, #1010 ) ;
#1478 = DIRECTION ( 'NONE',  ( 0.000000000000000000, 0.000000000000000000, 1.000000000000000000 ) ) ;
#1479 = EDGE_CURVE ( 'NONE', #1677, #2108, #93, .T. ) ;
#1480 = CARTESIAN_POINT ( 'NONE',  ( 6.063312881716266083E-16, 19.50000000000000000, 5.000000000000031974 ) ) ;
#1481 = LINE ( 'NONE', #875, #1833 ) ;
#1482 = AXIS2_PLACEMENT_3D ( 'NONE', #2548, #1208, #1511 ) ;
#1483 = EDGE_LOOP ( 'NONE', ( #1037, #4147, #959, #4113 ) ) ;
#1484 = FACE_BOUND ( 'NONE', #4063, .T. ) ;
#1485 = CARTESIAN_POINT ( 'NONE',  ( 127.0000000000000568, 15.50000000000000000, 32.50000000000000000 ) ) ;
#1486 = ADVANCED_FACE ( 'NONE', ( #568 ), #406, .F. ) ;
#1487 = VERTEX_POINT ( 'NONE', #2761 ) ;
#1488 = DIRECTION ( 'NONE',  ( -1.000000000000000000, 0.000000000000000000, 0.000000000000000000 ) ) ;
#1489 = ORIENTED_EDGE ( 'NONE', *, *, #1066, .T. ) ;
#1490 = CARTESIAN_POINT ( 'NONE',  ( 124.7500000000000568, 9.250000000000000000, 27.01011938817844538 ) ) ;
#1491 = CARTESIAN_POINT ( 'NONE',  ( 100.9751945895788054, 21.91564526091255516, 164.6022904175420933 ) ) ;
#1492 = ORIENTED_EDGE ( 'NONE', *, *, #2495, .F. ) ;
#1493 = DIRECTION ( 'NONE',  ( 0.000000000000000000, 0.000000000000000000, -1.000000000000000000 ) ) ;
#1494 = DIRECTION ( 'NONE',  ( 0.000000000000000000, 0.000000000000000000, -1.000000000000000000 ) ) ;
#1495 = VERTEX_POINT ( 'NONE', #3491 ) ;
#1496 = DIRECTION ( 'NONE',  ( -1.000000000000000000, 0.000000000000000000, 0.000000000000000000 ) ) ;
#1497 = DIRECTION ( 'NONE',  ( 0.000000000000000000, -1.000000000000000000, 0.000000000000000000 ) ) ;
#1498 = DIRECTION ( 'NONE',  ( 8.734376165021487580E-32, -1.000000000000000000, 2.478176394252585085E-16 ) ) ;
#1499 = VECTOR ( 'NONE', #3140, 1000.000000000000000 ) ;
#1500 = CARTESIAN_POINT ( 'NONE',  ( 122.5000000000000000, 0.000000000000000000, 0.000000000000000000 ) ) ;
#1501 = EDGE_CURVE ( 'NONE', #1217, #1970, #2997, .T. ) ;
#1502 = ORIENTED_EDGE ( 'NONE', *, *, #2173, .F. ) ;
#1503 = CARTESIAN_POINT ( 'NONE',  ( 127.0000000000000568, 2.999999999999999112, 17.50000000000000000 ) ) ;
#1504 = DIRECTION ( 'NONE',  ( -0.000000000000000000, -0.000000000000000000, -1.000000000000000000 ) ) ;
#1505 = APPLICATION_CONTEXT ( 'automotive_design' ) ;
#1506 = ORIENTED_EDGE ( 'NONE', *, *, #375, .T. ) ;
#1507 = CARTESIAN_POINT ( 'NONE',  ( 124.0000000000000568, 9.250000000000000000, 32.50000000000000000 ) ) ;
#1508 = AXIS2_PLACEMENT_3D ( 'NONE', #166, #3530, #184 ) ;
#1509 = CARTESIAN_POINT ( 'NONE',  ( 99.00000000000005684, 2.000000000000000000, 112.7500000000000142 ) ) ;
#1510 = CARTESIAN_POINT ( 'NONE',  ( 101.1584362643987305, 22.38037133295832248, 164.4266787069433917 ) ) ;
#1511 = DIRECTION ( 'NONE',  ( 1.000000000000000000, 0.000000000000000000, -1.212662576343243307E-16 ) ) ;
#1512 = EDGE_CURVE ( 'NONE', #3382, #3828, #4111, .T. ) ;
#1513 = ORIENTED_EDGE ( 'NONE', *, *, #456, .T. ) ;
#1514 = CARTESIAN_POINT ( 'NONE',  ( 7.500000000000018652, 19.50000000000000000, 157.5000000000000000 ) ) ;
#1515 = CYLINDRICAL_SURFACE ( 'NONE', #1655, 4.499999999999997335 ) ;
#1516 = ORIENTED_EDGE ( 'NONE', *, *, #1164, .T. ) ;
#1517 = AXIS2_PLACEMENT_3D ( 'NONE', #1646, #1996, #4259 ) ;
#1518 = FACE_OUTER_BOUND ( 'NONE', #952, .T. ) ;
#1519 = AXIS2_PLACEMENT_3D ( 'NONE', #4313, #3939, #3960 ) ;
#1520 = DIRECTION ( 'NONE',  ( 3.273063162220403268E-17, 1.000000000000000000, 0.000000000000000000 ) ) ;
#1521 = DIRECTION ( 'NONE',  ( 3.273063162220403268E-17, 1.000000000000000000, 0.000000000000000000 ) ) ;
#1522 = EDGE_CURVE ( 'NONE', #2895, #3117, #77, .T. ) ;
#1523 = CARTESIAN_POINT ( 'NONE',  ( 129.9672618810377855, 6.799999999999998934, 43.49999999999995026 ) ) ;
#1524 = VECTOR ( 'NONE', #507, 1000.000000000000000 ) ;
#1525 = EDGE_LOOP ( 'NONE', ( #631, #3389 ) ) ;
#1526 = DIRECTION ( 'NONE',  ( 3.273063162220403268E-17, 1.000000000000000000, 0.000000000000000000 ) ) ;
#1527 = DIRECTION ( 'NONE',  ( -0.000000000000000000, -0.000000000000000000, -1.000000000000000000 ) ) ;
#1528 = ADVANCED_FACE ( 'NONE', ( #3419 ), #1664, .T. ) ;
#1529 = EDGE_CURVE ( 'NONE', #1378, #3382, #326, .T. ) ;
#1530 = ORIENTED_EDGE ( 'NONE', *, *, #3725, .F. ) ;
#1531 = AXIS2_PLACEMENT_3D ( 'NONE', #1331, #429, #1003 ) ;
#1532 = FACE_BOUND ( 'NONE', #1156, .T. ) ;
#1533 = CARTESIAN_POINT ( 'NONE',  ( 116.0000000000000426, 15.99999999999999289, 112.7500000000000142 ) ) ;
#1534 = CARTESIAN_POINT ( 'NONE',  ( 100.9242366408046081, 21.75182596260017931, 164.6560592509336232 ) ) ;
#1535 = DIRECTION ( 'NONE',  ( 0.000000000000000000, 1.000000000000000000, 0.000000000000000000 ) ) ;
#1536 = ORIENTED_EDGE ( 'NONE', *, *, #2554, .T. ) ;
#1537 = CIRCLE ( 'NONE', #3986, 2.250000000000001776 ) ;
#1538 = DIRECTION ( 'NONE',  ( -1.000000000000000000, 0.000000000000000000, 3.524517538492560743E-16 ) ) ;
#1539 = AXIS2_PLACEMENT_3D ( 'NONE', #3363, #2923, #3643 ) ;
#1540 = CARTESIAN_POINT ( 'NONE',  ( 127.0000000000000568, 6.799999999999998934, 49.49999999999995737 ) ) ;
#1541 = ADVANCED_FACE ( 'NONE', ( #3135 ), #3159, .F. ) ;
#1542 = VECTOR ( 'NONE', #1177, 1000.000000000000000 ) ;
#1543 = EDGE_LOOP ( 'NONE', ( #2935, #695, #1506, #437, #3334, #1712 ) ) ;
#1544 = LINE ( 'NONE', #1148, #3889 ) ;
#1545 = CYLINDRICAL_SURFACE ( 'NONE', #1820, 0.7500000000000006661 ) ;
#1546 = DIRECTION ( 'NONE',  ( 1.000000000000000000, -0.000000000000000000, -0.000000000000000000 ) ) ;
#1547 =( GEOMETRIC_REPRESENTATION_CONTEXT ( 3 ) GLOBAL_UNCERTAINTY_ASSIGNED_CONTEXT ( ( #462 ) ) GLOBAL_UNIT_ASSIGNED_CONTEXT ( ( #3870, #594, #3535 ) ) REPRESENTATION_CONTEXT ( 'NONE', 'WORKASPACE' ) );
#1548 = VERTEX_POINT ( 'NONE', #2467 ) ;
#1549 = DIRECTION ( 'NONE',  ( -1.000000000000000000, 0.000000000000000000, 3.524517538492561236E-16 ) ) ;
#1550 = AXIS2_PLACEMENT_3D ( 'NONE', #302, #278, #1657 ) ;
#1551 = FACE_BOUND ( 'NONE', #2279, .T. ) ;
#1552 = AXIS2_PLACEMENT_3D ( 'NONE', #3505, #489, #3052 ) ;
#1553 = ORIENTED_EDGE ( 'NONE', *, *, #2593, .T. ) ;
#1554 = CIRCLE ( 'NONE', #2679, 1.250000000000001110 ) ;
#1555 = ORIENTED_EDGE ( 'NONE', *, *, #1333, .T. ) ;
#1556 = CARTESIAN_POINT ( 'NONE',  ( 127.0000000000000568, 2.999999999999999112, 194.9624824053761643 ) ) ;
#1557 = FACE_OUTER_BOUND ( 'NONE', #2414, .T. ) ;
#1558 = CARTESIAN_POINT ( 'NONE',  ( 101.0921651591186787, 22.22928373544196035, 164.4877665597192617 ) ) ;
#1559 = CARTESIAN_POINT ( 'NONE',  ( 118.4500000000000455, 15.99999999999999289, 112.7500000000000142 ) ) ;
#1560 = ADVANCED_FACE ( 'NONE', ( #1766 ), #3466, .T. ) ;
#1561 = EDGE_LOOP ( 'NONE', ( #4101, #3041 ) ) ;
#1562 = ADVANCED_FACE ( 'NONE', ( #3760 ), #801, .F. ) ;
#1563 = FACE_OUTER_BOUND ( 'NONE', #726, .T. ) ;
#1564 = CARTESIAN_POINT ( 'NONE',  ( 7.500000000000016875, 19.50000000000000000, 165.0000000000000000 ) ) ;
#1565 = EDGE_LOOP ( 'NONE', ( #3850, #2051 ) ) ;
#1566 = CARTESIAN_POINT ( 'NONE',  ( 130.0000000000000000, 19.49999999999999645, 0.000000000000000000 ) ) ;
#1567 = DIRECTION ( 'NONE',  ( -1.000000000000000000, 0.000000000000000000, 0.000000000000000000 ) ) ;
#1568 = ADVANCED_FACE ( 'NONE', ( #128 ), #3443, .F. ) ;
#1569 = ORIENTED_EDGE ( 'NONE', *, *, #240, .T. ) ;
#1570 = DIRECTION ( 'NONE',  ( -0.000000000000000000, 1.000000000000000000, -0.000000000000000000 ) ) ;
#1571 = DIRECTION ( 'NONE',  ( 0.000000000000000000, 0.000000000000000000, -1.000000000000000000 ) ) ;
#1572 = EDGE_LOOP ( 'NONE', ( #860, #1049 ) ) ;
#1573 = ORIENTED_EDGE ( 'NONE', *, *, #591, .F. ) ;
#1574 = CARTESIAN_POINT ( 'NONE',  ( 5.000000000000004441, 5.000000000000000000, 0.000000000000000000 ) ) ;
#1575 = LINE ( 'NONE', #883, #2149 ) ;
#1576 = DIRECTION ( 'NONE',  ( 1.000000000000000000, 0.000000000000000000, -1.820037745287141918E-16 ) ) ;
#1577 = DIRECTION ( 'NONE',  ( -1.000000000000000000, 0.000000000000000000, 0.000000000000000000 ) ) ;
#1578 = EDGE_CURVE ( 'NONE', #3656, #3269, #972, .T. ) ;
#1579 = VERTEX_POINT ( 'NONE', #2676 ) ;
#1580 = AXIS2_PLACEMENT_3D ( 'NONE', #4190, #2577, #913 ) ;
#1581 = CYLINDRICAL_SURFACE ( 'NONE', #2077, 2.250000000000001776 ) ;
#1582 = CARTESIAN_POINT ( 'NONE',  ( 129.9672618810377855, 20.19999999999999929, 39.99999999999995026 ) ) ;
#1583 = AXIS2_PLACEMENT_3D ( 'NONE', #448, #1786, #2803 ) ;
#1584 = ADVANCED_FACE ( 'NONE', ( #4009 ), #102, .F. ) ;
#1585 = CIRCLE ( 'NONE', #3208, 1.250000000000001110 ) ;
#1586 = EDGE_CURVE ( 'NONE', #1487, #3862, #733, .T. ) ;
#1587 = ORIENTED_EDGE ( 'NONE', *, *, #3801, .T. ) ;
#1588 = AXIS2_PLACEMENT_3D ( 'NONE', #468, #1538, #493 ) ;
#1589 = CARTESIAN_POINT ( 'NONE',  ( 116.0000000000000426, -6.929646455628168056, 151.7500000000000000 ) ) ;
#1590 = VECTOR ( 'NONE', #1374, 1000.000000000000000 ) ;
#1591 = ORIENTED_EDGE ( 'NONE', *, *, #4267, .F. ) ;
#1592 = DIRECTION ( 'NONE',  ( 0.000000000000000000, -0.000000000000000000, 1.000000000000000000 ) ) ;
#1593 = CARTESIAN_POINT ( 'NONE',  ( 117.2500000000000426, -6.929646455628168056, 151.7500000000000000 ) ) ;
#1594 = AXIS2_PLACEMENT_3D ( 'NONE', #3813, #862, #3559 ) ;
#1595 = EDGE_CURVE ( 'NONE', #109, #3249, #1412, .T. ) ;
#1596 = EDGE_CURVE ( 'NONE', #3981, #2187, #2805, .T. ) ;
#1597 = ORIENTED_EDGE ( 'NONE', *, *, #3887, .T. ) ;
#1598 = EDGE_LOOP ( 'NONE', ( #2292, #1667, #1051, #366 ) ) ;
#1599 = CARTESIAN_POINT ( 'NONE',  ( 116.0000000000004690, 0.000000000000000000, 112.7499999999999858 ) ) ;
#1600 = CARTESIAN_POINT ( 'NONE',  ( 5.000000000000004441, 22.00000000000000000, 12.00000000000000000 ) ) ;
#1601 = CARTESIAN_POINT ( 'NONE',  ( 130.0000000000000284, 7.699999999999996625, 43.49999999999995026 ) ) ;
#1602 = AXIS2_PLACEMENT_3D ( 'NONE', #3805, #2444, #781 ) ;
#1603 = ORIENTED_EDGE ( 'NONE', *, *, #404, .F. ) ;
#1604 = EDGE_CURVE ( 'NONE', #2917, #3736, #874, .T. ) ;
#1605 = LINE ( 'NONE', #1979, #608 ) ;
#1606 = CARTESIAN_POINT ( 'NONE',  ( 114.2500000000000426, 27.00000000000000000, 155.0000000000000284 ) ) ;
#1607 = FACE_OUTER_BOUND ( 'NONE', #2635, .T. ) ;
#1608 = AXIS2_PLACEMENT_3D ( 'NONE', #2557, #4171, #1854 ) ;
#1609 = VECTOR ( 'NONE', #2451, 1000.000000000000000 ) ;
#1610 = ORIENTED_EDGE ( 'NONE', *, *, #3911, .F. ) ;
#1611 = ADVANCED_FACE ( 'NONE', ( #2510 ), #500, .F. ) ;
#1612 = DIRECTION ( 'NONE',  ( 0.000000000000000000, 1.000000000000000000, 0.000000000000000000 ) ) ;
#1613 = CARTESIAN_POINT ( 'NONE',  ( 96.75000000000005684, 9.250000000000000000, 24.30404775527136252 ) ) ;
#1614 = VECTOR ( 'NONE', #857, 1000.000000000000000 ) ;
#1615 = ORIENTED_EDGE ( 'NONE', *, *, #1247, .F. ) ;
#1616 = EDGE_CURVE ( 'NONE', #3875, #157, #2800, .T. ) ;
#1617 = DIRECTION ( 'NONE',  ( 3.273063162220403268E-17, 1.000000000000000000, 0.000000000000000000 ) ) ;
#1618 = CARTESIAN_POINT ( 'NONE',  ( 114.1374821936961155, 19.50000000000000000, 165.0000000000000000 ) ) ;
#1619 = ORIENTED_EDGE ( 'NONE', *, *, #404, .T. ) ;
#1620 = EDGE_LOOP ( 'NONE', ( #2756, #2947 ) ) ;
#1621 = DIRECTION ( 'NONE',  ( 1.000000000000000000, 2.775557561562888590E-15, 0.000000000000000000 ) ) ;
#1622 = CYLINDRICAL_SURFACE ( 'NONE', #754, 2.200000000000000178 ) ;
#1623 = AXIS2_PLACEMENT_3D ( 'NONE', #1468, #3478, #66 ) ;
#1624 = FACE_OUTER_BOUND ( 'NONE', #3527, .T. ) ;
#1625 = VECTOR ( 'NONE', #27, 1000.000000000000000 ) ;
#1626 = EDGE_CURVE ( 'NONE', #423, #1348, #2870, .T. ) ;
#1627 = ORIENTED_EDGE ( 'NONE', *, *, #1586, .F. ) ;
#1628 = ORIENTED_EDGE ( 'NONE', *, *, #3931, .T. ) ;
#1629 = DIRECTION ( 'NONE',  ( 1.000000000000000000, 0.000000000000000000, 0.000000000000000000 ) ) ;
#1630 = PLANE ( 'NONE',  #1718 ) ;
#1631 = FACE_OUTER_BOUND ( 'NONE', #4044, .T. ) ;
#1632 = ORIENTED_EDGE ( 'NONE', *, *, #4236, .T. ) ;
#1633 = DIRECTION ( 'NONE',  ( 0.000000000000000000, -1.000000000000000000, 0.000000000000000000 ) ) ;
#1634 = CARTESIAN_POINT ( 'NONE',  ( 52.25000000000004263, 20.19999999999999929, 170.0000000000000000 ) ) ;
#1635 = ORIENTED_EDGE ( 'NONE', *, *, #1430, .T. ) ;
#1636 = CARTESIAN_POINT ( 'NONE',  ( 95.00000000000005684, 5.000000000000000888, 115.2500000000000000 ) ) ;
#1637 = DIRECTION ( 'NONE',  ( -1.000000000000000000, 0.000000000000000000, -0.000000000000000000 ) ) ;
#1638 = EDGE_CURVE ( 'NONE', #852, #3143, #1150, .T. ) ;
#1639 = EDGE_CURVE ( 'NONE', #2470, #751, #2297, .T. ) ;
#1640 = ORIENTED_EDGE ( 'NONE', *, *, #3483, .T. ) ;
#1641 = ORIENTED_EDGE ( 'NONE', *, *, #2253, .T. ) ;
#1642 = LINE ( 'NONE', #4330, #3286 ) ;
#1643 = LINE ( 'NONE', #1308, #1309 ) ;
#1644 = DIRECTION ( 'NONE',  ( -1.000000000000000000, 0.000000000000000000, 0.000000000000000000 ) ) ;
#1645 = ORIENTED_EDGE ( 'NONE', *, *, #2725, .F. ) ;
#1646 = CARTESIAN_POINT ( 'NONE',  ( 116.0000000000000426, 2.999999999999995115, 151.7500000000000000 ) ) ;
#1647 = FACE_OUTER_BOUND ( 'NONE', #1543, .T. ) ;
#1648 = LINE ( 'NONE', #3368, #1754 ) ;
#1649 = ADVANCED_FACE ( 'NONE', ( #1836 ), #2198, .F. ) ;
#1650 = ORIENTED_EDGE ( 'NONE', *, *, #4247, .T. ) ;
#1651 = VECTOR ( 'NONE', #847, 1000.000000000000000 ) ;
#1652 = DIRECTION ( 'NONE',  ( -0.000000000000000000, -1.000000000000000000, 0.000000000000000000 ) ) ;
#1653 = CARTESIAN_POINT ( 'NONE',  ( 120.0000000000000568, 24.00000000000000000, 115.2500000000000000 ) ) ;
#1654 = ORIENTED_EDGE ( 'NONE', *, *, #2015, .F. ) ;
#1655 = AXIS2_PLACEMENT_3D ( 'NONE', #3584, #3925, #3220 ) ;
#1656 = ORIENTED_EDGE ( 'NONE', *, *, #2757, .F. ) ;
#1657 = DIRECTION ( 'NONE',  ( 0.000000000000000000, 0.000000000000000000, -1.000000000000000000 ) ) ;
#1658 = EDGE_CURVE ( 'NONE', #3401, #4130, #3552, .T. ) ;
#1659 = CARTESIAN_POINT ( 'NONE',  ( 123.2500000000000568, 9.250000000000000000, 17.50000000000000000 ) ) ;
#1660 = ORIENTED_EDGE ( 'NONE', *, *, #3485, .F. ) ;
#1661 = ORIENTED_EDGE ( 'NONE', *, *, #3600, .T. ) ;
#1662 = CARTESIAN_POINT ( 'NONE',  ( 108.3302383518161065, 7.699999999999996625, 43.49999999999995737 ) ) ;
#1663 = EDGE_CURVE ( 'NONE', #3764, #1365, #58, .T. ) ;
#1664 = CYLINDRICAL_SURFACE ( 'NONE', #2582, 2.449999999999993960 ) ;
#1665 = AXIS2_PLACEMENT_3D ( 'NONE', #1788, #2069, #150 ) ;
#1666 = FACE_OUTER_BOUND ( 'NONE', #2573, .T. ) ;
#1667 = ORIENTED_EDGE ( 'NONE', *, *, #1595, .F. ) ;
#1668 = LINE ( 'NONE', #743, #2499 ) ;
#1669 = CARTESIAN_POINT ( 'NONE',  ( 99.00000000000005684, 2.000000000000000000, 151.7500000000000000 ) ) ;
#1670 = DIRECTION ( 'NONE',  ( -1.000000000000000000, -0.000000000000000000, -2.413528314402514090E-16 ) ) ;
#1671 = VECTOR ( 'NONE', #2486, 1000.000000000000000 ) ;
#1672 = EDGE_LOOP ( 'NONE', ( #207, #922 ) ) ;
#1673 = CARTESIAN_POINT ( 'NONE',  ( 122.5000000000000426, 7.500000000000000000, 157.5000000000000000 ) ) ;
#1674 = DIRECTION ( 'NONE',  ( -1.000000000000000000, 0.000000000000000000, 0.000000000000000000 ) ) ;
#1675 = ORIENTED_EDGE ( 'NONE', *, *, #1663, .T. ) ;
#1676 = ADVANCED_FACE ( 'NONE', ( #2220 ), #3888, .F. ) ;
#1677 = VERTEX_POINT ( 'NONE', #4153 ) ;
#1678 = CYLINDRICAL_SURFACE ( 'NONE', #859, 7.500000000000007105 ) ;
#1679 = DIRECTION ( 'NONE',  ( 0.000000000000000000, 0.000000000000000000, 1.000000000000000000 ) ) ;
#1680 = AXIS2_PLACEMENT_3D ( 'NONE', #3561, #4208, #2547 ) ;
#1681 = EDGE_LOOP ( 'NONE', ( #2774, #585, #3359, #4193 ) ) ;
#1682 = VERTEX_POINT ( 'NONE', #3846 ) ;
#1683 = CARTESIAN_POINT ( 'NONE',  ( 7.500000000000018652, 7.500000000000000000, 157.5000000000000000 ) ) ;
#1684 = EDGE_LOOP ( 'NONE', ( #551, #3798, #4243, #1675 ) ) ;
#1685 = CIRCLE ( 'NONE', #3926, 7.500000000000007105 ) ;
#1686 = CARTESIAN_POINT ( 'NONE',  ( 116.0000000000000568, 0.000000000000000000, 151.7500000000000000 ) ) ;
#1687 = CARTESIAN_POINT ( 'NONE',  ( 116.0000000000004690, 2.000000000000000000, 114.9999999999999858 ) ) ;
#1688 = CARTESIAN_POINT ( 'NONE',  ( 0.000000000000000000, 8.499999999999996447, 0.000000000000000000 ) ) ;
#1689 = PLANE ( 'NONE',  #3717 ) ;
#1690 = CIRCLE ( 'NONE', #992, 1.799999999999996048 ) ;
#1691 = VERTEX_POINT ( 'NONE', #210 ) ;
#1692 = CARTESIAN_POINT ( 'NONE',  ( 116.0000000000000426, -6.929646455628168056, 112.7500000000000142 ) ) ;
#1693 = CARTESIAN_POINT ( 'NONE',  ( 127.0000000000000568, 20.19999999999999929, 52.99999999999995026 ) ) ;
#1694 = ORIENTED_EDGE ( 'NONE', *, *, #700, .F. ) ;
#1695 = ORIENTED_EDGE ( 'NONE', *, *, #4005, .T. ) ;
#1696 = DIRECTION ( 'NONE',  ( 0.000000000000000000, 0.000000000000000000, -1.000000000000000000 ) ) ;
#1697 = CARTESIAN_POINT ( 'NONE',  ( 130.0000000000000284, 7.500000000000000000, 52.99999999999995026 ) ) ;
#1698 = EDGE_CURVE ( 'NONE', #2953, #2282, #850, .T. ) ;
#1699 = ORIENTED_EDGE ( 'NONE', *, *, #2440, .T. ) ;
#1700 = EDGE_LOOP ( 'NONE', ( #3130, #2647, #1896, #3723 ) ) ;
#1701 = DIRECTION ( 'NONE',  ( 3.273063162220403268E-17, 1.000000000000000000, 0.000000000000000000 ) ) ;
#1702 = ORIENTED_EDGE ( 'NONE', *, *, #2214, .T. ) ;
#1703 = CYLINDRICAL_SURFACE ( 'NONE', #3155, 7.500000000000007105 ) ;
#1704 = PLANE ( 'NONE',  #261 ) ;
#1705 = EDGE_CURVE ( 'NONE', #227, #1417, #3076, .T. ) ;
#1706 = DIRECTION ( 'NONE',  ( -0.000000000000000000, 1.000000000000000000, 0.000000000000000000 ) ) ;
#1707 = DIRECTION ( 'NONE',  ( 0.000000000000000000, -1.000000000000000000, 0.000000000000000000 ) ) ;
#1708 = ORIENTED_EDGE ( 'NONE', *, *, #34, .T. ) ;
#1709 = DIRECTION ( 'NONE',  ( 0.000000000000000000, 1.000000000000000000, 0.000000000000000000 ) ) ;
#1710 = DIRECTION ( 'NONE',  ( 0.000000000000000000, 1.000000000000000000, -0.000000000000000000 ) ) ;
#1711 = EDGE_CURVE ( 'NONE', #3895, #3124, #3869, .T. ) ;
#1712 = ORIENTED_EDGE ( 'NONE', *, *, #3818, .F. ) ;
#1713 =( BOUNDED_CURVE ( )  B_SPLINE_CURVE ( 3, ( #478, #3848, #2468, #4174 ),
 .UNSPECIFIED., .F., .F. ) 
 B_SPLINE_CURVE_WITH_KNOTS ( ( 4, 4 ),
 ( 3.141592653589793116, 4.712388980384702108 ),
 .UNSPECIFIED. ) 
 CURVE ( )  GEOMETRIC_REPRESENTATION_ITEM ( )  RATIONAL_B_SPLINE_CURVE ( ( 1.000000000000000000, 0.8047378541243619399, 0.8047378541243619399, 1.000000000000000000 ) ) 
 REPRESENTATION_ITEM ( '' )  );
#1714 = VERTEX_POINT ( 'NONE', #15 ) ;
#1715 = VECTOR ( 'NONE', #2347, 1000.000000000000000 ) ;
#1716 = CARTESIAN_POINT ( 'NONE',  ( 10.00000000000000178, 8.499999999999996447, 60.00000000000000000 ) ) ;
#1717 = LINE ( 'NONE', #1413, #569 ) ;
#1718 = AXIS2_PLACEMENT_3D ( 'NONE', #3967, #3944, #3327 ) ;
#1719 = ORIENTED_EDGE ( 'NONE', *, *, #3513, .T. ) ;
#1720 = ORIENTED_EDGE ( 'NONE', *, *, #1905, .T. ) ;
#1721 = DIRECTION ( 'NONE',  ( -0.000000000000000000, -1.000000000000000000, -0.000000000000000000 ) ) ;
#1722 = EDGE_CURVE ( 'NONE', #3289, #2459, #2408, .T. ) ;
#1723 = ORIENTED_EDGE ( 'NONE', *, *, #3791, .T. ) ;
#1724 = VECTOR ( 'NONE', #1314, 1000.000000000000000 ) ;
#1725 = AXIS2_PLACEMENT_3D ( 'NONE', #3273, #2230, #547 ) ;
#1726 = CARTESIAN_POINT ( 'NONE',  ( 93.00000000000005684, 24.00000000000000000, 194.9624824053761643 ) ) ;
#1727 = PLANE ( 'NONE',  #2927 ) ;
#1728 = LINE ( 'NONE', #1053, #2921 ) ;
#1729 = CARTESIAN_POINT ( 'NONE',  ( 127.0000000000000568, 6.799999999999998934, 43.49999999999995026 ) ) ;
#1730 = VECTOR ( 'NONE', #1028, 1000.000000000000000 ) ;
#1731 = ORIENTED_EDGE ( 'NONE', *, *, #3860, .F. ) ;
#1732 = VERTEX_POINT ( 'NONE', #3429 ) ;
#1733 = DIRECTION ( 'NONE',  ( 0.000000000000000000, 0.000000000000000000, 1.000000000000000000 ) ) ;
#1734 = CARTESIAN_POINT ( 'NONE',  ( 124.7500000000000568, 24.00000000000000000, 11.00000000000000000 ) ) ;
#1735 = ORIENTED_EDGE ( 'NONE', *, *, #1926, .F. ) ;
#1736 = AXIS2_PLACEMENT_3D ( 'NONE', #758, #4331, #2093 ) ;
#1737 = EDGE_CURVE ( 'NONE', #2373, #2370, #414, .T. ) ;
#1738 = VERTEX_POINT ( 'NONE', #438 ) ;
#1739 = CARTESIAN_POINT ( 'NONE',  ( 1.561251128379126385E-14, 7.500000000000000000, 157.5000000000000000 ) ) ;
#1740 = FACE_OUTER_BOUND ( 'NONE', #2713, .T. ) ;
#1741 = DIRECTION ( 'NONE',  ( -0.000000000000000000, -0.000000000000000000, -1.000000000000000000 ) ) ;
#1742 = DIRECTION ( 'NONE',  ( 0.000000000000000000, 0.000000000000000000, 1.000000000000000000 ) ) ;
#1743 = VECTOR ( 'NONE', #3391, 1000.000000000000000 ) ;
#1744 = ORIENTED_EDGE ( 'NONE', *, *, #2253, .F. ) ;
#1745 = DIRECTION ( 'NONE',  ( -0.4848096202463437199, -0.000000000000000000, -0.8746197071393920774 ) ) ;
#1746 = AXIS2_PLACEMENT_3D ( 'NONE', #4276, #1950, #347 ) ;
#1747 = LINE ( 'NONE', #3744, #3708 ) ;
#1748 = VECTOR ( 'NONE', #4245, 1000.000000000000000 ) ;
#1749 = ORIENTED_EDGE ( 'NONE', *, *, #1146, .F. ) ;
#1750 = FACE_OUTER_BOUND ( 'NONE', #1147, .T. ) ;
#1751 = DIRECTION ( 'NONE',  ( -1.000000000000000000, 0.000000000000000000, 0.000000000000000000 ) ) ;
#1752 = LINE ( 'NONE', #1421, #2640 ) ;
#1753 = DIRECTION ( 'NONE',  ( 0.000000000000000000, -0.000000000000000000, 1.000000000000000000 ) ) ;
#1754 = VECTOR ( 'NONE', #2991, 1000.000000000000000 ) ;
#1755 = EDGE_CURVE ( 'NONE', #3822, #3828, #3383, .T. ) ;
#1756 = ORIENTED_EDGE ( 'NONE', *, *, #2626, .F. ) ;
#1757 = ORIENTED_EDGE ( 'NONE', *, *, #3001, .T. ) ;
#1758 = CIRCLE ( 'NONE', #4210, 1.250000000000001110 ) ;
#1759 = LINE ( 'NONE', #4061, #2322 ) ;
#1760 = CARTESIAN_POINT ( 'NONE',  ( 120.0000000000000568, 24.00000000000000000, 149.2500000000000000 ) ) ;
#1761 = ORIENTED_EDGE ( 'NONE', *, *, #1784, .T. ) ;
#1762 = CIRCLE ( 'NONE', #4216, 1.799999999999996048 ) ;
#1763 = ORIENTED_EDGE ( 'NONE', *, *, #3374, .T. ) ;
#1764 = DIRECTION ( 'NONE',  ( 0.000000000000000000, -1.000000000000000000, 0.000000000000000000 ) ) ;
#1765 = FACE_BOUND ( 'NONE', #2540, .T. ) ;
#1766 = FACE_OUTER_BOUND ( 'NONE', #3768, .T. ) ;
#1767 = EDGE_CURVE ( 'NONE', #3828, #3382, #3361, .T. ) ;
#1768 = CARTESIAN_POINT ( 'NONE',  ( 74.75000000000004263, 14.75000000000000000, 163.0000000000000000 ) ) ;
#1769 = ORIENTED_EDGE ( 'NONE', *, *, #4247, .F. ) ;
#1770 = DIRECTION ( 'NONE',  ( -3.524517538492560743E-16, 0.000000000000000000, -1.000000000000000000 ) ) ;
#1771 = DIRECTION ( 'NONE',  ( 0.000000000000000000, 0.000000000000000000, 1.000000000000000000 ) ) ;
#1772 = ADVANCED_FACE ( 'NONE', ( #371 ), #1775, .F. ) ;
#1773 = ADVANCED_FACE ( 'NONE', ( #1750 ), #1703, .T. ) ;
#1774 = VERTEX_POINT ( 'NONE', #719 ) ;
#1775 = PLANE ( 'NONE',  #1179 ) ;
#1776 = CARTESIAN_POINT ( 'NONE',  ( 82.50000000000005684, 8.499999999999996447, 160.0000000000000000 ) ) ;
#1777 = CARTESIAN_POINT ( 'NONE',  ( 123.2500000000000568, 10.74999999999999822, 24.30404775527136607 ) ) ;
#1778 = DIRECTION ( 'NONE',  ( 0.000000000000000000, 1.000000000000000000, 0.000000000000000000 ) ) ;
#1779 = ORIENTED_EDGE ( 'NONE', *, *, #1722, .T. ) ;
#1780 = VERTEX_POINT ( 'NONE', #3402 ) ;
#1781 = CARTESIAN_POINT ( 'NONE',  ( 105.2500000000000426, 25.00000000000000355, 138.7750192604120514 ) ) ;
#1782 = DIRECTION ( 'NONE',  ( -1.000000000000000000, 0.000000000000000000, 0.000000000000000000 ) ) ;
#1783 = EDGE_CURVE ( 'NONE', #4130, #3956, #3769, .T. ) ;
#1784 = EDGE_CURVE ( 'NONE', #3808, #3727, #1351, .T. ) ;
#1785 = ORIENTED_EDGE ( 'NONE', *, *, #424, .F. ) ;
#1786 = DIRECTION ( 'NONE',  ( 3.273063162220403268E-17, 1.000000000000000000, 0.000000000000000000 ) ) ;
#1787 = PLANE ( 'NONE',  #3972 ) ;
#1788 = CARTESIAN_POINT ( 'NONE',  ( 99.00000000000005684, 15.99999999999999645, 151.7500000000000000 ) ) ;
#1789 = LINE ( 'NONE', #803, #223 ) ;
#1790 = VECTOR ( 'NONE', #686, 1000.000000000000000 ) ;
#1791 = EDGE_CURVE ( 'NONE', #408, #11, #2729, .T. ) ;
#1792 = ORIENTED_EDGE ( 'NONE', *, *, #2495, .T. ) ;
#1793 = CARTESIAN_POINT ( 'NONE',  ( 100.8000000000000540, 2.000000000000000000, 151.7500000000000000 ) ) ;
#1794 = VECTOR ( 'NONE', #3885, 1000.000000000000000 ) ;
#1795 = CARTESIAN_POINT ( 'NONE',  ( 100.7500000000000568, 5.000000000000000888, 155.0000000000000284 ) ) ;
#1796 = VECTOR ( 'NONE', #3056, 1000.000000000000000 ) ;
#1797 = EDGE_LOOP ( 'NONE', ( #345, #3698, #2142, #684 ) ) ;
#1798 = AXIS2_PLACEMENT_3D ( 'NONE', #1781, #3127, #120 ) ;
#1799 = EDGE_CURVE ( 'NONE', #1495, #2733, #2367, .T. ) ;
#1800 = CARTESIAN_POINT ( 'NONE',  ( 116.0000000000000426, 2.999999999999999112, 151.7500000000000000 ) ) ;
#1801 = LINE ( 'NONE', #3146, #3216 ) ;
#1802 = AXIS2_PLACEMENT_3D ( 'NONE', #3100, #1030, #3430 ) ;
#1803 = LINE ( 'NONE', #1075, #2278 ) ;
#1804 = CYLINDRICAL_SURFACE ( 'NONE', #2959, 0.7500000000000006661 ) ;
#1805 = ORIENTED_EDGE ( 'NONE', *, *, #294, .F. ) ;
#1806 = ORIENTED_EDGE ( 'NONE', *, *, #2049, .F. ) ;
#1807 = DIRECTION ( 'NONE',  ( 1.000000000000000000, 0.000000000000000000, 0.000000000000000000 ) ) ;
#1808 = CARTESIAN_POINT ( 'NONE',  ( 45.33960584136124794, 19.50000000000000000, 165.0000000000000000 ) ) ;
#1809 = AXIS2_PLACEMENT_3D ( 'NONE', #3662, #243, #325 ) ;
#1810 = EDGE_LOOP ( 'NONE', ( #3446, #497, #3884, #3786, #3876, #3410, #466, #1359 ) ) ;
#1811 = DIRECTION ( 'NONE',  ( 0.000000000000000000, 0.000000000000000000, -1.000000000000000000 ) ) ;
#1812 = DIRECTION ( 'NONE',  ( -0.000000000000000000, -0.000000000000000000, -1.000000000000000000 ) ) ;
#1813 = EDGE_CURVE ( 'NONE', #4266, #2900, #3726, .T. ) ;
#1814 = DIRECTION ( 'NONE',  ( -1.000000000000000000, 0.000000000000000000, 0.000000000000000000 ) ) ;
#1815 = CARTESIAN_POINT ( 'NONE',  ( 17.50000000000001776, 8.499999999999996447, 152.5000000000000000 ) ) ;
#1816 = VECTOR ( 'NONE', #4053, 1000.000000000000000 ) ;
#1817 = EDGE_LOOP ( 'NONE', ( #3399, #2899 ) ) ;
#1818 = DIRECTION ( 'NONE',  ( -1.000000000000000000, 0.000000000000000000, 0.000000000000000000 ) ) ;
#1819 = CARTESIAN_POINT ( 'NONE',  ( 127.0000000000000568, 2.999999999999999112, 194.9624824053761643 ) ) ;
#1820 = AXIS2_PLACEMENT_3D ( 'NONE', #3248, #2179, #1567 ) ;
#1821 = CIRCLE ( 'NONE', #1957, 2.200000000000000178 ) ;
#1822 = ORIENTED_EDGE ( 'NONE', *, *, #1865, .T. ) ;
#1823 = CARTESIAN_POINT ( 'NONE',  ( 127.0000000000000568, 24.00000000000000000, 38.56468560121562206 ) ) ;
#1824 = LINE ( 'NONE', #508, #3065 ) ;
#1825 = CARTESIAN_POINT ( 'NONE',  ( 104.5447621000824086, 24.95778555086312167, 162.6454554533166572 ) ) ;
#1826 = CYLINDRICAL_SURFACE ( 'NONE', #1482, 7.500000000000000000 ) ;
#1827 = AXIS2_PLACEMENT_3D ( 'NONE', #2788, #1349, #1416 ) ;
#1828 = VERTEX_POINT ( 'NONE', #390 ) ;
#1829 = CARTESIAN_POINT ( 'NONE',  ( 97.75000000000005684, -6.929646455628168056, 151.7500000000000000 ) ) ;
#1830 = LINE ( 'NONE', #1166, #1231 ) ;
#1831 = VERTEX_POINT ( 'NONE', #1395 ) ;
#1832 = DIRECTION ( 'NONE',  ( -0.000000000000000000, 1.000000000000000000, -0.000000000000000000 ) ) ;
#1833 = VECTOR ( 'NONE', #1931, 1000.000000000000000 ) ;
#1834 = CARTESIAN_POINT ( 'NONE',  ( 109.7500000000000426, 15.99999999999999645, 138.7750192604120514 ) ) ;
#1835 = CIRCLE ( 'NONE', #2961, 1.250000000000001110 ) ;
#1836 = FACE_OUTER_BOUND ( 'NONE', #2614, .T. ) ;
#1837 = ORIENTED_EDGE ( 'NONE', *, *, #1755, .T. ) ;
#1838 = CARTESIAN_POINT ( 'NONE',  ( 127.6066822282284079, 15.50000000000000000, 32.16371054953748398 ) ) ;
#1839 = ORIENTED_EDGE ( 'NONE', *, *, #2811, .F. ) ;
#1840 = CARTESIAN_POINT ( 'NONE',  ( 116.5000000000000568, 18.00000000000000355, 4.500000000000000000 ) ) ;
#1841 = ADVANCED_FACE ( 'NONE', ( #111, #2746 ), #742, .F. ) ;
#1842 = ORIENTED_EDGE ( 'NONE', *, *, #1596, .T. ) ;
#1843 = PLANE ( 'NONE',  #1594 ) ;
#1844 = DIRECTION ( 'NONE',  ( 0.000000000000000000, 0.000000000000000000, 1.000000000000000000 ) ) ;
#1845 = PLANE ( 'NONE',  #1391 ) ;
#1846 = DIRECTION ( 'NONE',  ( 1.000000000000000000, 0.000000000000000000, 0.000000000000000000 ) ) ;
#1847 = ORIENTED_EDGE ( 'NONE', *, *, #1151, .T. ) ;
#1848 = EDGE_CURVE ( 'NONE', #3553, #157, #88, .T. ) ;
#1849 = DIRECTION ( 'NONE',  ( -1.000000000000000000, 0.000000000000000000, 0.000000000000000000 ) ) ;
#1850 = CARTESIAN_POINT ( 'NONE',  ( 116.5000000000000568, 24.00000000000000000, 38.56468560121562206 ) ) ;
#1851 = VERTEX_POINT ( 'NONE', #1419 ) ;
#1852 = EDGE_CURVE ( 'NONE', #218, #376, #1945, .T. ) ;
#1853 = CARTESIAN_POINT ( 'NONE',  ( 2.800000000000004263, 22.00000000000000000, 2.200000000000028155 ) ) ;
#1854 = DIRECTION ( 'NONE',  ( 1.000000000000000000, 0.000000000000000000, 0.000000000000000000 ) ) ;
#1855 = DIRECTION ( 'NONE',  ( 0.000000000000000000, 0.000000000000000000, -1.000000000000000000 ) ) ;
#1856 = CARTESIAN_POINT ( 'NONE',  ( 10.00000000000001243, 8.499999999999996447, 152.5000000000000000 ) ) ;
#1857 = ORIENTED_EDGE ( 'NONE', *, *, #3178, .F. ) ;
#1858 = CARTESIAN_POINT ( 'NONE',  ( 3.711269837220828371, 2.799999999999985167, 1.288730162779204047 ) ) ;
#1859 = DIRECTION ( 'NONE',  ( -0.000000000000000000, -0.000000000000000000, -1.000000000000000000 ) ) ;
#1860 = EDGE_LOOP ( 'NONE', ( #2101, #1569, #3881, #3460 ) ) ;
#1861 = DIRECTION ( 'NONE',  ( 1.000000000000000000, 0.000000000000000000, 0.000000000000000000 ) ) ;
#1862 = VECTOR ( 'NONE', #2372, 1000.000000000000000 ) ;
#1863 = CARTESIAN_POINT ( 'NONE',  ( 127.0000000000000568, 2.999999999999999112, 17.50000000000001421 ) ) ;
#1864 = CARTESIAN_POINT ( 'NONE',  ( 102.6882761663118799, 24.21338506039323235, 163.3391944003610092 ) ) ;
#1865 = EDGE_CURVE ( 'NONE', #3666, #3871, #2700, .T. ) ;
#1866 = ORIENTED_EDGE ( 'NONE', *, *, #2549, .F. ) ;
#1867 = DIRECTION ( 'NONE',  ( -0.000000000000000000, -0.000000000000000000, -1.000000000000000000 ) ) ;
#1868 = DIRECTION ( 'NONE',  ( -5.595567888660589432E-16, 0.2419218955996621512, 0.9702957262759978052 ) ) ;
#1869 = VERTEX_POINT ( 'NONE', #2430 ) ;
#1870 = CIRCLE ( 'NONE', #2645, 2.499999999999998668 ) ;
#1871 = CARTESIAN_POINT ( 'NONE',  ( 116.0000000000000426, 15.99999999999999289, 112.7500000000000142 ) ) ;
#1872 = CIRCLE ( 'NONE', #1725, 1.799999999999996048 ) ;
#1873 = CARTESIAN_POINT ( 'NONE',  ( 99.00000000000046896, 2.000000000000000000, 114.9999999999999858 ) ) ;
#1874 = CARTESIAN_POINT ( 'NONE',  ( 127.0000000000000568, 6.799999999999998934, 43.49999999999995737 ) ) ;
#1875 = EDGE_LOOP ( 'NONE', ( #1167, #2977, #3375, #379, #2255, #2453 ) ) ;
#1876 = CARTESIAN_POINT ( 'NONE',  ( 108.3302383518161065, 6.799999999999998934, 49.49999999999995737 ) ) ;
#1877 = LINE ( 'NONE', #2225, #1614 ) ;
#1878 = EDGE_CURVE ( 'NONE', #1317, #182, #1173, .T. ) ;
#1879 = ORIENTED_EDGE ( 'NONE', *, *, #3001, .F. ) ;
#1880 = EDGE_LOOP ( 'NONE', ( #2385, #1238, #2930, #3114 ) ) ;
#1881 = DIRECTION ( 'NONE',  ( 3.524517538492561236E-16, 0.000000000000000000, 1.000000000000000000 ) ) ;
#1882 = CARTESIAN_POINT ( 'NONE',  ( 117.2500000000000426, 2.999999999999999112, 112.7500000000000142 ) ) ;
#1883 = DIRECTION ( 'NONE',  ( -0.000000000000000000, -0.000000000000000000, 1.000000000000000000 ) ) ;
#1884 = DIRECTION ( 'NONE',  ( 0.000000000000000000, 0.000000000000000000, -1.000000000000000000 ) ) ;
#1885 = VERTEX_POINT ( 'NONE', #2813 ) ;
#1886 = AXIS2_PLACEMENT_3D ( 'NONE', #101, #2443, #2828 ) ;
#1887 = CARTESIAN_POINT ( 'NONE',  ( 127.0000000000000568, 24.00000000000000000, 194.9624824053761643 ) ) ;
#1888 = VECTOR ( 'NONE', #2515, 1000.000000000000000 ) ;
#1889 = CARTESIAN_POINT ( 'NONE',  ( 99.00000000000046896, 2.000000000000000000, 114.9999999999999858 ) ) ;
#1890 = EDGE_CURVE ( 'NONE', #56, #635, #2836, .T. ) ;
#1891 = EDGE_LOOP ( 'NONE', ( #956, #1178, #4105, #1635 ) ) ;
#1892 = DIRECTION ( 'NONE',  ( 0.000000000000000000, 0.000000000000000000, -1.000000000000000000 ) ) ;
#1893 = CARTESIAN_POINT ( 'NONE',  ( 0.000000000000000000, 8.499999999999996447, 105.0000000000000284 ) ) ;
#1894 = B_SPLINE_CURVE_WITH_KNOTS ( 'NONE', 3,
 ( #139, #2127, #393, #3749 ),
 .UNSPECIFIED., .F., .F.,
 ( 4, 4 ),
 ( 3.469446951953614189E-18, 0.001007579120210215463 ),
 .UNSPECIFIED. ) ;
#1895 = CIRCLE ( 'NONE', #4207, 5.750000000000005329 ) ;
#1896 = ORIENTED_EDGE ( 'NONE', *, *, #1141, .T. ) ;
#1897 = FACE_BOUND ( 'NONE', #971, .T. ) ;
#1898 = EDGE_CURVE ( 'NONE', #56, #140, #2790, .T. ) ;
#1899 = DIRECTION ( 'NONE',  ( 0.000000000000000000, 0.000000000000000000, -1.000000000000000000 ) ) ;
#1900 = ORIENTED_EDGE ( 'NONE', *, *, #2314, .T. ) ;
#1901 = ORIENTED_EDGE ( 'NONE', *, *, #2479, .F. ) ;
#1902 = EDGE_CURVE ( 'NONE', #3109, #3024, #4043, .T. ) ;
#1903 = DIRECTION ( 'NONE',  ( -1.000000000000000000, 0.000000000000000000, 0.000000000000000000 ) ) ;
#1904 = CARTESIAN_POINT ( 'NONE',  ( 5.000000000000032863, 7.200000000000000178, 0.000000000000000000 ) ) ;
#1905 = EDGE_CURVE ( 'NONE', #521, #1104, #3694, .T. ) ;
#1906 = LINE ( 'NONE', #2903, #917 ) ;
#1907 = DIRECTION ( 'NONE',  ( -0.000000000000000000, 1.000000000000000000, -0.000000000000000000 ) ) ;
#1908 = EDGE_LOOP ( 'NONE', ( #1866, #2988, #1661, #715 ) ) ;
#1909 =( BOUNDED_CURVE ( )  B_SPLINE_CURVE ( 3, ( #2509, #597, #916, #4219 ),
 .UNSPECIFIED., .F., .F. ) 
 B_SPLINE_CURVE_WITH_KNOTS ( ( 4, 4 ),
 ( 1.570796326794884346, 3.141592653589793116 ),
 .UNSPECIFIED. ) 
 CURVE ( )  GEOMETRIC_REPRESENTATION_ITEM ( )  RATIONAL_B_SPLINE_CURVE ( ( 1.000000000000000000, 0.8047378541243621619, 0.8047378541243621619, 1.000000000000000000 ) ) 
 REPRESENTATION_ITEM ( '' )  );
#1910 = DIRECTION ( 'NONE',  ( 1.000000000000000000, 0.000000000000000000, 0.000000000000000000 ) ) ;
#1911 = ORIENTED_EDGE ( 'NONE', *, *, #954, .F. ) ;
#1912 = CARTESIAN_POINT ( 'NONE',  ( 114.2500000000000426, 24.00000000000000000, 149.2500000000000000 ) ) ;
#1913 = ADVANCED_FACE ( 'NONE', ( #221, #4142 ), #2520, .T. ) ;
#1914 = FACE_OUTER_BOUND ( 'NONE', #4150, .T. ) ;
#1915 = AXIS2_PLACEMENT_3D ( 'NONE', #2097, #1770, #1044 ) ;
#1916 = ADVANCED_FACE ( 'NONE', ( #2497, #1532, #836, #2168, #2188 ), #809, .F. ) ;
#1917 = ORIENTED_EDGE ( 'NONE', *, *, #2725, .T. ) ;
#1918 = CYLINDRICAL_SURFACE ( 'NONE', #855, 1.799999999999996048 ) ;
#1919 = FACE_BOUND ( 'NONE', #301, .T. ) ;
#1920 = ADVANCED_FACE ( 'NONE', ( #3522 ), #1843, .T. ) ;
#1921 = ORIENTED_EDGE ( 'NONE', *, *, #2549, .T. ) ;
#1922 = ORIENTED_EDGE ( 'NONE', *, *, #1767, .F. ) ;
#1923 = CARTESIAN_POINT ( 'NONE',  ( 101.4500000000000597, 2.999999999999999112, 151.7500000000000000 ) ) ;
#1924 = FACE_OUTER_BOUND ( 'NONE', #452, .T. ) ;
#1925 = DIRECTION ( 'NONE',  ( 0.000000000000000000, -0.000000000000000000, -1.000000000000000000 ) ) ;
#1926 = EDGE_CURVE ( 'NONE', #3024, #2436, #2879, .T. ) ;
#1927 = ORIENTED_EDGE ( 'NONE', *, *, #3178, .T. ) ;
#1928 = AXIS2_PLACEMENT_3D ( 'NONE', #397, #2755, #97 ) ;
#1929 = CARTESIAN_POINT ( 'NONE',  ( 130.0000000000000568, 19.50000000000000000, 157.4999999999999716 ) ) ;
#1930 = FACE_OUTER_BOUND ( 'NONE', #941, .T. ) ;
#1931 = DIRECTION ( 'NONE',  ( -1.000000000000000000, 0.000000000000000000, 0.000000000000000000 ) ) ;
#1932 = CIRCLE ( 'NONE', #3959, 0.7500000000000006661 ) ;
#1933 = EDGE_CURVE ( 'NONE', #3956, #3109, #3502, .T. ) ;
#1934 = VERTEX_POINT ( 'NONE', #136 ) ;
#1935 = CARTESIAN_POINT ( 'NONE',  ( 114.0951073453363591, 21.70861178739417596, 164.6739146179372995 ) ) ;
#1936 = CYLINDRICAL_SURFACE ( 'NONE', #3230, 1.799999999999996048 ) ;
#1937 = ORIENTED_EDGE ( 'NONE', *, *, #2688, .T. ) ;
#1938 = CIRCLE ( 'NONE', #820, 2.200000000000000178 ) ;
#1939 = AXIS2_PLACEMENT_3D ( 'NONE', #2798, #4126, #1472 ) ;
#1940 = VECTOR ( 'NONE', #2125, 1000.000000000000000 ) ;
#1941 = VERTEX_POINT ( 'NONE', #3190 ) ;
#1942 = EDGE_CURVE ( 'NONE', #1365, #1289, #3145, .T. ) ;
#1943 = DIRECTION ( 'NONE',  ( 1.000000000000000000, 0.000000000000000000, 0.000000000000000000 ) ) ;
#1944 = CARTESIAN_POINT ( 'NONE',  ( 109.7500000000000426, 20.50000000000000000, 155.0000000000000284 ) ) ;
#1945 = CIRCLE ( 'NONE', #2290, 2.250000000000001776 ) ;
#1946 = ORIENTED_EDGE ( 'NONE', *, *, #2446, .F. ) ;
#1947 = EDGE_LOOP ( 'NONE', ( #1163, #2965 ) ) ;
#1948 = CARTESIAN_POINT ( 'NONE',  ( 129.9672618810377855, 6.800000000000010481, -1.619337401517209943E-16 ) ) ;
#1949 = CARTESIAN_POINT ( 'NONE',  ( 109.7500000000000426, 25.00000000000000355, 162.5990195135928218 ) ) ;
#1950 = DIRECTION ( 'NONE',  ( 0.000000000000000000, 0.000000000000000000, -1.000000000000000000 ) ) ;
#1951 = VECTOR ( 'NONE', #4108, 1000.000000000000000 ) ;
#1952 = ORIENTED_EDGE ( 'NONE', *, *, #2878, .F. ) ;
#1953 = CARTESIAN_POINT ( 'NONE',  ( 5.000000000000032863, 24.19999999999999929, 0.000000000000000000 ) ) ;
#1954 = DIRECTION ( 'NONE',  ( 0.000000000000000000, 1.000000000000000000, 0.000000000000000000 ) ) ;
#1955 = DIRECTION ( 'NONE',  ( 2.312964634635743450E-15, -1.000000000000000000, 0.000000000000000000 ) ) ;
#1956 = CIRCLE ( 'NONE', #492, 1.250000000000001110 ) ;
#1957 = AXIS2_PLACEMENT_3D ( 'NONE', #368, #3766, #436 ) ;
#1958 = ORIENTED_EDGE ( 'NONE', *, *, #2383, .F. ) ;
#1959 = CARTESIAN_POINT ( 'NONE',  ( 116.0000000000000426, 2.999999999999999112, 112.7500000000000142 ) ) ;
#1960 = LINE ( 'NONE', #4303, #2636 ) ;
#1961 = EDGE_CURVE ( 'NONE', #2370, #590, #2205, .T. ) ;
#1962 = ORIENTED_EDGE ( 'NONE', *, *, #3282, .F. ) ;
#1963 = EDGE_CURVE ( 'NONE', #4325, #2986, #1223, .T. ) ;
#1964 = VECTOR ( 'NONE', #920, 1000.000000000000114 ) ;
#1965 = ORIENTED_EDGE ( 'NONE', *, *, #4236, .F. ) ;
#1966 = CARTESIAN_POINT ( 'NONE',  ( 114.2000000000000455, -5.091168824543132132, 151.7500000000000000 ) ) ;
#1967 = CARTESIAN_POINT ( 'NONE',  ( 5.000000000000004441, 5.000000000000000000, 12.00000000000000000 ) ) ;
#1968 = EDGE_LOOP ( 'NONE', ( #2331, #133, #2338, #1012 ) ) ;
#1969 = AXIS2_PLACEMENT_3D ( 'NONE', #2333, #4306, #3636 ) ;
#1970 = VERTEX_POINT ( 'NONE', #3169 ) ;
#1971 = CARTESIAN_POINT ( 'NONE',  ( 7.500000000000015099, 19.49999999999999645, 157.5000000000000000 ) ) ;
#1972 = FACE_OUTER_BOUND ( 'NONE', #295, .T. ) ;
#1973 = AXIS2_PLACEMENT_3D ( 'NONE', #2342, #1032, #1955 ) ;
#1974 = CARTESIAN_POINT ( 'NONE',  ( 52.25000000000004263, 11.19999999999999751, 170.0000000000000000 ) ) ;
#1975 = ADVANCED_FACE ( 'NONE', ( #486 ), #2566, .T. ) ;
#1976 = VECTOR ( 'NONE', #4269, 1000.000000000000000 ) ;
#1977 = AXIS2_PLACEMENT_3D ( 'NONE', #3776, #2731, #1013 ) ;
#1978 = ORIENTED_EDGE ( 'NONE', *, *, #4086, .F. ) ;
#1979 = CARTESIAN_POINT ( 'NONE',  ( 127.0000000000000568, 15.50000000000000000, 32.50000000000000000 ) ) ;
#1980 = DIRECTION ( 'NONE',  ( 1.000000000000000000, 0.000000000000000000, -0.000000000000000000 ) ) ;
#1981 = DIRECTION ( 'NONE',  ( -1.000000000000000000, 0.000000000000000000, 0.000000000000000000 ) ) ;
#1982 = ADVANCED_FACE ( 'NONE', ( #178 ), #4159, .F. ) ;
#1983 = ORIENTED_EDGE ( 'NONE', *, *, #997, .T. ) ;
#1984 = DIRECTION ( 'NONE',  ( 0.000000000000000000, 1.000000000000000000, 0.000000000000000000 ) ) ;
#1985 = LINE ( 'NONE', #2687, #810 ) ;
#1986 = ORIENTED_EDGE ( 'NONE', *, *, #2690, .F. ) ;
#1987 = CARTESIAN_POINT ( 'NONE',  ( 116.0000000000000426, -5.091168824543132132, 151.7500000000000000 ) ) ;
#1988 = DIRECTION ( 'NONE',  ( 0.000000000000000000, -0.000000000000000000, -1.000000000000000000 ) ) ;
#1989 = EDGE_LOOP ( 'NONE', ( #3197, #1424, #3126, #747 ) ) ;
#1990 = ORIENTED_EDGE ( 'NONE', *, *, #3217, .F. ) ;
#1991 = CARTESIAN_POINT ( 'NONE',  ( 114.2000000000000455, 2.999999999999995115, 151.7500000000000000 ) ) ;
#1992 = DIRECTION ( 'NONE',  ( 1.000000000000000000, 0.000000000000000000, 0.000000000000000000 ) ) ;
#1993 = CARTESIAN_POINT ( 'NONE',  ( 7.500000000000000000, 7.500000000000000000, 0.000000000000000000 ) ) ;
#1994 = ORIENTED_EDGE ( 'NONE', *, *, #42, .T. ) ;
#1995 = ADVANCED_FACE ( 'NONE', ( #4185 ), #4293, .F. ) ;
#1996 = DIRECTION ( 'NONE',  ( 3.273063162220403268E-17, 1.000000000000000000, 0.000000000000000000 ) ) ;
#1997 = DIRECTION ( 'NONE',  ( 0.000000000000000000, 1.000000000000000000, 0.000000000000000000 ) ) ;
#1998 = DIRECTION ( 'NONE',  ( 1.000000000000000000, 0.000000000000000000, -0.000000000000000000 ) ) ;
#1999 = ORIENTED_EDGE ( 'NONE', *, *, #2440, .F. ) ;
#2000 = VECTOR ( 'NONE', #1892, 1000.000000000000000 ) ;
#2001 = CARTESIAN_POINT ( 'NONE',  ( 109.7500000000000426, 25.00000000000000355, 162.5990195135928218 ) ) ;
#2002 = DIRECTION ( 'NONE',  ( 0.000000000000000000, -1.000000000000000000, 0.000000000000000000 ) ) ;
#2003 = ORIENTED_EDGE ( 'NONE', *, *, #938, .T. ) ;
#2004 = VECTOR ( 'NONE', #1404, 1000.000000000000000 ) ;
#2005 = AXIS2_PLACEMENT_3D ( 'NONE', #3436, #2437, #3461 ) ;
#2006 = ORIENTED_EDGE ( 'NONE', *, *, #2493, .F. ) ;
#2007 = FACE_OUTER_BOUND ( 'NONE', #2264, .T. ) ;
#2008 = FACE_OUTER_BOUND ( 'NONE', #998, .T. ) ;
#2009 = VERTEX_POINT ( 'NONE', #3598 ) ;
#2010 = EDGE_LOOP ( 'NONE', ( #1847, #1555, #105, #4100 ) ) ;
#2011 = VECTOR ( 'NONE', #2631, 1000.000000000000000 ) ;
#2012 = EDGE_CURVE ( 'NONE', #4188, #3578, #828, .T. ) ;
#2013 = CIRCLE ( 'NONE', #2285, 2.449999999999993960 ) ;
#2014 = FACE_OUTER_BOUND ( 'NONE', #764, .T. ) ;
#2015 = EDGE_CURVE ( 'NONE', #2752, #4104, #1306, .T. ) ;
#2016 = ORIENTED_EDGE ( 'NONE', *, *, #784, .F. ) ;
#2017 = CARTESIAN_POINT ( 'NONE',  ( 116.5000000000000568, 18.00000000000000355, 4.500000000000000000 ) ) ;
#2018 = CARTESIAN_POINT ( 'NONE',  ( 120.0000000000000568, 27.00000000000000000, 115.2500000000000000 ) ) ;
#2019 = DIRECTION ( 'NONE',  ( 1.000000000000000000, 0.000000000000000000, 0.000000000000000000 ) ) ;
#2020 = VECTOR ( 'NONE', #61, 1000.000000000000000 ) ;
#2021 = ORIENTED_EDGE ( 'NONE', *, *, #2801, .F. ) ;
#2022 = FACE_OUTER_BOUND ( 'NONE', #381, .T. ) ;
#2023 = CARTESIAN_POINT ( 'NONE',  ( 96.55000000000006821, 15.99999999999999645, 112.7500000000000142 ) ) ;
#2024 = ORIENTED_EDGE ( 'NONE', *, *, #1446, .F. ) ;
#2025 = EDGE_CURVE ( 'NONE', #1328, #590, #1642, .T. ) ;
#2026 = EDGE_LOOP ( 'NONE', ( #2150, #853, #614, #3078 ) ) ;
#2027 = CARTESIAN_POINT ( 'NONE',  ( 95.25000000000005684, 9.250000000000000000, 27.01011938817845959 ) ) ;
#2028 = FACE_OUTER_BOUND ( 'NONE', #3473, .T. ) ;
#2029 = AXIS2_PLACEMENT_3D ( 'NONE', #1246, #2592, #926 ) ;
#2030 = EDGE_CURVE ( 'NONE', #68, #2399, #1377, .T. ) ;
#2031 = EDGE_LOOP ( 'NONE', ( #3680, #444 ) ) ;
#2032 = ORIENTED_EDGE ( 'NONE', *, *, #1658, .F. ) ;
#2033 = DIRECTION ( 'NONE',  ( -1.000000000000000000, 0.000000000000000000, 0.000000000000000000 ) ) ;
#2034 = ORIENTED_EDGE ( 'NONE', *, *, #2905, .T. ) ;
#2035 = EDGE_CURVE ( 'NONE', #3853, #635, #3833, .T. ) ;
#2036 = ADVANCED_FACE ( 'NONE', ( #2250 ), #2920, .F. ) ;
#2037 = CARTESIAN_POINT ( 'NONE',  ( 72.25000000000002842, 14.75000000000000000, 163.0000000000000000 ) ) ;
#2038 = DIRECTION ( 'NONE',  ( 0.000000000000000000, -1.000000000000000000, -0.000000000000000000 ) ) ;
#2039 = FACE_OUTER_BOUND ( 'NONE', #89, .T. ) ;
#2040 = CARTESIAN_POINT ( 'NONE',  ( 127.0000000000000568, 24.00000000000000000, 155.0000000000000284 ) ) ;
#2041 = AXIS2_PLACEMENT_3D ( 'NONE', #2082, #92, #1076 ) ;
#2042 = ORIENTED_EDGE ( 'NONE', *, *, #2012, .F. ) ;
#2043 = LINE ( 'NONE', #2754, #2894 ) ;
#2044 = CARTESIAN_POINT ( 'NONE',  ( 116.0000000000000568, 2.000000000000000000, 151.7500000000000000 ) ) ;
#2045 = EDGE_LOOP ( 'NONE', ( #630, #98, #4278, #314 ) ) ;
#2046 = ORIENTED_EDGE ( 'NONE', *, *, #2209, .F. ) ;
#2047 = LINE ( 'NONE', #2115, #3096 ) ;
#2048 =( BOUNDED_CURVE ( )  B_SPLINE_CURVE ( 3, ( #1297, #22, #2665, #1613 ),
 .UNSPECIFIED., .F., .F. ) 
 B_SPLINE_CURVE_WITH_KNOTS ( ( 4, 4 ),
 ( 3.141592653589793116, 6.283185307179586232 ),
 .UNSPECIFIED. ) 
 CURVE ( )  GEOMETRIC_REPRESENTATION_ITEM ( )  RATIONAL_B_SPLINE_CURVE ( ( 1.000000000000000000, 0.3333333333333333703, 0.3333333333333333703, 1.000000000000000000 ) ) 
 REPRESENTATION_ITEM ( '' )  );
#2049 = EDGE_CURVE ( 'NONE', #852, #642, #2579, .T. ) ;
#2050 = DIRECTION ( 'NONE',  ( 0.000000000000000000, 0.000000000000000000, -1.000000000000000000 ) ) ;
#2051 = ORIENTED_EDGE ( 'NONE', *, *, #3275, .T. ) ;
#2052 = ORIENTED_EDGE ( 'NONE', *, *, #1005, .F. ) ;
#2053 = DIRECTION ( 'NONE',  ( 1.000000000000000000, 0.000000000000000000, 0.000000000000000000 ) ) ;
#2054 = ORIENTED_EDGE ( 'NONE', *, *, #1474, .T. ) ;
#2055 = CARTESIAN_POINT ( 'NONE',  ( 100.7500000000000568, 27.00000000000000000, 155.0000000000000284 ) ) ;
#2056 = CARTESIAN_POINT ( 'NONE',  ( 7.500000000000018652, 27.00000000000000000, 157.5000000000000000 ) ) ;
#2057 = CARTESIAN_POINT ( 'NONE',  ( 99.00000000000046896, 2.000000000000000000, 112.7499999999999858 ) ) ;
#2058 = DIRECTION ( 'NONE',  ( 1.000000000000000000, -0.000000000000000000, -3.524517538492561236E-16 ) ) ;
#2059 = EDGE_CURVE ( 'NONE', #1329, #1869, #1033, .T. ) ;
#2060 = VERTEX_POINT ( 'NONE', #1991 ) ;
#2061 = VERTEX_POINT ( 'NONE', #983 ) ;
#2062 = DIRECTION ( 'NONE',  ( 3.273063162220403268E-17, 1.000000000000000000, 0.000000000000000000 ) ) ;
#2063 = FACE_OUTER_BOUND ( 'NONE', #3232, .T. ) ;
#2064 = EDGE_LOOP ( 'NONE', ( #442, #1650, #1242, #1055 ) ) ;
#2065 = ORIENTED_EDGE ( 'NONE', *, *, #1878, .F. ) ;
#2066 = CIRCLE ( 'NONE', #2567, 5.750000000000005329 ) ;
#2067 = DIRECTION ( 'NONE',  ( 0.000000000000000000, 0.000000000000000000, -1.000000000000000000 ) ) ;
#2068 = CARTESIAN_POINT ( 'NONE',  ( 122.5000000000000426, 19.49999999999999645, 157.5000000000000284 ) ) ;
#2069 = DIRECTION ( 'NONE',  ( 3.273063162220403268E-17, 1.000000000000000000, 0.000000000000000000 ) ) ;
#2070 = PLANE ( 'NONE',  #3999 ) ;
#2071 = AXIS2_PLACEMENT_3D ( 'NONE', #1467, #2081, #3431 ) ;
#2072 = EDGE_CURVE ( 'NONE', #3360, #4158, #905, .T. ) ;
#2073 = EDGE_LOOP ( 'NONE', ( #921, #1311, #1962, #3435, #2133 ) ) ;
#2074 = CYLINDRICAL_SURFACE ( 'NONE', #3125, 1.799999999999996048 ) ;
#2075 = FACE_OUTER_BOUND ( 'NONE', #2323, .T. ) ;
#2076 = VERTEX_POINT ( 'NONE', #587 ) ;
#2077 = AXIS2_PLACEMENT_3D ( 'NONE', #3924, #2989, #2971 ) ;
#2078 = AXIS2_PLACEMENT_3D ( 'NONE', #2189, #2880, #3476 ) ;
#2079 = CARTESIAN_POINT ( 'NONE',  ( 116.0000000000000426, 2.999999999999995115, 112.7500000000000142 ) ) ;
#2080 = LINE ( 'NONE', #3384, #123 ) ;
#2081 = DIRECTION ( 'NONE',  ( 0.000000000000000000, -0.9659258262890697555, 0.2588190451025152994 ) ) ;
#2082 = CARTESIAN_POINT ( 'NONE',  ( 105.2500000000000426, 20.50000000000000000, 155.0000000000000284 ) ) ;
#2083 = AXIS2_PLACEMENT_3D ( 'NONE', #765, #1138, #3234 ) ;
#2084 = VERTEX_POINT ( 'NONE', #1923 ) ;
#2085 = ORIENTED_EDGE ( 'NONE', *, *, #3701, .T. ) ;
#2086 = CARTESIAN_POINT ( 'NONE',  ( 114.2500000000000426, 5.000000000000000888, 149.2500000000000000 ) ) ;
#2087 = LINE ( 'NONE', #1734, #3616 ) ;
#2088 = ORIENTED_EDGE ( 'NONE', *, *, #1303, .F. ) ;
#2089 = EDGE_LOOP ( 'NONE', ( #1459, #1227, #3671, #3633 ) ) ;
#2090 = EDGE_CURVE ( 'NONE', #175, #1714, #1285, .T. ) ;
#2091 = FACE_OUTER_BOUND ( 'NONE', #3752, .T. ) ;
#2092 = DIRECTION ( 'NONE',  ( -0.000000000000000000, -0.000000000000000000, -1.000000000000000000 ) ) ;
#2093 = DIRECTION ( 'NONE',  ( 0.000000000000000000, 0.000000000000000000, -1.000000000000000000 ) ) ;
#2094 = CARTESIAN_POINT ( 'NONE',  ( 105.2500000000000426, 15.99999999999999645, 138.7750192604120514 ) ) ;
#2095 = AXIS2_PLACEMENT_3D ( 'NONE', #1634, #622, #2643 ) ;
#2096 = ORIENTED_EDGE ( 'NONE', *, *, #1141, .F. ) ;
#2097 = CARTESIAN_POINT ( 'NONE',  ( 122.5000000000000000, 7.500000000000000000, 2.643388153869420409E-15 ) ) ;
#2098 = VECTOR ( 'NONE', #1504, 1000.000000000000000 ) ;
#2099 = LINE ( 'NONE', #4115, #67 ) ;
#2100 = AXIS2_PLACEMENT_3D ( 'NONE', #714, #3678, #667 ) ;
#2101 = ORIENTED_EDGE ( 'NONE', *, *, #1164, .F. ) ;
#2102 = EDGE_CURVE ( 'NONE', #4225, #175, #943, .T. ) ;
#2103 = DIRECTION ( 'NONE',  ( -3.524517538492560743E-16, 0.000000000000000000, -1.000000000000000000 ) ) ;
#2104 = DIRECTION ( 'NONE',  ( -4.081702296416017969E-16, 0.000000000000000000, 1.000000000000000000 ) ) ;
#2105 = DIRECTION ( 'NONE',  ( -2.312964634635740492E-16, 0.000000000000000000, 1.000000000000000000 ) ) ;
#2106 = DIRECTION ( 'NONE',  ( -1.000000000000000000, 0.000000000000000000, 0.000000000000000000 ) ) ;
#2107 = ORIENTED_EDGE ( 'NONE', *, *, #1272, .T. ) ;
#2108 = VERTEX_POINT ( 'NONE', #3297 ) ;
#2109 = VECTOR ( 'NONE', #919, 1000.000000000000000 ) ;
#2110 = DIRECTION ( 'NONE',  ( -0.000000000000000000, 1.000000000000000000, -0.000000000000000000 ) ) ;
#2111 = LINE ( 'NONE', #3820, #4242 ) ;
#2112 = AXIS2_PLACEMENT_3D ( 'NONE', #3525, #510, #1846 ) ;
#2113 = ADVANCED_FACE ( 'NONE', ( #3004 ), #284, .F. ) ;
#2114 = ORIENTED_EDGE ( 'NONE', *, *, #4093, .T. ) ;
#2115 = CARTESIAN_POINT ( 'NONE',  ( 130.0000000000000000, 27.00000000000000000, 0.000000000000000000 ) ) ;
#2116 = LINE ( 'NONE', #2401, #1115 ) ;
#2117 = CARTESIAN_POINT ( 'NONE',  ( 116.5000000000000568, 24.00000000000000000, 14.49999999999999822 ) ) ;
#2118 = DIRECTION ( 'NONE',  ( 1.000000000000000000, 0.000000000000000000, -0.000000000000000000 ) ) ;
#2119 = EDGE_CURVE ( 'NONE', #642, #329, #2229, .T. ) ;
#2120 = ORIENTED_EDGE ( 'NONE', *, *, #276, .T. ) ;
#2121 = DIRECTION ( 'NONE',  ( 0.000000000000000000, -1.000000000000000000, 0.000000000000000000 ) ) ;
#2122 = CARTESIAN_POINT ( 'NONE',  ( 124.7500000000000568, 9.250000000000000000, 27.01011938817844538 ) ) ;
#2123 = ORIENTED_EDGE ( 'NONE', *, *, #4173, .F. ) ;
#2124 = CARTESIAN_POINT ( 'NONE',  ( 105.2500000000000426, 20.50000000000000000, 165.0000000000000000 ) ) ;
#2125 = DIRECTION ( 'NONE',  ( 0.000000000000000000, -1.000000000000000000, 0.000000000000000000 ) ) ;
#2126 = CARTESIAN_POINT ( 'NONE',  ( 10.00000000000000711, 8.499999999999996447, 105.0000000000000284 ) ) ;
#2127 = CARTESIAN_POINT ( 'NONE',  ( 114.2132586647406782, 19.83246791740914006, 165.0000000000000284 ) ) ;
#2128 = EDGE_LOOP ( 'NONE', ( #898, #3531, #1597, #2544 ) ) ;
#2129 = EDGE_CURVE ( 'NONE', #566, #506, #4256, .T. ) ;
#2130 = ORIENTED_EDGE ( 'NONE', *, *, #1898, .T. ) ;
#2131 = DIRECTION ( 'NONE',  ( -0.000000000000000000, 0.000000000000000000, 1.000000000000000000 ) ) ;
#2132 = LINE ( 'NONE', #2887, #739 ) ;
#2133 = ORIENTED_EDGE ( 'NONE', *, *, #4047, .T. ) ;
#2134 = FACE_OUTER_BOUND ( 'NONE', #729, .T. ) ;
#2135 = CARTESIAN_POINT ( 'NONE',  ( 2.800000000000004263, 22.00000000000000000, 12.00000000000000000 ) ) ;
#2136 = DIRECTION ( 'NONE',  ( -1.000000000000000000, 0.000000000000000000, -0.000000000000000000 ) ) ;
#2137 = LINE ( 'NONE', #190, #3173 ) ;
#2138 = VERTEX_POINT ( 'NONE', #567 ) ;
#2139 = FACE_OUTER_BOUND ( 'NONE', #299, .T. ) ;
#2140 = FACE_BOUND ( 'NONE', #3540, .T. ) ;
#2141 = AXIS2_PLACEMENT_3D ( 'NONE', #245, #1576, #201 ) ;
#2142 = ORIENTED_EDGE ( 'NONE', *, *, #558, .T. ) ;
#2143 = EDGE_CURVE ( 'NONE', #4116, #277, #2653, .T. ) ;
#2144 = DIRECTION ( 'NONE',  ( -1.820037745287141918E-16, -0.000000000000000000, -1.000000000000000000 ) ) ;
#2145 = DIRECTION ( 'NONE',  ( 1.000000000000000000, -2.775557561562891351E-15, 0.000000000000000000 ) ) ;
#2146 = VECTOR ( 'NONE', #2325, 1000.000000000000000 ) ;
#2147 = CARTESIAN_POINT ( 'NONE',  ( 100.8003464438020416, 21.25350564125601949, 164.8003311322797515 ) ) ;
#2148 = CARTESIAN_POINT ( 'NONE',  ( 108.3302383518161065, 7.699999999999996625, 49.49999999999995737 ) ) ;
#2149 = VECTOR ( 'NONE', #3560, 1000.000000000000000 ) ;
#2150 = ORIENTED_EDGE ( 'NONE', *, *, #1460, .F. ) ;
#2151 = DIRECTION ( 'NONE',  ( 3.273063162220403268E-17, 1.000000000000000000, 0.000000000000000000 ) ) ;
#2152 = CARTESIAN_POINT ( 'NONE',  ( 113.5500000000000540, 15.99999999999999289, 112.7500000000000142 ) ) ;
#2153 = VECTOR ( 'NONE', #2144, 1000.000000000000000 ) ;
#2154 = ORIENTED_EDGE ( 'NONE', *, *, #1072, .T. ) ;
#2155 = CARTESIAN_POINT ( 'NONE',  ( 6.063312881716255236E-16, 7.500000000000000000, 5.000000000000031974 ) ) ;
#2156 = EDGE_CURVE ( 'NONE', #1738, #3002, #3425, .T. ) ;
#2157 = CARTESIAN_POINT ( 'NONE',  ( 99.00000000000005684, 15.99999999999999645, 112.7500000000000142 ) ) ;
#2158 = CARTESIAN_POINT ( 'NONE',  ( 123.2500000000000568, 9.250000000000000000, 32.50000000000000000 ) ) ;
#2159 = FILL_AREA_STYLE ('',( #129 ) ) ;
#2160 = AXIS2_PLACEMENT_3D ( 'NONE', #4220, #1498, #4172 ) ;
#2161 = EDGE_LOOP ( 'NONE', ( #914, #699, #4090, #1358 ) ) ;
#2162 = CARTESIAN_POINT ( 'NONE',  ( 130.0000000000000568, 7.500000000000000000, 157.5000000000000000 ) ) ;
#2163 = LINE ( 'NONE', #1819, #2098 ) ;
#2164 = CIRCLE ( 'NONE', #2516, 2.250000000000001776 ) ;
#2165 = ADVANCED_FACE ( 'NONE', ( #4274, #476 ), #1787, .T. ) ;
#2166 = AXIS2_PLACEMENT_3D ( 'NONE', #387, #1436, #3471 ) ;
#2167 = ORIENTED_EDGE ( 'NONE', *, *, #191, .F. ) ;
#2168 = FACE_BOUND ( 'NONE', #3081, .T. ) ;
#2169 = DIRECTION ( 'NONE',  ( 0.000000000000000000, 0.000000000000000000, -1.000000000000000000 ) ) ;
#2170 = DIRECTION ( 'NONE',  ( -1.000000000000000000, 0.000000000000000000, 0.000000000000000000 ) ) ;
#2171 = VECTOR ( 'NONE', #2980, 1000.000000000000000 ) ;
#2172 = EDGE_CURVE ( 'NONE', #2436, #3948, #2304, .T. ) ;
#2173 = EDGE_CURVE ( 'NONE', #1548, #3084, #4008, .T. ) ;
#2174 = ORIENTED_EDGE ( 'NONE', *, *, #2025, .T. ) ;
#2175 = LINE ( 'NONE', #1185, #2351 ) ;
#2176 = LINE ( 'NONE', #2528, #459 ) ;
#2177 = VERTEX_POINT ( 'NONE', #428 ) ;
#2178 = FACE_BOUND ( 'NONE', #2324, .T. ) ;
#2179 = DIRECTION ( 'NONE',  ( 0.000000000000000000, 0.000000000000000000, -1.000000000000000000 ) ) ;
#2180 = VECTOR ( 'NONE', #756, 1000.000000000000000 ) ;
#2181 = CARTESIAN_POINT ( 'NONE',  ( 52.25000000000004263, 20.19999999999999929, 160.0000000000000000 ) ) ;
#2182 = ORIENTED_EDGE ( 'NONE', *, *, #3994, .T. ) ;
#2183 = EDGE_CURVE ( 'NONE', #4006, #2483, #3300, .T. ) ;
#2184 = CARTESIAN_POINT ( 'NONE',  ( 99.00000000000005684, 15.99999999999999645, 151.7500000000000000 ) ) ;
#2185 = ORIENTED_EDGE ( 'NONE', *, *, #888, .F. ) ;
#2186 = PLANE ( 'NONE',  #4059 ) ;
#2187 = VERTEX_POINT ( 'NONE', #149 ) ;
#2188 = FACE_OUTER_BOUND ( 'NONE', #241, .T. ) ;
#2189 = CARTESIAN_POINT ( 'NONE',  ( 0.000000000000000000, 27.00000000000000000, 0.000000000000000000 ) ) ;
#2190 = CARTESIAN_POINT ( 'NONE',  ( 122.5000000000000142, 7.500000000000000000, 43.49999999999995026 ) ) ;
#2191 = CARTESIAN_POINT ( 'NONE',  ( 90.00000000000005684, -0.6431157597433243556, 0.4937086559420683640 ) ) ;
#2192 = ORIENTED_EDGE ( 'NONE', *, *, #3612, .F. ) ;
#2193 = CARTESIAN_POINT ( 'NONE',  ( 114.2000000000000455, 2.000000000000000000, 112.7500000000000142 ) ) ;
#2194 = CARTESIAN_POINT ( 'NONE',  ( 109.7500000000000426, 15.99999999999999645, 165.0000000000000000 ) ) ;
#2195 = ORIENTED_EDGE ( 'NONE', *, *, #3357, .F. ) ;
#2196 = CARTESIAN_POINT ( 'NONE',  ( 99.00000000000046896, 0.000000000000000000, 112.7499999999999858 ) ) ;
#2197 = DIRECTION ( 'NONE',  ( 0.000000000000000000, 0.000000000000000000, 1.000000000000000000 ) ) ;
#2198 = CYLINDRICAL_SURFACE ( 'NONE', #620, 1.799999999999996048 ) ;
#2199 = ORIENTED_EDGE ( 'NONE', *, *, #380, .T. ) ;
#2200 = FACE_OUTER_BOUND ( 'NONE', #3290, .T. ) ;
#2201 = DIRECTION ( 'NONE',  ( 1.000000000000000000, -0.000000000000000000, -3.524517538492561236E-16 ) ) ;
#2202 = ORIENTED_EDGE ( 'NONE', *, *, #3427, .T. ) ;
#2203 = AXIS2_PLACEMENT_3D ( 'NONE', #895, #2845, #3532 ) ;
#2204 = VERTEX_POINT ( 'NONE', #1064 ) ;
#2205 = LINE ( 'NONE', #4227, #901 ) ;
#2206 = CIRCLE ( 'NONE', #2780, 2.200000000000000178 ) ;
#2207 = DIRECTION ( 'NONE',  ( -1.000000000000000000, 0.000000000000000000, 0.000000000000000000 ) ) ;
#2208 = CARTESIAN_POINT ( 'NONE',  ( 116.0000000000000568, 2.000000000000000000, 149.5000000000000000 ) ) ;
#2209 = EDGE_CURVE ( 'NONE', #3143, #3720, #4197, .T. ) ;
#2210 = CARTESIAN_POINT ( 'NONE',  ( 82.50000000000005684, 4.999999999999997335, 152.5000000000000000 ) ) ;
#2211 = ORIENTED_EDGE ( 'NONE', *, *, #840, .F. ) ;
#2212 = CYLINDRICAL_SURFACE ( 'NONE', #3276, 7.500000000000000000 ) ;
#2213 = LINE ( 'NONE', #4166, #1158 ) ;
#2214 = EDGE_CURVE ( 'NONE', #4287, #1941, #2116, .T. ) ;
#2215 = ORIENTED_EDGE ( 'NONE', *, *, #612, .T. ) ;
#2216 = VECTOR ( 'NONE', #3877, 1000.000000000000000 ) ;
#2217 = DIRECTION ( 'NONE',  ( 3.273063162220403268E-17, 1.000000000000000000, 0.000000000000000000 ) ) ;
#2218 = AXIS2_PLACEMENT_3D ( 'NONE', #477, #2402, #3663 ) ;
#2219 = FACE_OUTER_BOUND ( 'NONE', #655, .T. ) ;
#2220 = FACE_OUTER_BOUND ( 'NONE', #3093, .T. ) ;
#2221 = ADVANCED_FACE ( 'NONE', ( #1740 ), #1455, .F. ) ;
#2222 = EDGE_CURVE ( 'NONE', #3780, #4011, #4132, .T. ) ;
#2223 = ORIENTED_EDGE ( 'NONE', *, *, #4128, .F. ) ;
#2224 = CARTESIAN_POINT ( 'NONE',  ( 7.200000000000004619, 5.000000000000000000, 0.000000000000000000 ) ) ;
#2225 = CARTESIAN_POINT ( 'NONE',  ( 116.5000000000000568, 18.00000000000000355, 14.49999999999999822 ) ) ;
#2226 = VECTOR ( 'NONE', #3453, 1000.000000000000000 ) ;
#2227 = ORIENTED_EDGE ( 'NONE', *, *, #534, .T. ) ;
#2228 = ORIENTED_EDGE ( 'NONE', *, *, #2839, .F. ) ;
#2229 = LINE ( 'NONE', #3271, #3144 ) ;
#2230 = DIRECTION ( 'NONE',  ( 3.273063162220403268E-17, 1.000000000000000000, 0.000000000000000000 ) ) ;
#2231 = LINE ( 'NONE', #2968, #3779 ) ;
#2232 = ADVANCED_FACE ( 'NONE', ( #3086, #1765 ), #76, .T. ) ;
#2233 = EDGE_LOOP ( 'NONE', ( #288, #1720, #418, #1439, #2248 ) ) ;
#2234 = EDGE_CURVE ( 'NONE', #3720, #665, #2760, .T. ) ;
#2235 = FACE_OUTER_BOUND ( 'NONE', #237, .T. ) ;
#2236 = AXIS2_PLACEMENT_3D ( 'NONE', #2882, #838, #2170 ) ;
#2237 = LINE ( 'NONE', #575, #3955 ) ;
#2238 = EDGE_LOOP ( 'NONE', ( #2114, #1763 ) ) ;
#2239 = LINE ( 'NONE', #3651, #3318 ) ;
#2240 = DIRECTION ( 'NONE',  ( 1.000000000000000000, 0.000000000000000000, 0.000000000000000000 ) ) ;
#2241 = EDGE_CURVE ( 'NONE', #3948, #1428, #126, .T. ) ;
#2242 = AXIS2_PLACEMENT_3D ( 'NONE', #3649, #313, #354 ) ;
#2243 = ORIENTED_EDGE ( 'NONE', *, *, #1616, .F. ) ;
#2244 = LINE ( 'NONE', #2872, #226 ) ;
#2245 = LINE ( 'NONE', #939, #1748 ) ;
#2246 = EDGE_CURVE ( 'NONE', #2685, #73, #1323, .T. ) ;
#2247 = ADVANCED_FACE ( 'NONE', ( #1106 ), #2804, .F. ) ;
#2248 = ORIENTED_EDGE ( 'NONE', *, *, #3162, .T. ) ;
#2249 = EDGE_LOOP ( 'NONE', ( #3998, #152, #3152, #2381 ) ) ;
#2250 = FACE_OUTER_BOUND ( 'NONE', #1184, .T. ) ;
#2251 = PLANE ( 'NONE',  #3284 ) ;
#2252 = DIRECTION ( 'NONE',  ( 0.000000000000000000, 0.000000000000000000, -1.000000000000000000 ) ) ;
#2253 = EDGE_CURVE ( 'NONE', #2407, #525, #1084, .T. ) ;
#2254 = CARTESIAN_POINT ( 'NONE',  ( 95.00000000000004263, 24.00000000000000000, 149.2500000000000000 ) ) ;
#2255 = ORIENTED_EDGE ( 'NONE', *, *, #1218, .T. ) ;
#2256 = DIRECTION ( 'NONE',  ( -1.000000000000000000, 3.273063162220403268E-17, 0.000000000000000000 ) ) ;
#2257 = CYLINDRICAL_SURFACE ( 'NONE', #322, 2.449999999999993960 ) ;
#2258 = DIRECTION ( 'NONE',  ( 0.000000000000000000, 0.000000000000000000, 1.000000000000000000 ) ) ;
#2259 = ADVANCED_FACE ( 'NONE', ( #3490 ), #1431, .T. ) ;
#2260 = ORIENTED_EDGE ( 'NONE', *, *, #3282, .T. ) ;
#2261 = DIRECTION ( 'NONE',  ( 3.273063162220403268E-17, 1.000000000000000000, 0.000000000000000000 ) ) ;
#2262 = CARTESIAN_POINT ( 'NONE',  ( 111.0000000000000568, 24.00000000000000000, 4.500000000000000000 ) ) ;
#2263 = ORIENTED_EDGE ( 'NONE', *, *, #1722, .F. ) ;
#2264 = EDGE_LOOP ( 'NONE', ( #4083, #2199, #3380, #3416 ) ) ;
#2265 = DIRECTION ( 'NONE',  ( 0.000000000000000000, 0.000000000000000000, 1.000000000000000000 ) ) ;
#2266 = LINE ( 'NONE', #2289, #419 ) ;
#2267 = ORIENTED_EDGE ( 'NONE', *, *, #1260, .F. ) ;
#2268 = EDGE_LOOP ( 'NONE', ( #1879, #2, #2393, #689 ) ) ;
#2269 = DIRECTION ( 'NONE',  ( 1.000000000000000000, 0.000000000000000000, 0.000000000000000000 ) ) ;
#2270 = CARTESIAN_POINT ( 'NONE',  ( 105.2500000000000426, 15.99999999999999645, 138.7750192604120514 ) ) ;
#2271 = FACE_OUTER_BOUND ( 'NONE', #2834, .T. ) ;
#2272 = EDGE_CURVE ( 'NONE', #1243, #2009, #1956, .T. ) ;
#2273 = ORIENTED_EDGE ( 'NONE', *, *, #2619, .T. ) ;
#2274 = EDGE_CURVE ( 'NONE', #554, #2743, #825, .T. ) ;
#2275 = DIRECTION ( 'NONE',  ( -0.000000000000000000, -1.000000000000000000, 0.000000000000000000 ) ) ;
#2276 = DIRECTION ( 'NONE',  ( 0.000000000000000000, -1.000000000000000000, 0.000000000000000000 ) ) ;
#2277 = CARTESIAN_POINT ( 'NONE',  ( 97.20000000000005969, 2.999999999999996003, 151.7500000000000000 ) ) ;
#2278 = VECTOR ( 'NONE', #1706, 1000.000000000000000 ) ;
#2279 = EDGE_LOOP ( 'NONE', ( #4029, #2765 ) ) ;
#2280 = DIRECTION ( 'NONE',  ( 1.000000000000000000, 0.000000000000000000, 0.000000000000000000 ) ) ;
#2281 = CARTESIAN_POINT ( 'NONE',  ( 99.00000000000046896, 0.000000000000000000, 114.9999999999999858 ) ) ;
#2282 = VERTEX_POINT ( 'NONE', #3223 ) ;
#2283 = B_SPLINE_CURVE_WITH_KNOTS ( 'NONE', 3,
 ( #3581, #2569, #1825, #2500, #1182, #2522, #3172, #570, #1864, #4144, #3859, #1140, #2477, #1510, #1558, #1491, #1534, #2147, #3504, #2838, #864, #3837 ),
 .UNSPECIFIED., .F., .F.,
 ( 4, 2, 2, 2, 2, 2, 2, 2, 2, 2, 4 ),
 ( 0.000000000000000000, 0.001055678082842864728, 0.001583517124264326040, 0.002111356165685787569, 0.003167034248528683305, 0.004222712331371579475, 0.005278390414214474344, 0.005806229455635933921, 0.006334068497057391764, 0.007389746579900310051, 0.008445424662743228339 ),
 .UNSPECIFIED. ) ;
#2284 = AXIS2_PLACEMENT_3D ( 'NONE', #1291, #3279, #2256 ) ;
#2285 = AXIS2_PLACEMENT_3D ( 'NONE', #265, #2922, #2207 ) ;
#2286 = ADVANCED_FACE ( 'NONE', ( #848 ), #1936, .F. ) ;
#2287 = ORIENTED_EDGE ( 'NONE', *, *, #539, .T. ) ;
#2288 = DIRECTION ( 'NONE',  ( -0.000000000000000000, 1.000000000000000000, -0.000000000000000000 ) ) ;
#2289 = CARTESIAN_POINT ( 'NONE',  ( 124.7500000000000568, 24.00000000000000000, 43.85640646055166769 ) ) ;
#2290 = AXIS2_PLACEMENT_3D ( 'NONE', #1686, #4032, #3030 ) ;
#2291 = ORIENTED_EDGE ( 'NONE', *, *, #2933, .T. ) ;
#2292 = ORIENTED_EDGE ( 'NONE', *, *, #2952, .F. ) ;
#2293 = DIRECTION ( 'NONE',  ( 1.000000000000000000, 0.000000000000000000, -3.524517538492561236E-16 ) ) ;
#2294 = DIRECTION ( 'NONE',  ( -1.000000000000000000, 0.000000000000000000, 0.000000000000000000 ) ) ;
#2295 = DIRECTION ( 'NONE',  ( -0.000000000000000000, -1.000000000000000000, -0.000000000000000000 ) ) ;
#2296 = EDGE_CURVE ( 'NONE', #2743, #3699, #3160, .T. ) ;
#2297 = CIRCLE ( 'NONE', #3700, 1.250000000000001110 ) ;
#2298 = ORIENTED_EDGE ( 'NONE', *, *, #2826, .F. ) ;
#2299 = DIRECTION ( 'NONE',  ( 0.000000000000000000, 0.000000000000000000, 1.000000000000000000 ) ) ;
#2300 = CARTESIAN_POINT ( 'NONE',  ( 116.0000000000000426, -6.929646455628168056, 112.7500000000000142 ) ) ;
#2301 = FACE_OUTER_BOUND ( 'NONE', #2555, .T. ) ;
#2302 = ADVANCED_FACE ( 'NONE', ( #1257 ), #1545, .F. ) ;
#2303 = EDGE_CURVE ( 'NONE', #2986, #4084, #234, .T. ) ;
#2304 = CIRCLE ( 'NONE', #2447, 7.500000000000007105 ) ;
#2305 = AXIS2_PLACEMENT_3D ( 'NONE', #2696, #1721, #738 ) ;
#2306 = ORIENTED_EDGE ( 'NONE', *, *, #1387, .T. ) ;
#2307 = CARTESIAN_POINT ( 'NONE',  ( 122.5000000000000426, 7.500000000000000000, 165.0000000000000284 ) ) ;
#2308 = DIRECTION ( 'NONE',  ( 0.000000000000000000, 0.9961946980917448791, -0.08715574274766621499 ) ) ;
#2309 = CIRCLE ( 'NONE', #3238, 2.250000000000001776 ) ;
#2310 = EDGE_LOOP ( 'NONE', ( #1347, #2821 ) ) ;
#2311 = PLANE ( 'NONE',  #3315 ) ;
#2312 = PLANE ( 'NONE',  #1048 ) ;
#2313 = AXIS2_PLACEMENT_3D ( 'NONE', #451, #2511, #2258 ) ;
#2314 = EDGE_CURVE ( 'NONE', #2764, #2483, #188, .T. ) ;
#2315 = ORIENTED_EDGE ( 'NONE', *, *, #3597, .F. ) ;
#2316 = AXIS2_PLACEMENT_3D ( 'NONE', #3185, #2560, #174 ) ;
#2317 = EDGE_LOOP ( 'NONE', ( #3459, #2195, #1339, #1553 ) ) ;
#2318 = DIRECTION ( 'NONE',  ( 3.524517538492561236E-16, 0.000000000000000000, 1.000000000000000000 ) ) ;
#2319 = DIRECTION ( 'NONE',  ( 0.000000000000000000, 0.000000000000000000, -1.000000000000000000 ) ) ;
#2320 = PRODUCT_DEFINITION_FORMATION_WITH_SPECIFIED_SOURCE ( 'ANY', '', #3558, .NOT_KNOWN. ) ;
#2321 = DIRECTION ( 'NONE',  ( 0.000000000000000000, 2.478176394252585085E-16, -1.000000000000000000 ) ) ;
#2322 = VECTOR ( 'NONE', #3055, 1000.000000000000000 ) ;
#2323 = EDGE_LOOP ( 'NONE', ( #1695, #484, #4049 ) ) ;
#2324 = EDGE_LOOP ( 'NONE', ( #3802, #3245 ) ) ;
#2325 = DIRECTION ( 'NONE',  ( 0.000000000000000000, 0.000000000000000000, -1.000000000000000000 ) ) ;
#2326 = CARTESIAN_POINT ( 'NONE',  ( 124.7500000000000568, 16.00000000000000000, 13.99999999999999822 ) ) ;
#2327 = DIRECTION ( 'NONE',  ( 0.000000000000000000, -1.000000000000000000, 0.000000000000000000 ) ) ;
#2328 = VERTEX_POINT ( 'NONE', #4239 ) ;
#2329 = LINE ( 'NONE', #297, #2538 ) ;
#2330 = DIRECTION ( 'NONE',  ( 0.000000000000000000, 0.000000000000000000, -1.000000000000000000 ) ) ;
#2331 = ORIENTED_EDGE ( 'NONE', *, *, #628, .F. ) ;
#2332 = EDGE_CURVE ( 'NONE', #2076, #774, #2374, .T. ) ;
#2333 = CARTESIAN_POINT ( 'NONE',  ( 116.0000000000000426, -6.929646455628168056, 151.7500000000000000 ) ) ;
#2334 = CYLINDRICAL_SURFACE ( 'NONE', #2100, 0.7500000000000006661 ) ;
#2335 = EDGE_LOOP ( 'NONE', ( #1530, #2291, #2841, #940 ) ) ;
#2336 = ORIENTED_EDGE ( 'NONE', *, *, #1066, .F. ) ;
#2337 = DIRECTION ( 'NONE',  ( -8.734376165021487580E-32, -1.000000000000000000, -2.478176394252585085E-16 ) ) ;
#2338 = ORIENTED_EDGE ( 'NONE', *, *, #3719, .T. ) ;
#2339 = EDGE_CURVE ( 'NONE', #14, #525, #1909, .T. ) ;
#2340 = CARTESIAN_POINT ( 'NONE',  ( 99.00000000000005684, 2.999999999999996003, 112.7500000000000142 ) ) ;
#2341 = CARTESIAN_POINT ( 'NONE',  ( 95.00000000000005684, 27.00000000000000000, 115.2500000000000000 ) ) ;
#2342 = CARTESIAN_POINT ( 'NONE',  ( 111.0000000000000568, 24.00000000000000000, 14.49999999999999822 ) ) ;
#2343 = CIRCLE ( 'NONE', #2987, 2.250000000000001776 ) ;
#2344 = ORIENTED_EDGE ( 'NONE', *, *, #3670, .F. ) ;
#2345 = AXIS2_PLACEMENT_3D ( 'NONE', #4218, #187, #1496 ) ;
#2346 = CARTESIAN_POINT ( 'NONE',  ( 124.7500000000000568, 9.250000000000000000, 17.50000000000000000 ) ) ;
#2347 = DIRECTION ( 'NONE',  ( 3.273063162220403268E-17, 1.000000000000000000, -0.000000000000000000 ) ) ;
#2348 = ORIENTED_EDGE ( 'NONE', *, *, #413, .T. ) ;
#2349 = AXIS2_PLACEMENT_3D ( 'NONE', #745, #2391, #703 ) ;
#2350 = ADVANCED_FACE ( 'NONE', ( #1235 ), #517, .T. ) ;
#2351 = VECTOR ( 'NONE', #3839, 1000.000000000000000 ) ;
#2352 = ORIENTED_EDGE ( 'NONE', *, *, #432, .T. ) ;
#2353 = FACE_OUTER_BOUND ( 'NONE', #1860, .T. ) ;
#2354 = AXIS2_PLACEMENT_3D ( 'NONE', #16, #4033, #39 ) ;
#2355 = CARTESIAN_POINT ( 'NONE',  ( 82.50000000000005684, 8.499999999999996447, 152.5000000000000000 ) ) ;
#2356 = EDGE_CURVE ( 'NONE', #1002, #1289, #1170, .T. ) ;
#2357 = ADVANCED_FACE ( 'NONE', ( #2846 ), #3263, .F. ) ;
#2358 = ORIENTED_EDGE ( 'NONE', *, *, #2826, .T. ) ;
#2359 = ORIENTED_EDGE ( 'NONE', *, *, #1933, .F. ) ;
#2360 = VECTOR ( 'NONE', #961, 1000.000000000000000 ) ;
#2361 = EDGE_LOOP ( 'NONE', ( #3106, #2228, #530, #2680, #3186, #1656, #1039, #3302, #4261, #2425, #2260, #355, #304, #2439 ) ) ;
#2362 = CARTESIAN_POINT ( 'NONE',  ( 130.0000000000000000, 7.500000000000000000, 0.000000000000000000 ) ) ;
#2363 = DIRECTION ( 'NONE',  ( -1.000000000000000000, 0.000000000000000000, 0.000000000000000000 ) ) ;
#2364 = ADVANCED_BREP_SHAPE_REPRESENTATION ( 'Main Case', ( #3962, #2112 ), #4001 ) ;
#2365 = DIRECTION ( 'NONE',  ( 0.000000000000000000, 0.000000000000000000, -1.000000000000000000 ) ) ;
#2366 = CARTESIAN_POINT ( 'NONE',  ( 5.000000000000004441, 22.00000000000000000, 12.00000000000000000 ) ) ;
#2367 = CIRCLE ( 'NONE', #485, 7.499999999999992895 ) ;
#2368 = EDGE_CURVE ( 'NONE', #3871, #3360, #1042, .T. ) ;
#2369 = ADVANCED_FACE ( 'NONE', ( #1914 ), #254, .T. ) ;
#2370 = VERTEX_POINT ( 'NONE', #3886 ) ;
#2371 = CYLINDRICAL_SURFACE ( 'NONE', #3894, 1.250000000000001110 ) ;
#2372 = DIRECTION ( 'NONE',  ( -0.000000000000000000, -0.000000000000000000, -1.000000000000000000 ) ) ;
#2373 = VERTEX_POINT ( 'NONE', #2867 ) ;
#2374 = CIRCLE ( 'NONE', #3847, 2.499999999999998668 ) ;
#2375 = AXIS2_PLACEMENT_3D ( 'NONE', #4051, #1046, #2384 ) ;
#2376 = ORIENTED_EDGE ( 'NONE', *, *, #456, .F. ) ;
#2377 = CARTESIAN_POINT ( 'NONE',  ( 10.00000000000000000, 4.999999999999997335, 0.000000000000000000 ) ) ;
#2378 = ADVANCED_FACE ( 'NONE', ( #2602 ), #3930, .F. ) ;
#2379 = CARTESIAN_POINT ( 'NONE',  ( 116.0000000000000426, 2.000000000000000000, 151.7500000000000000 ) ) ;
#2380 = VECTOR ( 'NONE', #900, 1000.000000000000000 ) ;
#2381 = ORIENTED_EDGE ( 'NONE', *, *, #1578, .T. ) ;
#2382 = PLANE ( 'NONE',  #584 ) ;
#2383 = EDGE_CURVE ( 'NONE', #2764, #409, #2164, .T. ) ;
#2384 = DIRECTION ( 'NONE',  ( 0.000000000000000000, 0.000000000000000000, -1.000000000000000000 ) ) ;
#2385 = ORIENTED_EDGE ( 'NONE', *, *, #181, .F. ) ;
#2386 = VECTOR ( 'NONE', #2684, 1000.000000000000000 ) ;
#2387 = ADVANCED_FACE ( 'NONE', ( #2219 ), #556, .T. ) ;
#2388 = VECTOR ( 'NONE', #1617, 1000.000000000000000 ) ;
#2389 = CARTESIAN_POINT ( 'NONE',  ( 122.5000000000000142, 19.50000000000000000, 39.99999999999995026 ) ) ;
#2390 = LINE ( 'NONE', #4336, #4248 ) ;
#2391 = DIRECTION ( 'NONE',  ( 0.000000000000000000, 0.000000000000000000, -1.000000000000000000 ) ) ;
#2392 = DIRECTION ( 'NONE',  ( 0.000000000000000000, 0.000000000000000000, -1.000000000000000000 ) ) ;
#2393 = ORIENTED_EDGE ( 'NONE', *, *, #908, .T. ) ;
#2394 = EDGE_LOOP ( 'NONE', ( #2825, #1077, #3174, #3971 ) ) ;
#2395 = FACE_OUTER_BOUND ( 'NONE', #624, .T. ) ;
#2396 = CARTESIAN_POINT ( 'NONE',  ( 47.75000000000004263, 20.19999999999999929, 164.9672618810378140 ) ) ;
#2397 = ORIENTED_EDGE ( 'NONE', *, *, #3472, .F. ) ;
#2398 = EDGE_CURVE ( 'NONE', #2469, #1453, #2048, .T. ) ;
#2399 = VERTEX_POINT ( 'NONE', #1036 ) ;
#2400 = DIRECTION ( 'NONE',  ( 1.000000000000000000, -0.000000000000000000, 0.000000000000000000 ) ) ;
#2401 = CARTESIAN_POINT ( 'NONE',  ( 2.800000000000004263, 5.000000000000000000, 12.00000000000000000 ) ) ;
#2402 = DIRECTION ( 'NONE',  ( 0.000000000000000000, 0.000000000000000000, -1.000000000000000000 ) ) ;
#2403 = CARTESIAN_POINT ( 'NONE',  ( 90.00000000000008527, 8.499999999999996447, 60.00000000000000000 ) ) ;
#2404 = ORIENTED_EDGE ( 'NONE', *, *, #248, .F. ) ;
#2405 = ORIENTED_EDGE ( 'NONE', *, *, #3912, .T. ) ;
#2406 = CARTESIAN_POINT ( 'NONE',  ( 127.0000000000000568, 7.699999999999996625, 43.49999999999995026 ) ) ;
#2407 = VERTEX_POINT ( 'NONE', #337 ) ;
#2408 = LINE ( 'NONE', #2362, #3568 ) ;
#2409 = CARTESIAN_POINT ( 'NONE',  ( 10.00000000000001599, 4.999999999999997335, 152.5000000000000000 ) ) ;
#2410 = DIRECTION ( 'NONE',  ( 3.273063162220403268E-17, 1.000000000000000000, 0.000000000000000000 ) ) ;
#2411 = DIRECTION ( 'NONE',  ( 1.000000000000000000, 7.355227538141669653E-14, 0.000000000000000000 ) ) ;
#2412 = PRODUCT_RELATED_PRODUCT_CATEGORY ( 'part', '', ( #3558 ) ) ;
#2413 = EDGE_CURVE ( 'NONE', #4084, #3249, #2955, .T. ) ;
#2414 = EDGE_LOOP ( 'NONE', ( #911, #2120, #2024, #2919 ) ) ;
#2415 = ORIENTED_EDGE ( 'NONE', *, *, #1898, .F. ) ;
#2416 = DIRECTION ( 'NONE',  ( -0.000000000000000000, 1.000000000000000000, -0.000000000000000000 ) ) ;
#2417 = EDGE_LOOP ( 'NONE', ( #2543, #2496 ) ) ;
#2418 = ORIENTED_EDGE ( 'NONE', *, *, #3593, .T. ) ;
#2419 = CIRCLE ( 'NONE', #1361, 2.449999999999993960 ) ;
#2420 = PLANE ( 'NONE',  #3718 ) ;
#2421 = DIRECTION ( 'NONE',  ( 0.000000000000000000, -0.000000000000000000, -1.000000000000000000 ) ) ;
#2422 = CARTESIAN_POINT ( 'NONE',  ( 100.7500000000000568, 5.000000000000000888, 109.5000000000000000 ) ) ;
#2423 = DIRECTION ( 'NONE',  ( 3.273063162220403268E-17, 1.000000000000000000, -0.000000000000000000 ) ) ;
#2424 = EDGE_CURVE ( 'NONE', #3104, #370, #1537, .T. ) ;
#2425 = ORIENTED_EDGE ( 'NONE', *, *, #191, .T. ) ;
#2426 = VERTEX_POINT ( 'NONE', #3997 ) ;
#2427 = CARTESIAN_POINT ( 'NONE',  ( 100.7500000000000568, 24.00000000000000000, 109.5000000000000000 ) ) ;
#2428 = VERTEX_POINT ( 'NONE', #357 ) ;
#2429 = AXIS2_PLACEMENT_3D ( 'NONE', #963, #2568, #2294 ) ;
#2430 = CARTESIAN_POINT ( 'NONE',  ( 17.50000000000001776, 22.00000000000000000, 160.0000000000000000 ) ) ;
#2431 = CARTESIAN_POINT ( 'NONE',  ( 105.2500000000000426, 15.99999999999999645, 165.0000000000000284 ) ) ;
#2432 = ADVANCED_FACE ( 'NONE', ( #1278 ), #1341, .F. ) ;
#2433 = DIRECTION ( 'NONE',  ( -1.212662576343243307E-16, 0.000000000000000000, -1.000000000000000000 ) ) ;
#2434 = CARTESIAN_POINT ( 'NONE',  ( 93.00000000000005684, 2.999999999999999112, 155.0000000000000284 ) ) ;
#2435 = ORIENTED_EDGE ( 'NONE', *, *, #3635, .T. ) ;
#2436 = VERTEX_POINT ( 'NONE', #4286 ) ;
#2437 = DIRECTION ( 'NONE',  ( 0.000000000000000000, 0.000000000000000000, -1.000000000000000000 ) ) ;
#2438 = CARTESIAN_POINT ( 'NONE',  ( 10.00000000000000000, 4.999999999999997335, 0.000000000000000000 ) ) ;
#2439 = ORIENTED_EDGE ( 'NONE', *, *, #938, .F. ) ;
#2440 = EDGE_CURVE ( 'NONE', #1428, #26, #1960, .T. ) ;
#2441 = ORIENTED_EDGE ( 'NONE', *, *, #2413, .T. ) ;
#2442 = CARTESIAN_POINT ( 'NONE',  ( 127.0000000000000568, 2.999999999999999112, 31.06922683753906966 ) ) ;
#2443 = DIRECTION ( 'NONE',  ( 3.273063162220403268E-17, 1.000000000000000000, 0.000000000000000000 ) ) ;
#2444 = DIRECTION ( 'NONE',  ( 0.000000000000000000, 1.000000000000000000, -0.000000000000000000 ) ) ;
#2445 = DIRECTION ( 'NONE',  ( -0.000000000000000000, 1.000000000000000000, -0.000000000000000000 ) ) ;
#2446 = EDGE_CURVE ( 'NONE', #1284, #3764, #1985, .T. ) ;
#2447 = AXIS2_PLACEMENT_3D ( 'NONE', #1129, #1812, #732 ) ;
#2448 = VERTEX_POINT ( 'NONE', #4018 ) ;
#2449 = CARTESIAN_POINT ( 'NONE',  ( 109.7500000000000426, 25.00000000000000355, 138.7750192604120514 ) ) ;
#2450 = AXIS2_PLACEMENT_3D ( 'NONE', #1287, #2634, #2678 ) ;
#2451 = DIRECTION ( 'NONE',  ( -1.000000000000000000, 0.000000000000000000, 0.000000000000000000 ) ) ;
#2452 = EDGE_CURVE ( 'NONE', #52, #2953, #3372, .T. ) ;
#2453 = ORIENTED_EDGE ( 'NONE', *, *, #1137, .F. ) ;
#2454 = DIRECTION ( 'NONE',  ( -1.000000000000000000, 0.000000000000000000, 0.000000000000000000 ) ) ;
#2455 = CARTESIAN_POINT ( 'NONE',  ( 7.200000000000004619, 22.00000000000000000, 12.00000000000000000 ) ) ;
#2456 = CARTESIAN_POINT ( 'NONE',  ( 124.7500000000000568, 10.74999999999999822, 27.01011938817844538 ) ) ;
#2457 = CARTESIAN_POINT ( 'NONE',  ( 97.20000000000005969, 2.000000000000000000, 112.7500000000000142 ) ) ;
#2458 = CIRCLE ( 'NONE', #3654, 2.200000000000000178 ) ;
#2459 = VERTEX_POINT ( 'NONE', #3632 ) ;
#2460 = EDGE_LOOP ( 'NONE', ( #305, #1305 ) ) ;
#2461 = CARTESIAN_POINT ( 'NONE',  ( 122.5000000000000568, 7.500000000000000000, 157.5000000000000000 ) ) ;
#2462 = DIRECTION ( 'NONE',  ( -0.000000000000000000, -1.000000000000000000, 0.000000000000000000 ) ) ;
#2463 = VECTOR ( 'NONE', #3237, 1000.000000000000000 ) ;
#2464 = VERTEX_POINT ( 'NONE', #1653 ) ;
#2465 = PLANE ( 'NONE',  #3175 ) ;
#2466 = CARTESIAN_POINT ( 'NONE',  ( 122.5000000000000568, 0.000000000000000000, 157.4999999999999716 ) ) ;
#2467 = CARTESIAN_POINT ( 'NONE',  ( 90.00000000000008527, 8.499999999999996447, 105.0000000000000284 ) ) ;
#2468 = CARTESIAN_POINT ( 'NONE',  ( 3.711269837220826595, 7.200000000000015277, 1.288730162779205157 ) ) ;
#2469 = VERTEX_POINT ( 'NONE', #2994 ) ;
#2470 = VERTEX_POINT ( 'NONE', #3950 ) ;
#2471 = LINE ( 'NONE', #806, #216 ) ;
#2472 = ORIENTED_EDGE ( 'NONE', *, *, #3921, .F. ) ;
#2473 = CLOSED_SHELL ( 'NONE', ( #3150, #2862, #4112, #3807, #3987, #1562, #2644, #2944, #215, #1386, #2835, #763, #3396, #518, #196, #931, #1466, #1458, #1584, #3333, #869, #17, #258, #2286, #683, #10, #145, #1916, #1772, #51, #1611, #483, #1649, #3082, #3105, #247, #1560, #3028, #2660, #870, #1773, #3899, #1346, #1071, #1382, #3362, #849, #1913, #3629, #4300, #62, #2378, #2881, #3308, #2432, #2712, #1400, #1, #656, #220, #3388, #4307, #2913, #2996, #1006, #3653, #3976, #3294, #744, #894, #3906, #1103, #735, #1486, #233, #4071, #2877, #1528, #2113, #1016, #2369, #2247, #502, #402, #2539, #4179, #1438, #724, #1294, #344, #3501, #4021, #1841, #2232, #1011, #310, #2221, #2165, #793, #4058, #3387, #2387, #2357, #807, #235, #3844, #110, #4235, #328, #2302, #3562, #2259, #4181, #1982, #988, #3458, #3164, #2580, #3035, #2562, #696, #1920, #4098, #339, #2350, #1975, #1568, #4231, #3834, #1676, #2036, #1127, #164, #3229, #1541, #3623, #1995, #3781 ) ) ;
#2474 = DIRECTION ( 'NONE',  ( 0.000000000000000000, -0.000000000000000000, -1.000000000000000000 ) ) ;
#2475 = ORIENTED_EDGE ( 'NONE', *, *, #168, .T. ) ;
#2476 = FACE_BOUND ( 'NONE', #3537, .T. ) ;
#2477 = CARTESIAN_POINT ( 'NONE',  ( 101.3791228575381353, 22.81798851532144923, 164.2336928881555025 ) ) ;
#2478 = FACE_OUTER_BOUND ( 'NONE', #4200, .T. ) ;
#2479 = EDGE_CURVE ( 'NONE', #3143, #3709, #599, .T. ) ;
#2480 = ORIENTED_EDGE ( 'NONE', *, *, #2234, .F. ) ;
#2481 = CARTESIAN_POINT ( 'NONE',  ( 99.00000000000046896, 2.000000000000000000, 110.4999999999999858 ) ) ;
#2482 = CARTESIAN_POINT ( 'NONE',  ( 100.7500000000000568, 24.00000000000000000, 109.5000000000000000 ) ) ;
#2483 = VERTEX_POINT ( 'NONE', #2281 ) ;
#2484 = CARTESIAN_POINT ( 'NONE',  ( 114.2500000000000142, 20.80889613620390577, 164.8914771682602805 ) ) ;
#2485 = DIRECTION ( 'NONE',  ( 0.000000000000000000, -1.000000000000000000, 0.000000000000000000 ) ) ;
#2486 = DIRECTION ( 'NONE',  ( -0.000000000000000000, -1.000000000000000000, 0.000000000000000000 ) ) ;
#2487 = EDGE_CURVE ( 'NONE', #3822, #1378, #4167, .T. ) ;
#2488 = DIRECTION ( 'NONE',  ( -0.000000000000000000, 1.000000000000000000, -0.000000000000000000 ) ) ;
#2489 = AXIS2_PLACEMENT_3D ( 'NONE', #3566, #2599, #3509 ) ;
#2490 = EDGE_LOOP ( 'NONE', ( #3189, #2287 ) ) ;
#2491 = CARTESIAN_POINT ( 'NONE',  ( 121.2500000000000568, 24.00000000000000000, 11.00000000000000000 ) ) ;
#2492 = CARTESIAN_POINT ( 'NONE',  ( 124.7500000000000568, 24.00000000000000000, 43.85640646055166769 ) ) ;
#2493 = EDGE_CURVE ( 'NONE', #1682, #3329, #3974, .T. ) ;
#2494 = VECTOR ( 'NONE', #658, 1000.000000000000000 ) ;
#2495 = EDGE_CURVE ( 'NONE', #3693, #2448, #2419, .T. ) ;
#2496 = ORIENTED_EDGE ( 'NONE', *, *, #1321, .T. ) ;
#2497 = FACE_BOUND ( 'NONE', #2310, .T. ) ;
#2498 = CARTESIAN_POINT ( 'NONE',  ( 99.00000000000005684, 2.000000000000000000, 154.0000000000000000 ) ) ;
#2499 = VECTOR ( 'NONE', #3366, 1000.000000000000000 ) ;
#2500 = CARTESIAN_POINT ( 'NONE',  ( 104.0409069651045257, 24.83796002300715955, 162.7687253228931752 ) ) ;
#2501 = VECTOR ( 'NONE', #3819, 1000.000000000000000 ) ;
#2502 = ORIENTED_EDGE ( 'NONE', *, *, #4213, .F. ) ;
#2503 = LINE ( 'NONE', #3547, #1233 ) ;
#2504 = DIRECTION ( 'NONE',  ( -0.000000000000000000, -1.000000000000000000, -0.000000000000000000 ) ) ;
#2505 = VECTOR ( 'NONE', #526, 1000.000000000000000 ) ;
#2506 = EDGE_CURVE ( 'NONE', #3862, #2733, #316, .T. ) ;
#2507 = ORIENTED_EDGE ( 'NONE', *, *, #700, .T. ) ;
#2508 = CARTESIAN_POINT ( 'NONE',  ( 101.4500000000000597, 2.999999999999999112, 112.7500000000000142 ) ) ;
#2509 = CARTESIAN_POINT ( 'NONE',  ( 5.000000000000032863, 19.79999999999999716, 0.000000000000000000 ) ) ;
#2510 = FACE_OUTER_BOUND ( 'NONE', #1276, .T. ) ;
#2511 = DIRECTION ( 'NONE',  ( -0.000000000000000000, 1.000000000000000000, -0.000000000000000000 ) ) ;
#2512 = AXIS2_PLACEMENT_3D ( 'NONE', #3183, #4196, #3224 ) ;
#2513 = VERTEX_POINT ( 'NONE', #2023 ) ;
#2514 = CARTESIAN_POINT ( 'NONE',  ( 52.25000000000004263, 11.19999999999999751, 165.0000000000000000 ) ) ;
#2515 = DIRECTION ( 'NONE',  ( 3.273063162220403268E-17, 1.000000000000000000, -0.000000000000000000 ) ) ;
#2516 = AXIS2_PLACEMENT_3D ( 'NONE', #3551, #896, #537 ) ;
#2517 = CIRCLE ( 'NONE', #2375, 2.449999999999993960 ) ;
#2518 = EDGE_LOOP ( 'NONE', ( #871, #4091, #1965 ) ) ;
#2519 = EDGE_CURVE ( 'NONE', #3735, #1732, #3685, .T. ) ;
#2520 = PLANE ( 'NONE',  #2650 ) ;
#2521 = DIRECTION ( 'NONE',  ( -0.000000000000000000, 1.000000000000000000, -0.000000000000000000 ) ) ;
#2522 = CARTESIAN_POINT ( 'NONE',  ( 103.5588649454501677, 24.67353655271769242, 162.9305546322529779 ) ) ;
#2523 = SHAPE_DEFINITION_REPRESENTATION ( #3210, #2364 ) ;
#2524 = VECTOR ( 'NONE', #504, 1000.000000000000000 ) ;
#2525 = ORIENTED_EDGE ( 'NONE', *, *, #4173, .T. ) ;
#2526 = EDGE_CURVE ( 'NONE', #4104, #1487, #3016, .T. ) ;
#2527 = FACE_OUTER_BOUND ( 'NONE', #3339, .T. ) ;
#2528 = CARTESIAN_POINT ( 'NONE',  ( 100.8000000000000540, -5.091168824543132132, 151.7500000000000000 ) ) ;
#2529 = VECTOR ( 'NONE', #2058, 1000.000000000000000 ) ;
#2530 = VECTOR ( 'NONE', #2541, 1000.000000000000000 ) ;
#2531 = ORIENTED_EDGE ( 'NONE', *, *, #2035, .T. ) ;
#2532 = DIRECTION ( 'NONE',  ( 3.273063162220403268E-17, 1.000000000000000000, 0.000000000000000000 ) ) ;
#2533 = VECTOR ( 'NONE', #1363, 1000.000000000000000 ) ;
#2534 = CARTESIAN_POINT ( 'NONE',  ( 25.25000000000003908, 14.75000000000000000, 163.0000000000000000 ) ) ;
#2535 = AXIS2_PLACEMENT_3D ( 'NONE', #2625, #2288, #1040 ) ;
#2536 = CARTESIAN_POINT ( 'NONE',  ( 116.0000000000000426, -5.091168824543132132, 151.7500000000000000 ) ) ;
#2537 = SURFACE_STYLE_FILL_AREA ( #2159 ) ;
#2538 = VECTOR ( 'NONE', #2261, 1000.000000000000000 ) ;
#2539 = ADVANCED_FACE ( 'NONE', ( #1357 ), #2708, .F. ) ;
#2540 = EDGE_LOOP ( 'NONE', ( #2352, #4073 ) ) ;
#2541 = DIRECTION ( 'NONE',  ( -0.000000000000000000, -1.000000000000000000, -0.000000000000000000 ) ) ;
#2542 = CARTESIAN_POINT ( 'NONE',  ( 117.2500000000000426, 2.999999999999999112, 151.7500000000000000 ) ) ;
#2543 = ORIENTED_EDGE ( 'NONE', *, *, #1791, .T. ) ;
#2544 = ORIENTED_EDGE ( 'NONE', *, *, #300, .F. ) ;
#2545 = DIRECTION ( 'NONE',  ( 0.000000000000000000, -0.000000000000000000, 1.000000000000000000 ) ) ;
#2546 = CARTESIAN_POINT ( 'NONE',  ( 47.75000000000003553, 15.69999999999999929, 160.0000000000000000 ) ) ;
#2547 = DIRECTION ( 'NONE',  ( -1.000000000000000000, 0.000000000000000000, 0.000000000000000000 ) ) ;
#2548 = CARTESIAN_POINT ( 'NONE',  ( 7.500000000000000000, 7.500000000000000000, -9.094969322574324183E-16 ) ) ;
#2549 = EDGE_CURVE ( 'NONE', #3727, #2802, #2087, .T. ) ;
#2550 = ORIENTED_EDGE ( 'NONE', *, *, #1926, .T. ) ;
#2551 = LINE ( 'NONE', #1887, #3831 ) ;
#2552 = CARTESIAN_POINT ( 'NONE',  ( 116.0000000000004690, 2.000000000000000000, 112.7499999999999858 ) ) ;
#2553 = EDGE_CURVE ( 'NONE', #3913, #1869, #1473, .T. ) ;
#2554 = EDGE_CURVE ( 'NONE', #3693, #2629, #2111, .T. ) ;
#2555 = EDGE_LOOP ( 'NONE', ( #2912, #2998, #1641, #2154, #3218 ) ) ;
#2556 = DIRECTION ( 'NONE',  ( 0.000000000000000000, 0.000000000000000000, -1.000000000000000000 ) ) ;
#2557 = CARTESIAN_POINT ( 'NONE',  ( 122.5000000000000142, 7.500000000000000000, 52.99999999999995026 ) ) ;
#2558 = DIRECTION ( 'NONE',  ( 3.273063162220403268E-17, 1.000000000000000000, 0.000000000000000000 ) ) ;
#2559 = ORIENTED_EDGE ( 'NONE', *, *, #1848, .F. ) ;
#2560 = DIRECTION ( 'NONE',  ( 0.000000000000000000, 1.000000000000000000, -0.000000000000000000 ) ) ;
#2561 = FACE_BOUND ( 'NONE', #1672, .T. ) ;
#2562 = ADVANCED_FACE ( 'NONE', ( #3128, #2823 ), #797, .F. ) ;
#2563 = ORIENTED_EDGE ( 'NONE', *, *, #942, .F. ) ;
#2564 = CIRCLE ( 'NONE', #4028, 7.500000000000034639 ) ;
#2565 = ORIENTED_EDGE ( 'NONE', *, *, #3994, .F. ) ;
#2566 = PLANE ( 'NONE',  #333 ) ;
#2567 = AXIS2_PLACEMENT_3D ( 'NONE', #3777, #2462, #3734 ) ;
#2568 = DIRECTION ( 'NONE',  ( 3.273063162220403268E-17, 1.000000000000000000, 0.000000000000000000 ) ) ;
#2569 = CARTESIAN_POINT ( 'NONE',  ( 104.8910819262046772, 25.00000000000001066, 162.5990195135928502 ) ) ;
#2570 = CARTESIAN_POINT ( 'NONE',  ( 100.7500000000000568, 27.00000000000000000, 155.0000000000000284 ) ) ;
#2571 = B_SPLINE_CURVE_WITH_KNOTS ( 'NONE', 3,
 ( #2827, #2484, #661, #1935, #274, #1340, #3015, #4321, #1318, #3330, #3631, #3973, #951, #3309, #2975, #1296, #336, #3928, #315, #2001 ),
 .UNSPECIFIED., .F., .F.,
 ( 4, 2, 2, 2, 2, 2, 2, 2, 2, 4 ),
 ( 0.001007579120210215463, 0.001939109400287949980, 0.002870639680365684281, 0.003802169960443418581, 0.004733700240521152881, 0.005665230520598887182, 0.006596760800676622349, 0.007062525940715489066, 0.007528291080754356650, 0.008459821360832051051 ),
 .UNSPECIFIED. ) ;
#2572 = AXIS2_PLACEMENT_3D ( 'NONE', #3710, #2416, #96 ) ;
#2573 = EDGE_LOOP ( 'NONE', ( #2065, #2695, #3757, #3937, #2273 ) ) ;
#2574 = EDGE_CURVE ( 'NONE', #1487, #3545, #3080, .T. ) ;
#2575 = AXIS2_PLACEMENT_3D ( 'NONE', #1074, #3050, #2363 ) ;
#2576 = FACE_OUTER_BOUND ( 'NONE', #1908, .T. ) ;
#2577 = DIRECTION ( 'NONE',  ( 3.524517538492561236E-16, -0.000000000000000000, 1.000000000000000000 ) ) ;
#2578 = ORIENTED_EDGE ( 'NONE', *, *, #4121, .T. ) ;
#2579 = CIRCLE ( 'NONE', #613, 7.500000000000000000 ) ;
#2580 = ADVANCED_FACE ( 'NONE', ( #1380 ), #469, .T. ) ;
#2581 = LINE ( 'NONE', #3180, #1230 ) ;
#2582 = AXIS2_PLACEMENT_3D ( 'NONE', #4088, #653, #1814 ) ;
#2583 = CARTESIAN_POINT ( 'NONE',  ( 0.000000000000000000, 0.000000000000000000, 4.500000000000000000 ) ) ;
#2584 = ORIENTED_EDGE ( 'NONE', *, *, #1371, .T. ) ;
#2585 = FACE_OUTER_BOUND ( 'NONE', #3025, .T. ) ;
#2586 = CARTESIAN_POINT ( 'NONE',  ( 120.0000000000000568, 27.00000000000000000, 115.2500000000000000 ) ) ;
#2587 = AXIS2_PLACEMENT_3D ( 'NONE', #2536, #897, #2868 ) ;
#2588 = ORIENTED_EDGE ( 'NONE', *, *, #3539, .F. ) ;
#2589 = ORIENTED_EDGE ( 'NONE', *, *, #2958, .F. ) ;
#2590 = CARTESIAN_POINT ( 'NONE',  ( 127.0000000000000568, 24.00000000000000000, 155.0000000000000284 ) ) ;
#2591 = CARTESIAN_POINT ( 'NONE',  ( 5.000000000000033751, 26.57106781186548972, 0.000000000000000000 ) ) ;
#2592 = DIRECTION ( 'NONE',  ( -0.000000000000000000, -0.000000000000000000, -1.000000000000000000 ) ) ;
#2593 = EDGE_CURVE ( 'NONE', #1304, #3639, #3890, .T. ) ;
#2594 = VECTOR ( 'NONE', #3570, 1000.000000000000000 ) ;
#2595 = DIRECTION ( 'NONE',  ( -0.000000000000000000, 1.000000000000000000, -0.000000000000000000 ) ) ;
#2596 = EDGE_LOOP ( 'NONE', ( #561, #3313, #4060, #2202, #975, #1101 ) ) ;
#2597 = PLANE ( 'NONE',  #3969 ) ;
#2598 = CIRCLE ( 'NONE', #2875, 7.500000000000000000 ) ;
#2599 = DIRECTION ( 'NONE',  ( 0.000000000000000000, -1.000000000000000000, 0.000000000000000000 ) ) ;
#2600 = ORIENTED_EDGE ( 'NONE', *, *, #1799, .T. ) ;
#2601 = FACE_OUTER_BOUND ( 'NONE', #2709, .T. ) ;
#2602 = FACE_OUTER_BOUND ( 'NONE', #2956, .T. ) ;
#2603 = VECTOR ( 'NONE', #272, 1000.000000000000000 ) ;
#2604 = ORIENTED_EDGE ( 'NONE', *, *, #23, .T. ) ;
#2605 = AXIS2_PLACEMENT_3D ( 'NONE', #4003, #3291, #2265 ) ;
#2606 = CYLINDRICAL_SURFACE ( 'NONE', #79, 2.250000000000001776 ) ;
#2607 = DIRECTION ( 'NONE',  ( 1.000000000000000000, -0.000000000000000000, -3.524517538492561236E-16 ) ) ;
#2608 = EDGE_CURVE ( 'NONE', #1002, #4116, #1057, .T. ) ;
#2609 = VERTEX_POINT ( 'NONE', #3154 ) ;
#2610 = ORIENTED_EDGE ( 'NONE', *, *, #2690, .T. ) ;
#2611 = DIRECTION ( 'NONE',  ( -1.000000000000000000, 0.000000000000000000, 0.000000000000000000 ) ) ;
#2612 = DIRECTION ( 'NONE',  ( 0.000000000000000000, -0.000000000000000000, -1.000000000000000000 ) ) ;
#2613 = DIRECTION ( 'NONE',  ( -1.000000000000000000, 0.000000000000000000, 0.000000000000000000 ) ) ;
#2614 = EDGE_LOOP ( 'NONE', ( #2006, #1232, #2034, #981 ) ) ;
#2615 = ORIENTED_EDGE ( 'NONE', *, *, #3719, .F. ) ;
#2616 = CARTESIAN_POINT ( 'NONE',  ( 5.000000000000004441, 5.000000000000000000, 12.00000000000000000 ) ) ;
#2617 = DIRECTION ( 'NONE',  ( 0.000000000000000000, -1.000000000000000000, 0.000000000000000000 ) ) ;
#2618 = CYLINDRICAL_SURFACE ( 'NONE', #3023, 2.200000000000000178 ) ;
#2619 = EDGE_CURVE ( 'NONE', #52, #182, #902, .T. ) ;
#2620 = ORIENTED_EDGE ( 'NONE', *, *, #2697, .T. ) ;
#2621 = DIRECTION ( 'NONE',  ( 0.000000000000000000, -1.000000000000000000, 0.000000000000000000 ) ) ;
#2622 = DIRECTION ( 'NONE',  ( -0.000000000000000000, 1.000000000000000000, -0.000000000000000000 ) ) ;
#2623 = ORIENTED_EDGE ( 'NONE', *, *, #1848, .T. ) ;
#2624 = ORIENTED_EDGE ( 'NONE', *, *, #3059, .T. ) ;
#2625 = CARTESIAN_POINT ( 'NONE',  ( 116.0000000000000426, 2.000000000000000000, 112.7500000000000142 ) ) ;
#2626 = EDGE_CURVE ( 'NONE', #3370, #2609, #4127, .T. ) ;
#2627 = CARTESIAN_POINT ( 'NONE',  ( 93.00000000000005684, 2.999999999999999112, 17.50000000000000000 ) ) ;
#2628 = VERTEX_POINT ( 'NONE', #1123 ) ;
#2629 = VERTEX_POINT ( 'NONE', #2152 ) ;
#2630 = EDGE_CURVE ( 'NONE', #3817, #4266, #533, .T. ) ;
#2631 = DIRECTION ( 'NONE',  ( 0.000000000000000000, -2.478176394252585085E-16, 1.000000000000000000 ) ) ;
#2632 = CARTESIAN_POINT ( 'NONE',  ( 116.0000000000000426, -6.929646455628168056, 112.7500000000000142 ) ) ;
#2633 = EDGE_CURVE ( 'NONE', #3332, #3370, #2066, .T. ) ;
#2634 = DIRECTION ( 'NONE',  ( -0.000000000000000000, 1.000000000000000000, -0.000000000000000000 ) ) ;
#2635 = EDGE_LOOP ( 'NONE', ( #1660, #1489, #623, #3842 ) ) ;
#2636 = VECTOR ( 'NONE', #4, 1000.000000000000000 ) ;
#2637 = CARTESIAN_POINT ( 'NONE',  ( 52.67201244253158166, 20.18516976230842985, 164.9686968601027388 ) ) ;
#2638 = CARTESIAN_POINT ( 'NONE',  ( 5.000000000000004441, 22.00000000000000000, 0.000000000000000000 ) ) ;
#2639 = DIRECTION ( 'NONE',  ( -1.000000000000000000, 0.000000000000000000, 0.000000000000000000 ) ) ;
#2640 = VECTOR ( 'NONE', #4096, 1000.000000000000000 ) ;
#2641 = EDGE_LOOP ( 'NONE', ( #1210, #1124, #3595, #2107 ) ) ;
#2642 = LINE ( 'NONE', #3351, #84 ) ;
#2643 = DIRECTION ( 'NONE',  ( 0.000000000000000000, 0.000000000000000000, 1.000000000000000000 ) ) ;
#2644 = ADVANCED_FACE ( 'NONE', ( #2063 ), #3800, .F. ) ;
#2645 = AXIS2_PLACEMENT_3D ( 'NONE', #2886, #1493, #2863 ) ;
#2646 = CIRCLE ( 'NONE', #1370, 4.499999999999997335 ) ;
#2647 = ORIENTED_EDGE ( 'NONE', *, *, #2424, .F. ) ;
#2648 = FACE_OUTER_BOUND ( 'NONE', #2249, .T. ) ;
#2649 = DIRECTION ( 'NONE',  ( -0.000000000000000000, 1.000000000000000000, 0.000000000000000000 ) ) ;
#2650 = AXIS2_PLACEMENT_3D ( 'NONE', #3857, #3835, #2545 ) ;
#2651 = VERTEX_POINT ( 'NONE', #1760 ) ;
#2652 = ORIENTED_EDGE ( 'NONE', *, *, #942, .T. ) ;
#2653 = LINE ( 'NONE', #923, #2360 ) ;
#2654 = CARTESIAN_POINT ( 'NONE',  ( 116.0000000000000568, 2.000000000000000000, 154.0000000000000000 ) ) ;
#2655 = PLANE ( 'NONE',  #1539 ) ;
#2656 = ORIENTED_EDGE ( 'NONE', *, *, #3275, .F. ) ;
#2657 = CARTESIAN_POINT ( 'NONE',  ( 116.0000000000000426, 15.99999999999999289, 112.7500000000000142 ) ) ;
#2658 = FACE_OUTER_BOUND ( 'NONE', #2730, .T. ) ;
#2659 = DIRECTION ( 'NONE',  ( -1.000000000000000000, 3.273063162220403268E-17, 0.000000000000000000 ) ) ;
#2660 = ADVANCED_FACE ( 'NONE', ( #1080 ), #750, .T. ) ;
#2661 = VECTOR ( 'NONE', #3783, 1000.000000000000000 ) ;
#2662 = AXIS2_PLACEMENT_3D ( 'NONE', #3274, #2943, #2613 ) ;
#2663 = VERTEX_POINT ( 'NONE', #3754 ) ;
#2664 = DIRECTION ( 'NONE',  ( 0.000000000000000000, 0.000000000000000000, -1.000000000000000000 ) ) ;
#2665 = CARTESIAN_POINT ( 'NONE',  ( 96.75000000000005684, 10.74999999999999822, 24.30404775527136607 ) ) ;
#2666 = AXIS2_PLACEMENT_3D ( 'NONE', #303, #4289, #1899 ) ;
#2667 = ORIENTED_EDGE ( 'NONE', *, *, #2015, .T. ) ;
#2668 = DIRECTION ( 'NONE',  ( -0.000000000000000000, -1.000000000000000000, -0.000000000000000000 ) ) ;
#2669 =( BOUNDED_CURVE ( )  B_SPLINE_CURVE ( 3, ( #53, #1429, #3803, #2027 ),
 .UNSPECIFIED., .F., .F. ) 
 B_SPLINE_CURVE_WITH_KNOTS ( ( 4, 4 ),
 ( 0.000000000000000000, 3.141592653589793116 ),
 .UNSPECIFIED. ) 
 CURVE ( )  GEOMETRIC_REPRESENTATION_ITEM ( )  RATIONAL_B_SPLINE_CURVE ( ( 1.000000000000000000, 0.3333333333333333703, 0.3333333333333333703, 1.000000000000000000 ) ) 
 REPRESENTATION_ITEM ( '' )  );
#2670 = CARTESIAN_POINT ( 'NONE',  ( 10.00000000000000000, -0.6431157597433243556, 0.4937086559420683640 ) ) ;
#2671 = EDGE_CURVE ( 'NONE', #4325, #2138, #2132, .T. ) ;
#2672 = ORIENTED_EDGE ( 'NONE', *, *, #276, .F. ) ;
#2673 = VECTOR ( 'NONE', #690, 1000.000000000000000 ) ;
#2674 = ORIENTED_EDGE ( 'NONE', *, *, #3008, .T. ) ;
#2675 = CARTESIAN_POINT ( 'NONE',  ( 99.00000000000005684, -6.929646455628168056, 112.7500000000000142 ) ) ;
#2676 = CARTESIAN_POINT ( 'NONE',  ( 114.2000000000000455, 2.999999999999995115, 112.7500000000000142 ) ) ;
#2677 = CIRCLE ( 'NONE', #6, 7.500000000000007105 ) ;
#2678 = DIRECTION ( 'NONE',  ( 0.000000000000000000, 0.000000000000000000, -1.000000000000000000 ) ) ;
#2679 = AXIS2_PLACEMENT_3D ( 'NONE', #1959, #2621, #3672 ) ;
#2680 = ORIENTED_EDGE ( 'NONE', *, *, #3713, .T. ) ;
#2681 = LINE ( 'NONE', #1396, #2715 ) ;
#2682 = EDGE_CURVE ( 'NONE', #1104, #2743, #4260, .T. ) ;
#2683 = CARTESIAN_POINT ( 'NONE',  ( 116.0000000000000426, 2.999999999999999112, 151.7500000000000000 ) ) ;
#2684 = DIRECTION ( 'NONE',  ( -0.000000000000000000, 1.000000000000000000, 0.000000000000000000 ) ) ;
#2685 = VERTEX_POINT ( 'NONE', #3864 ) ;
#2686 = LINE ( 'NONE', #3371, #3493 ) ;
#2687 = CARTESIAN_POINT ( 'NONE',  ( 82.50000000000005684, 4.999999999999997335, 160.0000000000000000 ) ) ;
#2688 = EDGE_CURVE ( 'NONE', #932, #830, #2343, .T. ) ;
#2689 = ORIENTED_EDGE ( 'NONE', *, *, #1963, .T. ) ;
#2690 = EDGE_CURVE ( 'NONE', #3957, #4052, #1091, .T. ) ;
#2691 = ORIENTED_EDGE ( 'NONE', *, *, #647, .T. ) ;
#2692 = CARTESIAN_POINT ( 'NONE',  ( 120.0000000000000568, 27.00000000000000000, 149.2500000000000000 ) ) ;
#2693 = LINE ( 'NONE', #2785, #496 ) ;
#2694 = VERTEX_POINT ( 'NONE', #3840 ) ;
#2695 = ORIENTED_EDGE ( 'NONE', *, *, #550, .T. ) ;
#2696 = CARTESIAN_POINT ( 'NONE',  ( 122.5000000000000426, 27.00000000000000000, 157.5000000000000000 ) ) ;
#2697 = EDGE_CURVE ( 'NONE', #830, #932, #3131, .T. ) ;
#2698 = EDGE_CURVE ( 'NONE', #2138, #109, #1212, .T. ) ;
#2699 = VERTEX_POINT ( 'NONE', #1187 ) ;
#2700 = LINE ( 'NONE', #4095, #1730 ) ;
#2701 = DIRECTION ( 'NONE',  ( -4.081702296416017969E-16, 0.000000000000000000, 1.000000000000000000 ) ) ;
#2702 = CARTESIAN_POINT ( 'NONE',  ( 127.0000000000000568, 16.49999999999995026, 194.9624824053761643 ) ) ;
#2703 = CARTESIAN_POINT ( 'NONE',  ( 111.0000000000000568, 24.00000000000000000, 4.500000000000003553 ) ) ;
#2704 = AXIS2_PLACEMENT_3D ( 'NONE', #776, #3462, #2732 ) ;
#2705 = EDGE_CURVE ( 'NONE', #1265, #2740, #930, .T. ) ;
#2706 = EDGE_LOOP ( 'NONE', ( #4315, #1470 ) ) ;
#2707 = DIRECTION ( 'NONE',  ( 3.273063162220403268E-17, 1.000000000000000000, 0.000000000000000000 ) ) ;
#2708 = CYLINDRICAL_SURFACE ( 'NONE', #4240, 1.250000000000001110 ) ;
#2709 = EDGE_LOOP ( 'NONE', ( #341, #3270, #1983, #2940 ) ) ;
#2710 = AXIS2_PLACEMENT_3D ( 'NONE', #18, #2410, #3748 ) ;
#2711 = AXIS2_PLACEMENT_3D ( 'NONE', #3799, #3176, #1849 ) ;
#2712 = ADVANCED_FACE ( 'NONE', ( #251 ), #1515, .F. ) ;
#2713 = EDGE_LOOP ( 'NONE', ( #1213, #83, #2623, #4232 ) ) ;
#2714 = DIRECTION ( 'NONE',  ( -0.000000000000000000, -1.000000000000000000, -0.000000000000000000 ) ) ;
#2715 = VECTOR ( 'NONE', #2748, 1000.000000000000000 ) ;
#2716 = LINE ( 'NONE', #4023, #3647 ) ;
#2717 = AXIS2_PLACEMENT_3D ( 'NONE', #1533, #3191, #2856 ) ;
#2718 = EDGE_CURVE ( 'NONE', #2628, #68, #2213, .T. ) ;
#2719 = EDGE_LOOP ( 'NONE', ( #358, #1757 ) ) ;
#2720 = ORIENTED_EDGE ( 'NONE', *, *, #3946, .F. ) ;
#2721 = AXIS2_PLACEMENT_3D ( 'NONE', #1507, #2855, #3897 ) ;
#2722 = DIRECTION ( 'NONE',  ( 3.273063162220403268E-17, 1.000000000000000000, 0.000000000000000000 ) ) ;
#2723 = ORIENTED_EDGE ( 'NONE', *, *, #2072, .T. ) ;
#2724 = CARTESIAN_POINT ( 'NONE',  ( 108.3302383518161065, 6.799999999999998934, 43.49999999999995737 ) ) ;
#2725 = EDGE_CURVE ( 'NONE', #11, #676, #2176, .T. ) ;
#2726 = CARTESIAN_POINT ( 'NONE',  ( 101.4500000000000597, 15.99999999999999645, 151.7500000000000000 ) ) ;
#2727 = DIRECTION ( 'NONE',  ( 0.000000000000000000, 0.000000000000000000, -1.000000000000000000 ) ) ;
#2728 = DIRECTION ( 'NONE',  ( 3.273063162220403268E-17, 1.000000000000000000, 0.000000000000000000 ) ) ;
#2729 = CIRCLE ( 'NONE', #4262, 1.799999999999996048 ) ;
#2730 = EDGE_LOOP ( 'NONE', ( #3184, #3536, #1447, #1082, #282, #386 ) ) ;
#2731 = DIRECTION ( 'NONE',  ( -1.000000000000000000, 0.000000000000000000, 3.524517538492560743E-16 ) ) ;
#2732 = DIRECTION ( 'NONE',  ( -1.000000000000000000, 0.000000000000000000, 0.000000000000000000 ) ) ;
#2733 = VERTEX_POINT ( 'NONE', #1582 ) ;
#2734 = VECTOR ( 'NONE', #3738, 1000.000000000000000 ) ;
#2735 = VECTOR ( 'NONE', #1883, 1000.000000000000000 ) ;
#2736 = VERTEX_POINT ( 'NONE', #205 ) ;
#2737 = LINE ( 'NONE', #3042, #1625 ) ;
#2738 = DIRECTION ( 'NONE',  ( 0.000000000000000000, -0.000000000000000000, -1.000000000000000000 ) ) ;
#2739 = AXIS2_PLACEMENT_3D ( 'NONE', #1944, #1988, #320 ) ;
#2740 = VERTEX_POINT ( 'NONE', #2929 ) ;
#2741 = CARTESIAN_POINT ( 'NONE',  ( 130.0000000000000568, 19.50000000000000000, 157.4999999999999716 ) ) ;
#2742 = DIRECTION ( 'NONE',  ( -1.000000000000000000, 0.000000000000000000, 0.000000000000000000 ) ) ;
#2743 = VERTEX_POINT ( 'NONE', #2194 ) ;
#2744 = CIRCLE ( 'NONE', #2818, 7.500000000000007105 ) ;
#2745 = AXIS2_PLACEMENT_3D ( 'NONE', #1987, #957, #3335 ) ;
#2746 = FACE_BOUND ( 'NONE', #2031, .T. ) ;
#2747 = ORIENTED_EDGE ( 'NONE', *, *, #628, .T. ) ;
#2748 = DIRECTION ( 'NONE',  ( -1.212662576343243307E-16, -0.000000000000000000, -1.000000000000000000 ) ) ;
#2749 = DIRECTION ( 'NONE',  ( 0.000000000000000000, -1.000000000000000000, 0.000000000000000000 ) ) ;
#2750 = CARTESIAN_POINT ( 'NONE',  ( 130.0000000000000284, 20.19999999999999929, 39.99999999999995026 ) ) ;
#2751 = CIRCLE ( 'NONE', #3457, 7.500000000000007105 ) ;
#2752 = VERTEX_POINT ( 'NONE', #1540 ) ;
#2753 = ORIENTED_EDGE ( 'NONE', *, *, #2493, .T. ) ;
#2754 = CARTESIAN_POINT ( 'NONE',  ( 7.200000000000004619, 22.00000000000000000, 12.00000000000000000 ) ) ;
#2755 = DIRECTION ( 'NONE',  ( -0.000000000000000000, -1.000000000000000000, -0.000000000000000000 ) ) ;
#2756 = ORIENTED_EDGE ( 'NONE', *, *, #534, .F. ) ;
#2757 = EDGE_CURVE ( 'NONE', #566, #2699, #1830, .T. ) ;
#2758 = ORIENTED_EDGE ( 'NONE', *, *, #1418, .F. ) ;
#2759 = DIRECTION ( 'NONE',  ( 0.000000000000000000, -0.000000000000000000, -1.000000000000000000 ) ) ;
#2760 = LINE ( 'NONE', #800, #2661 ) ;
#2761 = CARTESIAN_POINT ( 'NONE',  ( 127.0000000000000568, 20.19999999999999929, 52.99999999999995737 ) ) ;
#2762 = CARTESIAN_POINT ( 'NONE',  ( 0.000000000000000000, 27.00000000000000000, 0.000000000000000000 ) ) ;
#2763 = EDGE_CURVE ( 'NONE', #2426, #2328, #868, .T. ) ;
#2764 = VERTEX_POINT ( 'NONE', #1889 ) ;
#2765 = ORIENTED_EDGE ( 'NONE', *, *, #3811, .F. ) ;
#2766 = CARTESIAN_POINT ( 'NONE',  ( 129.9672618810378424, 20.19999999999999929, 157.4999999999999716 ) ) ;
#2767 = EDGE_LOOP ( 'NONE', ( #1295, #3773, #2814, #4164, #3070 ) ) ;
#2768 = CARTESIAN_POINT ( 'NONE',  ( 99.00000000000005684, 2.000000000000000000, 151.7500000000000000 ) ) ;
#2769 = CARTESIAN_POINT ( 'NONE',  ( 1.898979485566370862, 1.525308505311816054, 3.101020514433662889 ) ) ;
#2770 = PLANE ( 'NONE',  #1299 ) ;
#2771 = CARTESIAN_POINT ( 'NONE',  ( 124.0000000000000568, 9.250000000000000000, 32.50000000000000000 ) ) ;
#2772 = ORIENTED_EDGE ( 'NONE', *, *, #2035, .F. ) ;
#2773 = VECTOR ( 'NONE', #3067, 1000.000000000000000 ) ;
#2774 = ORIENTED_EDGE ( 'NONE', *, *, #3855, .F. ) ;
#2775 = CYLINDRICAL_SURFACE ( 'NONE', #470, 5.750000000000032863 ) ;
#2776 = CARTESIAN_POINT ( 'NONE',  ( 7.500000000000018652, 19.50000000000000000, 157.5000000000000000 ) ) ;
#2777 = ORIENTED_EDGE ( 'NONE', *, *, #2314, .F. ) ;
#2778 = CIRCLE ( 'NONE', #3683, 2.250000000000001776 ) ;
#2779 = ORIENTED_EDGE ( 'NONE', *, *, #3349, .T. ) ;
#2780 = AXIS2_PLACEMENT_3D ( 'NONE', #2638, #3668, #593 ) ;
#2781 = PLANE ( 'NONE',  #3528 ) ;
#2782 = CARTESIAN_POINT ( 'NONE',  ( 122.2500000000000568, 2.999999999999999112, 32.50000000000000000 ) ) ;
#2783 = EDGE_CURVE ( 'NONE', #3720, #3699, #229, .T. ) ;
#2784 = DIRECTION ( 'NONE',  ( -1.000000000000000000, 0.000000000000000000, 0.000000000000000000 ) ) ;
#2785 = CARTESIAN_POINT ( 'NONE',  ( 97.20000000000005969, -5.091168824543132132, 112.7500000000000142 ) ) ;
#2786 = EDGE_LOOP ( 'NONE', ( #755, #3743, #3156, #30 ) ) ;
#2787 = DIRECTION ( 'NONE',  ( 3.524517538492560743E-16, -0.000000000000000000, 1.000000000000000000 ) ) ;
#2788 = CARTESIAN_POINT ( 'NONE',  ( 47.75000000000003553, 15.69999999999999929, 165.0000000000000000 ) ) ;
#2789 = ORIENTED_EDGE ( 'NONE', *, *, #3021, .T. ) ;
#2790 = CIRCLE ( 'NONE', #198, 2.450000000000007727 ) ;
#2791 = VECTOR ( 'NONE', #3642, 1000.000000000000000 ) ;
#2792 = DIRECTION ( 'NONE',  ( 1.000000000000000000, 0.000000000000000000, 0.000000000000000000 ) ) ;
#2793 = CARTESIAN_POINT ( 'NONE',  ( 93.00000000000005684, 2.999999999999999112, 0.000000000000000000 ) ) ;
#2794 = DIRECTION ( 'NONE',  ( -1.000000000000000000, 0.000000000000000000, 1.365028308965356685E-16 ) ) ;
#2795 = FACE_OUTER_BOUND ( 'NONE', #262, .T. ) ;
#2796 = ORIENTED_EDGE ( 'NONE', *, *, #2970, .F. ) ;
#2797 = ORIENTED_EDGE ( 'NONE', *, *, #3413, .F. ) ;
#2798 = CARTESIAN_POINT ( 'NONE',  ( 5.000000000000004441, 5.000000000000000000, 0.000000000000000000 ) ) ;
#2799 = CARTESIAN_POINT ( 'NONE',  ( 46.29168368611689033, 19.96244530817343232, 164.9859646932893895 ) ) ;
#2800 = CIRCLE ( 'NONE', #688, 2.250000000000001776 ) ;
#2801 = EDGE_CURVE ( 'NONE', #1279, #2060, #3408, .T. ) ;
#2802 = VERTEX_POINT ( 'NONE', #2864 ) ;
#2803 = DIRECTION ( 'NONE',  ( -1.000000000000000000, 0.000000000000000000, 0.000000000000000000 ) ) ;
#2804 = CYLINDRICAL_SURFACE ( 'NONE', #1886, 1.250000000000001110 ) ;
#2805 = LINE ( 'NONE', #4133, #1671 ) ;
#2806 = LINE ( 'NONE', #4134, #709 ) ;
#2807 = EDGE_LOOP ( 'NONE', ( #4323, #3995 ) ) ;
#2808 = LINE ( 'NONE', #3424, #3947 ) ;
#2809 = VECTOR ( 'NONE', #985, 1000.000000000000000 ) ;
#2810 = LINE ( 'NONE', #3187, #1888 ) ;
#2811 = EDGE_CURVE ( 'NONE', #4188, #751, #513, .T. ) ;
#2812 = ORIENTED_EDGE ( 'NONE', *, *, #1060, .T. ) ;
#2813 = CARTESIAN_POINT ( 'NONE',  ( 5.000000000000032863, 24.19999999999999929, 0.000000000000000000 ) ) ;
#2814 = ORIENTED_EDGE ( 'NONE', *, *, #2030, .T. ) ;
#2815 = DIRECTION ( 'NONE',  ( -0.000000000000000000, -1.000000000000000000, -0.000000000000000000 ) ) ;
#2816 = CARTESIAN_POINT ( 'NONE',  ( 96.00000000000005684, 9.250000000000000000, 17.50000000000000000 ) ) ;
#2817 = DIRECTION ( 'NONE',  ( 0.000000000000000000, -0.000000000000000000, 1.000000000000000000 ) ) ;
#2818 = AXIS2_PLACEMENT_3D ( 'NONE', #617, #2639, #1316 ) ;
#2819 = VERTEX_POINT ( 'NONE', #1229 ) ;
#2820 = EDGE_CURVE ( 'NONE', #4158, #3289, #4099, .T. ) ;
#2821 = ORIENTED_EDGE ( 'NONE', *, *, #1626, .T. ) ;
#2822 = LINE ( 'NONE', #2481, #2501 ) ;
#2823 = FACE_BOUND ( 'NONE', #2706, .T. ) ;
#2824 = AXIS2_PLACEMENT_3D ( 'NONE', #529, #2595, #2883 ) ;
#2825 = ORIENTED_EDGE ( 'NONE', *, *, #99, .F. ) ;
#2826 = EDGE_CURVE ( 'NONE', #4012, #2426, #2237, .T. ) ;
#2827 = CARTESIAN_POINT ( 'NONE',  ( 114.2500000000000426, 20.50000000000000000, 164.9330343736592681 ) ) ;
#2828 = DIRECTION ( 'NONE',  ( -1.000000000000000000, 0.000000000000000000, 0.000000000000000000 ) ) ;
#2829 = DIRECTION ( 'NONE',  ( -1.000000000000000000, 0.000000000000000000, 0.000000000000000000 ) ) ;
#2830 = PRESENTATION_STYLE_ASSIGNMENT (( #2869 ) ) ;
#2831 = ORIENTED_EDGE ( 'NONE', *, *, #819, .F. ) ;
#2832 = LINE ( 'NONE', #1503, #2530 ) ;
#2833 = FACE_OUTER_BOUND ( 'NONE', #3209, .T. ) ;
#2834 = EDGE_LOOP ( 'NONE', ( #2960, #4175, #1708, #173, #3077 ) ) ;
#2835 = ADVANCED_FACE ( 'NONE', ( #3260 ), #2257, .T. ) ;
#2836 = LINE ( 'NONE', #1464, #1524 ) ;
#2837 = CARTESIAN_POINT ( 'NONE',  ( 130.0000000000000284, 6.799999999999998934, 49.49999999999995026 ) ) ;
#2838 = CARTESIAN_POINT ( 'NONE',  ( 100.7458285368310555, 20.20448873669020529, 164.9753660121774033 ) ) ;
#2839 = EDGE_CURVE ( 'NONE', #3797, #14, #2206, .T. ) ;
#2840 = DIRECTION ( 'NONE',  ( -1.000000000000000000, 0.000000000000000000, -2.413528314402514090E-16 ) ) ;
#2841 = ORIENTED_EDGE ( 'NONE', *, *, #2811, .T. ) ;
#2842 = CARTESIAN_POINT ( 'NONE',  ( 116.0000000000004690, 2.000000000000000000, 110.4999999999999858 ) ) ;
#2843 = DIRECTION ( 'NONE',  ( 1.000000000000000000, 0.000000000000000000, 0.000000000000000000 ) ) ;
#2844 = ORIENTED_EDGE ( 'NONE', *, *, #524, .T. ) ;
#2845 = DIRECTION ( 'NONE',  ( 3.273063162220403268E-17, 1.000000000000000000, 0.000000000000000000 ) ) ;
#2846 = FACE_OUTER_BOUND ( 'NONE', #2233, .T. ) ;
#2847 = DIRECTION ( 'NONE',  ( 3.273063162220403268E-17, 1.000000000000000000, -0.000000000000000000 ) ) ;
#2848 = EDGE_CURVE ( 'NONE', #3856, #2736, #4027, .T. ) ;
#2849 = VECTOR ( 'NONE', #3108, 1000.000000000000000 ) ;
#2850 = EDGE_LOOP ( 'NONE', ( #1401, #795, #839, #467 ) ) ;
#2851 = CARTESIAN_POINT ( 'NONE',  ( 113.5500000000000540, 2.999999999999999112, 151.7500000000000000 ) ) ;
#2852 = PLANE ( 'NONE',  #1186 ) ;
#2853 = VECTOR ( 'NONE', #2276, 1000.000000000000000 ) ;
#2854 = EDGE_LOOP ( 'NONE', ( #893, #2747, #2589, #2615 ) ) ;
#2855 = DIRECTION ( 'NONE',  ( 0.000000000000000000, 0.000000000000000000, -1.000000000000000000 ) ) ;
#2856 = DIRECTION ( 'NONE',  ( -1.000000000000000000, 3.273063162220403268E-17, 0.000000000000000000 ) ) ;
#2857 = FACE_OUTER_BOUND ( 'NONE', #2026, .T. ) ;
#2858 = LINE ( 'NONE', #2191, #4141 ) ;
#2859 = CIRCLE ( 'NONE', #962, 1.250000000000001110 ) ;
#2860 = AXIS2_PLACEMENT_3D ( 'NONE', #677, #179, #2145 ) ;
#2861 = ORIENTED_EDGE ( 'NONE', *, *, #1783, .T. ) ;
#2862 = ADVANCED_FACE ( 'NONE', ( #1009 ), #1315, .F. ) ;
#2863 = DIRECTION ( 'NONE',  ( -1.000000000000000000, 0.000000000000000000, 0.000000000000000000 ) ) ;
#2864 = CARTESIAN_POINT ( 'NONE',  ( 124.7500000000000568, 16.00000000000000000, 11.00000000000000000 ) ) ;
#2865 = VERTEX_POINT ( 'NONE', #3347 ) ;
#2866 = CYLINDRICAL_SURFACE ( 'NONE', #464, 1.250000000000001110 ) ;
#2867 = CARTESIAN_POINT ( 'NONE',  ( 93.00000000000005684, 24.00000000000000000, 0.000000000000000000 ) ) ;
#2868 = DIRECTION ( 'NONE',  ( -1.000000000000000000, 0.000000000000000000, 0.000000000000000000 ) ) ;
#2869 = SURFACE_STYLE_USAGE ( .BOTH. , #2951 ) ;
#2870 = CIRCLE ( 'NONE', #3841, 2.449999999999993960 ) ;
#2871 = VERTEX_POINT ( 'NONE', #2341 ) ;
#2872 = CARTESIAN_POINT ( 'NONE',  ( 95.00000000000004263, 5.000000000000000888, 149.2500000000000000 ) ) ;
#2873 = CARTESIAN_POINT ( 'NONE',  ( 93.00000000000005684, 2.999999999999999112, 194.9624824053761643 ) ) ;
#2874 = AXIS2_PLACEMENT_3D ( 'NONE', #2583, #3910, #579 ) ;
#2875 = AXIS2_PLACEMENT_3D ( 'NONE', #1993, #3961, #4010 ) ;
#2876 = ORIENTED_EDGE ( 'NONE', *, *, #1338, .T. ) ;
#2877 = ADVANCED_FACE ( 'NONE', ( #1353, #1930 ), #3688, .F. ) ;
#2878 = EDGE_CURVE ( 'NONE', #3862, #3401, #616, .T. ) ;
#2879 = LINE ( 'NONE', #2901, #2505 ) ;
#2880 = DIRECTION ( 'NONE',  ( 1.000000000000000000, 0.000000000000000000, -1.212662576343243307E-16 ) ) ;
#2881 = ADVANCED_FACE ( 'NONE', ( #2658 ), #1630, .F. ) ;
#2882 = CARTESIAN_POINT ( 'NONE',  ( 99.00000000000005684, 2.999999999999996003, 112.7500000000000142 ) ) ;
#2883 = DIRECTION ( 'NONE',  ( 0.000000000000000000, 0.000000000000000000, -1.000000000000000000 ) ) ;
#2884 = AXIS2_PLACEMENT_3D ( 'NONE', #2379, #54, #734 ) ;
#2885 = ORIENTED_EDGE ( 'NONE', *, *, #3675, .F. ) ;
#2886 = CARTESIAN_POINT ( 'NONE',  ( 25.25000000000003908, 14.75000000000000000, 160.0000000000000000 ) ) ;
#2887 = CARTESIAN_POINT ( 'NONE',  ( 111.0000000000000568, 23.99999999999999645, 38.56468560121561495 ) ) ;
#2888 = AXIS2_PLACEMENT_3D ( 'NONE', #2094, #103, #2738 ) ;
#2889 = VECTOR ( 'NONE', #319, 1000.000000000000000 ) ;
#2890 = ORIENTED_EDGE ( 'NONE', *, *, #4192, .T. ) ;
#2891 = CARTESIAN_POINT ( 'NONE',  ( 52.25000000000004263, 11.19999999999999751, 160.0000000000000000 ) ) ;
#2892 = EDGE_CURVE ( 'NONE', #982, #2819, #2990, .T. ) ;
#2893 = DIRECTION ( 'NONE',  ( -1.000000000000000000, 0.000000000000000000, 0.000000000000000000 ) ) ;
#2894 = VECTOR ( 'NONE', #3390, 1000.000000000000000 ) ;
#2895 = VERTEX_POINT ( 'NONE', #2326 ) ;
#2896 = DIRECTION ( 'NONE',  ( 3.273063162220403268E-17, 1.000000000000000000, 0.000000000000000000 ) ) ;
#2897 = FACE_OUTER_BOUND ( 'NONE', #760, .T. ) ;
#2898 = EDGE_CURVE ( 'NONE', #197, #3656, #353, .T. ) ;
#2899 = ORIENTED_EDGE ( 'NONE', *, *, #2383, .T. ) ;
#2900 = VERTEX_POINT ( 'NONE', #1606 ) ;
#2901 = CARTESIAN_POINT ( 'NONE',  ( 130.0000000000000000, 7.500000000000000000, 0.000000000000000000 ) ) ;
#2902 = CYLINDRICAL_SURFACE ( 'NONE', #2429, 2.449999999999993960 ) ;
#2903 = CARTESIAN_POINT ( 'NONE',  ( 116.5000000000000568, 24.00000000000000000, 38.56468560121562206 ) ) ;
#2904 = DIRECTION ( 'NONE',  ( 0.000000000000000000, 0.000000000000000000, -1.000000000000000000 ) ) ;
#2905 = EDGE_CURVE ( 'NONE', #881, #1579, #1292, .T. ) ;
#2906 = ORIENTED_EDGE ( 'NONE', *, *, #819, .T. ) ;
#2907 = DIRECTION ( 'NONE',  ( -1.000000000000000000, 0.000000000000000000, 0.000000000000000000 ) ) ;
#2908 = DIRECTION ( 'NONE',  ( -1.000000000000000000, -0.000000000000000000, -2.413528314402514090E-16 ) ) ;
#2909 = ORIENTED_EDGE ( 'NONE', *, *, #3071, .F. ) ;
#2910 = DIRECTION ( 'NONE',  ( 0.000000000000000000, 0.000000000000000000, -1.000000000000000000 ) ) ;
#2911 = DIRECTION ( 'NONE',  ( -0.000000000000000000, -1.000000000000000000, -0.000000000000000000 ) ) ;
#2912 = ORIENTED_EDGE ( 'NONE', *, *, #711, .F. ) ;
#2913 = ADVANCED_FACE ( 'NONE', ( #1647 ), #3992, .T. ) ;
#2914 = CARTESIAN_POINT ( 'NONE',  ( 2.800000000000004263, 3.711269837220797729, 2.200000000000028599 ) ) ;
#2915 = DIRECTION ( 'NONE',  ( 0.000000000000000000, -1.000000000000000000, 0.000000000000000000 ) ) ;
#2916 = VECTOR ( 'NONE', #2504, 1000.000000000000000 ) ;
#2917 = VERTEX_POINT ( 'NONE', #2950 ) ;
#2918 = AXIS2_PLACEMENT_3D ( 'NONE', #4151, #1832, #1811 ) ;
#2919 = ORIENTED_EDGE ( 'NONE', *, *, #682, .F. ) ;
#2920 = PLANE ( 'NONE',  #4184 ) ;
#2921 = VECTOR ( 'NONE', #3074, 1000.000000000000000 ) ;
#2922 = DIRECTION ( 'NONE',  ( 3.273063162220403268E-17, 1.000000000000000000, 0.000000000000000000 ) ) ;
#2923 = DIRECTION ( 'NONE',  ( 0.000000000000000000, 0.000000000000000000, -1.000000000000000000 ) ) ;
#2924 = CARTESIAN_POINT ( 'NONE',  ( 92.39331777177172000, 15.50000000000000000, 32.16371054953749109 ) ) ;
#2925 = AXIS2_PLACEMENT_3D ( 'NONE', #45, #1379, #4102 ) ;
#2926 = ORIENTED_EDGE ( 'NONE', *, *, #3575, .F. ) ;
#2927 = AXIS2_PLACEMENT_3D ( 'NONE', #330, #2038, #767 ) ;
#2928 = DIRECTION ( 'NONE',  ( 3.273063162220403268E-17, 1.000000000000000000, 0.000000000000000000 ) ) ;
#2929 = CARTESIAN_POINT ( 'NONE',  ( 130.0000000000000284, 7.699999999999996625, 43.49999999999995026 ) ) ;
#2930 = ORIENTED_EDGE ( 'NONE', *, *, #3586, .T. ) ;
#2931 = AXIS2_PLACEMENT_3D ( 'NONE', #1266, #4312, #607 ) ;
#2932 = LINE ( 'NONE', #933, #1408 ) ;
#2933 = EDGE_CURVE ( 'NONE', #3578, #4188, #1585, .T. ) ;
#2934 = DIRECTION ( 'NONE',  ( 3.273063162220403268E-17, 1.000000000000000000, -0.000000000000000000 ) ) ;
#2935 = ORIENTED_EDGE ( 'NONE', *, *, #3872, .T. ) ;
#2936 = LINE ( 'NONE', #1966, #1976 ) ;
#2937 = DIRECTION ( 'NONE',  ( 3.273063162220403268E-17, 1.000000000000000000, 0.000000000000000000 ) ) ;
#2938 = VECTOR ( 'NONE', #2792, 1000.000000000000000 ) ;
#2939 = ORIENTED_EDGE ( 'NONE', *, *, #1905, .F. ) ;
#2940 = ORIENTED_EDGE ( 'NONE', *, *, #3724, .T. ) ;
#2941 = DIRECTION ( 'NONE',  ( 0.000000000000000000, 0.000000000000000000, 1.000000000000000000 ) ) ;
#2942 = DIRECTION ( 'NONE',  ( -0.000000000000000000, -0.000000000000000000, -1.000000000000000000 ) ) ;
#2943 = DIRECTION ( 'NONE',  ( 3.273063162220403268E-17, 1.000000000000000000, 0.000000000000000000 ) ) ;
#2944 = ADVANCED_FACE ( 'NONE', ( #989 ), #4337, .F. ) ;
#2945 = AXIS2_PLACEMENT_3D ( 'NONE', #499, #3134, #1411 ) ;
#2946 = VECTOR ( 'NONE', #3448, 1000.000000000000000 ) ;
#2947 = ORIENTED_EDGE ( 'NONE', *, *, #2272, .F. ) ;
#2948 = CARTESIAN_POINT ( 'NONE',  ( 52.25000000000004263, 20.19999999999999929, 164.9672618810378140 ) ) ;
#2949 = AXIS2_PLACEMENT_3D ( 'NONE', #3761, #28, #2050 ) ;
#2950 = CARTESIAN_POINT ( 'NONE',  ( 123.2500000000000568, 9.250000000000000000, 24.30404775527135541 ) ) ;
#2951 = SURFACE_SIDE_STYLE ('',( #2537 ) ) ;
#2952 = EDGE_CURVE ( 'NONE', #3249, #1121, #1274, .T. ) ;
#2953 = VERTEX_POINT ( 'NONE', #3032 ) ;
#2954 = CARTESIAN_POINT ( 'NONE',  ( 122.5000000000000000, 27.00000000000000000, 0.000000000000000000 ) ) ;
#2955 = LINE ( 'NONE', #3692, #1743 ) ;
#2956 = EDGE_LOOP ( 'NONE', ( #3373, #2405, #3932, #263 ) ) ;
#2957 = EDGE_CURVE ( 'NONE', #3618, #4225, #3626, .T. ) ;
#2958 = EDGE_CURVE ( 'NONE', #1970, #1217, #4030, .T. ) ;
#2959 = AXIS2_PLACEMENT_3D ( 'NONE', #2771, #3407, #2106 ) ;
#2960 = ORIENTED_EDGE ( 'NONE', *, *, #2246, .F. ) ;
#2961 = AXIS2_PLACEMENT_3D ( 'NONE', #1105, #3376, #1696 ) ;
#2962 = CARTESIAN_POINT ( 'NONE',  ( 10.00000000000000888, 4.999999999999997335, 64.99481694033904944 ) ) ;
#2963 = CARTESIAN_POINT ( 'NONE',  ( 122.5000000000000426, 19.49999999999999645, 165.0000000000000284 ) ) ;
#2964 = ORIENTED_EDGE ( 'NONE', *, *, #835, .F. ) ;
#2965 = ORIENTED_EDGE ( 'NONE', *, *, #784, .T. ) ;
#2966 = CARTESIAN_POINT ( 'NONE',  ( 93.00000000000005684, 24.00000000000000000, 155.0000000000000284 ) ) ;
#2967 = CYLINDRICAL_SURFACE ( 'NONE', #3902, 1.250000000000001110 ) ;
#2968 = CARTESIAN_POINT ( 'NONE',  ( 97.75000000000005684, 2.999999999999998224, 32.50000000000000000 ) ) ;
#2969 = ORIENTED_EDGE ( 'NONE', *, *, #1783, .F. ) ;
#2970 = EDGE_CURVE ( 'NONE', #2819, #4012, #91, .T. ) ;
#2971 = DIRECTION ( 'NONE',  ( 0.000000000000000000, 0.000000000000000000, -1.000000000000000000 ) ) ;
#2972 = CARTESIAN_POINT ( 'NONE',  ( 127.0000000000000568, 2.999999999999999112, 155.0000000000000284 ) ) ;
#2973 = PLANE ( 'NONE',  #1973 ) ;
#2974 = ORIENTED_EDGE ( 'NONE', *, *, #1474, .F. ) ;
#2975 = CARTESIAN_POINT ( 'NONE',  ( 111.2538616029775227, 24.74393612219221694, 162.8623915622902985 ) ) ;
#2976 = DIRECTION ( 'NONE',  ( 0.000000000000000000, 0.000000000000000000, -1.000000000000000000 ) ) ;
#2977 = ORIENTED_EDGE ( 'NONE', *, *, #3670, .T. ) ;
#2978 = ORIENTED_EDGE ( 'NONE', *, *, #1272, .F. ) ;
#2979 = CARTESIAN_POINT ( 'NONE',  ( 0.000000000000000000, 0.000000000000000000, 0.000000000000000000 ) ) ;
#2980 = DIRECTION ( 'NONE',  ( 0.000000000000000000, 1.000000000000000000, 0.000000000000000000 ) ) ;
#2981 = ORIENTED_EDGE ( 'NONE', *, *, #2898, .F. ) ;
#2982 = ORIENTED_EDGE ( 'NONE', *, *, #1961, .F. ) ;
#2983 = DIRECTION ( 'NONE',  ( 0.000000000000000000, 0.000000000000000000, -1.000000000000000000 ) ) ;
#2984 = DIRECTION ( 'NONE',  ( 0.000000000000000000, -1.000000000000000000, 0.000000000000000000 ) ) ;
#2985 = DIRECTION ( 'NONE',  ( 3.273063162220403268E-17, 1.000000000000000000, 0.000000000000000000 ) ) ;
#2986 = VERTEX_POINT ( 'NONE', #1031 ) ;
#2987 = AXIS2_PLACEMENT_3D ( 'NONE', #2552, #3241, #1494 ) ;
#2988 = ORIENTED_EDGE ( 'NONE', *, *, #1784, .F. ) ;
#2989 = DIRECTION ( 'NONE',  ( -0.000000000000000000, -1.000000000000000000, -0.000000000000000000 ) ) ;
#2990 = LINE ( 'NONE', #678, #3488 ) ;
#2991 = DIRECTION ( 'NONE',  ( -1.000000000000000000, 1.826024711554532188E-16, -0.000000000000000000 ) ) ;
#2992 = ORIENTED_EDGE ( 'NONE', *, *, #980, .T. ) ;
#2993 = CARTESIAN_POINT ( 'NONE',  ( 96.55000000000006821, -6.929646455628168056, 112.7500000000000142 ) ) ;
#2994 = CARTESIAN_POINT ( 'NONE',  ( 95.25000000000005684, 9.250000000000000000, 27.01011938817845959 ) ) ;
#2995 = ORIENTED_EDGE ( 'NONE', *, *, #1047, .F. ) ;
#2996 = ADVANCED_FACE ( 'NONE', ( #2039 ), #2770, .F. ) ;
#2997 = CIRCLE ( 'NONE', #1665, 2.449999999999993960 ) ;
#2998 = ORIENTED_EDGE ( 'NONE', *, *, #4074, .F. ) ;
#2999 = CYLINDRICAL_SURFACE ( 'NONE', #1969, 2.449999999999993960 ) ;
#3000 = CARTESIAN_POINT ( 'NONE',  ( 121.2500000000000568, 24.00000000000000000, 43.85640646055166769 ) ) ;
#3001 = EDGE_CURVE ( 'NONE', #774, #2076, #3272, .T. ) ;
#3002 = VERTEX_POINT ( 'NONE', #3101 ) ;
#3003 = ORIENTED_EDGE ( 'NONE', *, *, #1360, .T. ) ;
#3004 = FACE_OUTER_BOUND ( 'NONE', #4237, .T. ) ;
#3005 = CARTESIAN_POINT ( 'NONE',  ( 124.7500000000000568, 16.00000000000000000, 13.99999999999999822 ) ) ;
#3006 = LINE ( 'NONE', #1269, #3576 ) ;
#3007 = VERTEX_POINT ( 'NONE', #3147 ) ;
#3008 = EDGE_CURVE ( 'NONE', #935, #1279, #373, .T. ) ;
#3009 = DIRECTION ( 'NONE',  ( 1.365028308965356439E-16, 0.000000000000000000, 1.000000000000000000 ) ) ;
#3010 = DIRECTION ( 'NONE',  ( -0.000000000000000000, -0.000000000000000000, -1.000000000000000000 ) ) ;
#3011 = CARTESIAN_POINT ( 'NONE',  ( 5.000000000000004441, 5.000000000000000000, 12.00000000000000000 ) ) ;
#3012 = VECTOR ( 'NONE', #3158, 1000.000000000000000 ) ;
#3013 = AXIS2_PLACEMENT_3D ( 'NONE', #4161, #3524, #528 ) ;
#3014 = ORIENTED_EDGE ( 'NONE', *, *, #3162, .F. ) ;
#3015 = CARTESIAN_POINT ( 'NONE',  ( 113.6349650349500706, 22.78884935732970973, 164.2457679236660226 ) ) ;
#3016 = LINE ( 'NONE', #1693, #3053 ) ;
#3017 = ORIENTED_EDGE ( 'NONE', *, *, #413, .F. ) ;
#3018 = EDGE_CURVE ( 'NONE', #3007, #2399, #1803, .T. ) ;
#3019 = EDGE_LOOP ( 'NONE', ( #1937, #2620 ) ) ;
#3020 = LINE ( 'NONE', #1636, #2673 ) ;
#3021 = EDGE_CURVE ( 'NONE', #26, #3596, #138, .T. ) ;
#3022 = DIRECTION ( 'NONE',  ( -0.000000000000000000, -1.000000000000000000, -0.000000000000000000 ) ) ;
#3023 = AXIS2_PLACEMENT_3D ( 'NONE', #2366, #3707, #3945 ) ;
#3024 = VERTEX_POINT ( 'NONE', #3794 ) ;
#3025 = EDGE_LOOP ( 'NONE', ( #1946, #3261, #3194, #2779 ) ) ;
#3026 = VECTOR ( 'NONE', #2840, 1000.000000000000000 ) ;
#3027 = LINE ( 'NONE', #13, #2946 ) ;
#3028 = ADVANCED_FACE ( 'NONE', ( #721 ), #3771, .T. ) ;
#3029 = EDGE_LOOP ( 'NONE', ( #1627, #545, #1654, #2909, #135, #2964, #2032, #1952 ) ) ;
#3030 = DIRECTION ( 'NONE',  ( 0.000000000000000000, 0.000000000000000000, -1.000000000000000000 ) ) ;
#3031 = DIRECTION ( 'NONE',  ( 0.000000000000000000, 0.000000000000000000, -1.000000000000000000 ) ) ;
#3032 = CARTESIAN_POINT ( 'NONE',  ( 47.75000000000004263, 20.19999999999999929, 160.0000000000000000 ) ) ;
#3033 = FACE_OUTER_BOUND ( 'NONE', #1989, .T. ) ;
#3034 = EDGE_CURVE ( 'NONE', #4052, #3957, #1932, .T. ) ;
#3035 = ADVANCED_FACE ( 'NONE', ( #768 ), #4077, .T. ) ;
#3036 = EDGE_LOOP ( 'NONE', ( #2088, #119, #3630, #3115 ) ) ;
#3037 = CYLINDRICAL_SURFACE ( 'NONE', #4246, 2.250000000000001776 ) ;
#3038 = DIRECTION ( 'NONE',  ( -0.000000000000000000, 1.000000000000000000, 0.000000000000000000 ) ) ;
#3039 = ORIENTED_EDGE ( 'NONE', *, *, #55, .F. ) ;
#3040 = EDGE_CURVE ( 'NONE', #409, #2764, #186, .T. ) ;
#3041 = ORIENTED_EDGE ( 'NONE', *, *, #4031, .T. ) ;
#3042 = CARTESIAN_POINT ( 'NONE',  ( 116.5000000000000568, 18.00000000000000355, 14.49999999999999822 ) ) ;
#3043 = LINE ( 'NONE', #2403, #2533 ) ;
#3044 = EDGE_CURVE ( 'NONE', #3353, #705, #3729, .T. ) ;
#3045 = ORIENTED_EDGE ( 'NONE', *, *, #2671, .F. ) ;
#3046 = ORIENTED_EDGE ( 'NONE', *, *, #1254, .F. ) ;
#3047 = FACE_OUTER_BOUND ( 'NONE', #60, .T. ) ;
#3048 = ORIENTED_EDGE ( 'NONE', *, *, #2898, .T. ) ;
#3049 = CARTESIAN_POINT ( 'NONE',  ( 127.0000000000000568, 24.00000000000000000, 0.000000000000000000 ) ) ;
#3050 = DIRECTION ( 'NONE',  ( 0.000000000000000000, 0.000000000000000000, -1.000000000000000000 ) ) ;
#3051 = DIRECTION ( 'NONE',  ( 0.000000000000000000, -1.000000000000000000, 0.000000000000000000 ) ) ;
#3052 = DIRECTION ( 'NONE',  ( 0.000000000000000000, -0.000000000000000000, 1.000000000000000000 ) ) ;
#3053 = VECTOR ( 'NONE', #3038, 1000.000000000000000 ) ;
#3054 = ORIENTED_EDGE ( 'NONE', *, *, #4263, .F. ) ;
#3055 = DIRECTION ( 'NONE',  ( -1.000000000000000000, 0.000000000000000000, 0.000000000000000000 ) ) ;
#3056 = DIRECTION ( 'NONE',  ( -0.000000000000000000, 1.000000000000000000, -0.000000000000000000 ) ) ;
#3057 = ORIENTED_EDGE ( 'NONE', *, *, #2183, .F. ) ;
#3058 = AXIS2_PLACEMENT_3D ( 'NONE', #1688, #1997, #3305 ) ;
#3059 = EDGE_CURVE ( 'NONE', #182, #3895, #1728, .T. ) ;
#3060 = ORIENTED_EDGE ( 'NONE', *, *, #3513, .F. ) ;
#3061 = EDGE_CURVE ( 'NONE', #2917, #3353, #3679, .T. ) ;
#3062 = CARTESIAN_POINT ( 'NONE',  ( 0.000000000000000000, 4.999999999999997335, 64.99481694033903523 ) ) ;
#3063 = DIRECTION ( 'NONE',  ( -1.000000000000000000, -0.000000000000000000, -0.000000000000000000 ) ) ;
#3064 = VECTOR ( 'NONE', #4233, 1000.000000000000000 ) ;
#3065 = VECTOR ( 'NONE', #1844, 1000.000000000000000 ) ;
#3066 = ORIENTED_EDGE ( 'NONE', *, *, #2183, .T. ) ;
#3067 = DIRECTION ( 'NONE',  ( -0.000000000000000000, -0.000000000000000000, 1.000000000000000000 ) ) ;
#3068 = VECTOR ( 'NONE', #2269, 1000.000000000000000 ) ;
#3069 = DIRECTION ( 'NONE',  ( 1.000000000000000000, 0.000000000000000000, 0.000000000000000000 ) ) ;
#3070 = ORIENTED_EDGE ( 'NONE', *, *, #2214, .F. ) ;
#3071 = EDGE_CURVE ( 'NONE', #3139, #2752, #1752, .T. ) ;
#3072 = CARTESIAN_POINT ( 'NONE',  ( 74.75000000000004263, 14.75000000000000000, 160.0000000000000000 ) ) ;
#3073 = LINE ( 'NONE', #2409, #1026 ) ;
#3074 = DIRECTION ( 'NONE',  ( -1.000000000000000000, -0.000000000000000000, -2.413528314402514090E-16 ) ) ;
#3075 = CARTESIAN_POINT ( 'NONE',  ( 127.0000000000000568, 6.799999999999998046, 52.99999999999995737 ) ) ;
#3076 = CIRCLE ( 'NONE', #340, 1.250000000000001110 ) ;
#3077 = ORIENTED_EDGE ( 'NONE', *, *, #3325, .F. ) ;
#3078 = ORIENTED_EDGE ( 'NONE', *, *, #1755, .F. ) ;
#3079 = DIRECTION ( 'NONE',  ( 3.273063162220403268E-17, 1.000000000000000000, 0.000000000000000000 ) ) ;
#3080 = LINE ( 'NONE', #72, #2849 ) ;
#3081 = EDGE_LOOP ( 'NONE', ( #1792, #3296 ) ) ;
#3082 = ADVANCED_FACE ( 'NONE', ( #3455 ), #114, .F. ) ;
#3083 = AXIS2_PLACEMENT_3D ( 'NONE', #1683, #3069, #1771 ) ;
#3084 = VERTEX_POINT ( 'NONE', #2126 ) ;
#3085 = LINE ( 'NONE', #75, #1061 ) ;
#3086 = FACE_OUTER_BOUND ( 'NONE', #3019, .T. ) ;
#3087 = DIRECTION ( 'NONE',  ( -0.000000000000000000, 0.000000000000000000, -1.000000000000000000 ) ) ;
#3088 = CARTESIAN_POINT ( 'NONE',  ( 100.2500000000000568, 2.999999999999999112, 151.7500000000000000 ) ) ;
#3089 = VECTOR ( 'NONE', #2649, 1000.000000000000000 ) ;
#3090 = EDGE_CURVE ( 'NONE', #2895, #2802, #3477, .T. ) ;
#3091 = EDGE_CURVE ( 'NONE', #2459, #3956, #3823, .T. ) ;
#3092 = VERTEX_POINT ( 'NONE', #224 ) ;
#3093 = EDGE_LOOP ( 'NONE', ( #3487, #1350, #580, #2861 ) ) ;
#3094 = DIRECTION ( 'NONE',  ( 3.273063162220403268E-17, 1.000000000000000000, 0.000000000000000000 ) ) ;
#3095 = AXIS2_PLACEMENT_3D ( 'NONE', #441, #1376, #2411 ) ;
#3096 = VECTOR ( 'NONE', #2714, 1000.000000000000000 ) ;
#3097 = EDGE_LOOP ( 'NONE', ( #1067, #3572, #672, #447, #1744 ) ) ;
#3098 = CIRCLE ( 'NONE', #2824, 1.799999999999996048 ) ;
#3099 = DIRECTION ( 'NONE',  ( 0.000000000000000000, 0.000000000000000000, -1.000000000000000000 ) ) ;
#3100 = CARTESIAN_POINT ( 'NONE',  ( 52.25000000000004263, 15.69999999999999929, 160.0000000000000000 ) ) ;
#3101 = CARTESIAN_POINT ( 'NONE',  ( 116.0000000000004690, 0.000000000000000000, 110.4999999999999858 ) ) ;
#3102 = LINE ( 'NONE', #1444, #1059 ) ;
#3103 = VECTOR ( 'NONE', #3262, 1000.000000000000000 ) ;
#3104 = VERTEX_POINT ( 'NONE', #2208 ) ;
#3105 = ADVANCED_FACE ( 'NONE', ( #4186 ), #3256, .F. ) ;
#3106 = ORIENTED_EDGE ( 'NONE', *, *, #4042, .T. ) ;
#3107 = CARTESIAN_POINT ( 'NONE',  ( 116.0000000000000426, 2.999999999999995115, 112.7500000000000142 ) ) ;
#3108 = DIRECTION ( 'NONE',  ( 1.000000000000000000, -0.000000000000000000, -3.524517538492561236E-16 ) ) ;
#3109 = VERTEX_POINT ( 'NONE', #3192 ) ;
#3110 = ORIENTED_EDGE ( 'NONE', *, *, #86, .F. ) ;
#3111 = DIRECTION ( 'NONE',  ( 0.000000000000000000, -1.000000000000000000, -0.000000000000000000 ) ) ;
#3112 = DIRECTION ( 'NONE',  ( 3.524517538492560743E-16, -0.000000000000000000, 1.000000000000000000 ) ) ;
#3113 = DIRECTION ( 'NONE',  ( -3.524517538492561236E-16, 0.000000000000000000, -1.000000000000000000 ) ) ;
#3114 = ORIENTED_EDGE ( 'NONE', *, *, #3860, .T. ) ;
#3115 = ORIENTED_EDGE ( 'NONE', *, *, #1604, .F. ) ;
#3116 = FACE_OUTER_BOUND ( 'NONE', #2394, .T. ) ;
#3117 = VERTEX_POINT ( 'NONE', #3543 ) ;
#3118 = EDGE_CURVE ( 'NONE', #1423, #47, #180, .T. ) ;
#3119 = DIRECTION ( 'NONE',  ( 3.273063162220403268E-17, 1.000000000000000000, 0.000000000000000000 ) ) ;
#3120 = CARTESIAN_POINT ( 'NONE',  ( 123.2500000000000568, 7.750000000000003553, 24.30404775527136607 ) ) ;
#3121 = CARTESIAN_POINT ( 'NONE',  ( 7.500000000000018652, 19.50000000000000000, 157.5000000000000000 ) ) ;
#3122 =( BOUNDED_CURVE ( )  B_SPLINE_CURVE ( 3, ( #4316, #615, #987, #1953 ),
 .UNSPECIFIED., .F., .F. ) 
 B_SPLINE_CURVE_WITH_KNOTS ( ( 4, 4 ),
 ( 3.141592653589793116, 4.712388980384702108 ),
 .UNSPECIFIED. ) 
 CURVE ( )  GEOMETRIC_REPRESENTATION_ITEM ( )  RATIONAL_B_SPLINE_CURVE ( ( 1.000000000000000000, 0.8047378541243619399, 0.8047378541243619399, 1.000000000000000000 ) ) 
 REPRESENTATION_ITEM ( '' )  );
#3123 = LINE ( 'NONE', #770, #4067 ) ;
#3124 = VERTEX_POINT ( 'NONE', #4229 ) ;
#3125 = AXIS2_PLACEMENT_3D ( 'NONE', #1110, #3721, #1818 ) ;
#3126 = ORIENTED_EDGE ( 'NONE', *, *, #2671, .T. ) ;
#3127 = DIRECTION ( 'NONE',  ( -0.000000000000000000, 1.000000000000000000, 0.000000000000000000 ) ) ;
#3128 = FACE_OUTER_BOUND ( 'NONE', #1098, .T. ) ;
#3129 = AXIS2_PLACEMENT_3D ( 'NONE', #1871, #3489, #208 ) ;
#3130 = ORIENTED_EDGE ( 'NONE', *, *, #1371, .F. ) ;
#3131 = CIRCLE ( 'NONE', #2489, 2.250000000000001776 ) ;
#3132 = DIRECTION ( 'NONE',  ( -1.000000000000000000, 3.273063162220403268E-17, 0.000000000000000000 ) ) ;
#3133 = EDGE_CURVE ( 'NONE', #47, #521, #2283, .T. ) ;
#3134 = DIRECTION ( 'NONE',  ( 0.000000000000000000, -1.000000000000000000, 0.000000000000000000 ) ) ;
#3135 = FACE_OUTER_BOUND ( 'NONE', #2161, .T. ) ;
#3136 = DIRECTION ( 'NONE',  ( 3.273063162220403268E-17, 1.000000000000000000, -0.000000000000000000 ) ) ;
#3137 = VECTOR ( 'NONE', #2151, 1000.000000000000000 ) ;
#3138 = VECTOR ( 'NONE', #3770, 1000.000000000000000 ) ;
#3139 = VERTEX_POINT ( 'NONE', #1160 ) ;
#3140 = DIRECTION ( 'NONE',  ( -0.000000000000000000, -0.000000000000000000, -1.000000000000000000 ) ) ;
#3141 = LINE ( 'NONE', #134, #3849 ) ;
#3142 = EDGE_CURVE ( 'NONE', #453, #2865, #3166, .T. ) ;
#3143 = VERTEX_POINT ( 'NONE', #3815 ) ;
#3144 = VECTOR ( 'NONE', #3321, 1000.000000000000000 ) ;
#3145 = LINE ( 'NONE', #1205, #2153 ) ;
#3146 = CARTESIAN_POINT ( 'NONE',  ( 116.0000000000004690, 2.000000000000000000, 110.4999999999999858 ) ) ;
#3147 = CARTESIAN_POINT ( 'NONE',  ( 5.000000000000032863, 0.4289321881345131149, 0.000000000000000000 ) ) ;
#3148 = CARTESIAN_POINT ( 'NONE',  ( 10.00000000000000000, 4.999999999999997335, 0.000000000000000000 ) ) ;
#3149 = EDGE_CURVE ( 'NONE', #2609, #2464, #494, .T. ) ;
#3150 = ADVANCED_FACE ( 'NONE', ( #2857 ), #3898, .F. ) ;
#3151 = ORIENTED_EDGE ( 'NONE', *, *, #1085, .T. ) ;
#3152 = ORIENTED_EDGE ( 'NONE', *, *, #4221, .T. ) ;
#3153 = CARTESIAN_POINT ( 'NONE',  ( 99.00000000000005684, -6.929646455628168056, 112.7500000000000142 ) ) ;
#3154 = CARTESIAN_POINT ( 'NONE',  ( 114.2500000000000426, 24.00000000000000000, 109.5000000000000000 ) ) ;
#3155 = AXIS2_PLACEMENT_3D ( 'NONE', #37, #1372, #1093 ) ;
#3156 = ORIENTED_EDGE ( 'NONE', *, *, #2156, .T. ) ;
#3157 = CARTESIAN_POINT ( 'NONE',  ( 43.25000000000003553, 15.69999999999999929, 170.0000000000000000 ) ) ;
#3158 = DIRECTION ( 'NONE',  ( -1.000000000000000000, 0.000000000000000000, 0.000000000000000000 ) ) ;
#3159 = CYLINDRICAL_SURFACE ( 'NONE', #1038, 2.499999999999998668 ) ;
#3160 = CIRCLE ( 'NONE', #1253, 4.500000000000003553 ) ;
#3161 = CARTESIAN_POINT ( 'NONE',  ( 96.75000000000005684, 9.250000000000000000, 17.50000000000000000 ) ) ;
#3162 = EDGE_CURVE ( 'NONE', #3942, #47, #1225, .T. ) ;
#3163 = ORIENTED_EDGE ( 'NONE', *, *, #1312, .T. ) ;
#3164 = ADVANCED_FACE ( 'NONE', ( #509 ), #1845, .T. ) ;
#3165 = ORIENTED_EDGE ( 'NONE', *, *, #1767, .T. ) ;
#3166 = CIRCLE ( 'NONE', #2236, 1.799999999999996048 ) ;
#3167 = DIRECTION ( 'NONE',  ( 0.000000000000000000, 1.000000000000000000, 0.000000000000000000 ) ) ;
#3168 = ORIENTED_EDGE ( 'NONE', *, *, #1479, .T. ) ;
#3169 = CARTESIAN_POINT ( 'NONE',  ( 96.55000000000006821, 15.99999999999999645, 151.7500000000000000 ) ) ;
#3170 = DIRECTION ( 'NONE',  ( 0.000000000000000000, 0.000000000000000000, -1.000000000000000000 ) ) ;
#3171 = EDGE_CURVE ( 'NONE', #109, #1934, #1906, .T. ) ;
#3172 = CARTESIAN_POINT ( 'NONE',  ( 103.4063302349662479, 24.60828027883711755, 162.9922790126186669 ) ) ;
#3173 = VECTOR ( 'NONE', #151, 1000.000000000000000 ) ;
#3174 = ORIENTED_EDGE ( 'NONE', *, *, #1201, .T. ) ;
#3175 = AXIS2_PLACEMENT_3D ( 'NONE', #3441, #2067, #3464 ) ;
#3176 = DIRECTION ( 'NONE',  ( 3.273063162220403268E-17, 1.000000000000000000, -0.000000000000000000 ) ) ;
#3177 = DIRECTION ( 'NONE',  ( -1.000000000000000000, -0.000000000000000000, -0.000000000000000000 ) ) ;
#3178 = EDGE_CURVE ( 'NONE', #2187, #2328, #2231, .T. ) ;
#3179 = ORIENTED_EDGE ( 'NONE', *, *, #3725, .T. ) ;
#3180 = CARTESIAN_POINT ( 'NONE',  ( 127.0000000000000568, 15.50000000000000000, 17.50000000000000000 ) ) ;
#3181 = DIRECTION ( 'NONE',  ( 0.000000000000000000, 0.000000000000000000, -1.000000000000000000 ) ) ;
#3182 = EDGE_CURVE ( 'NONE', #491, #329, #4314, .T. ) ;
#3183 = CARTESIAN_POINT ( 'NONE',  ( 82.50000000000005684, 22.00000000000000000, 152.5000000000000000 ) ) ;
#3184 = ORIENTED_EDGE ( 'NONE', *, *, #1218, .F. ) ;
#3185 = CARTESIAN_POINT ( 'NONE',  ( 127.0000000000000568, 24.00000000000000000, 194.9624824053761643 ) ) ;
#3186 = ORIENTED_EDGE ( 'NONE', *, *, #1254, .T. ) ;
#3187 = CARTESIAN_POINT ( 'NONE',  ( 97.20000000000005969, -5.091168824543132132, 151.7500000000000000 ) ) ;
#3188 = EDGE_CURVE ( 'NONE', #2740, #2459, #634, .T. ) ;
#3189 = ORIENTED_EDGE ( 'NONE', *, *, #3314, .T. ) ;
#3190 = CARTESIAN_POINT ( 'NONE',  ( 2.800000000000004263, 5.000000000000000000, 2.200000000000028155 ) ) ;
#3191 = DIRECTION ( 'NONE',  ( 3.273063162220403268E-17, 1.000000000000000000, 0.000000000000000000 ) ) ;
#3192 = CARTESIAN_POINT ( 'NONE',  ( 129.9672618810377855, 6.799999999999998046, 39.99999999999995026 ) ) ;
#3193 = CARTESIAN_POINT ( 'NONE',  ( 127.0000000000000568, 16.49999999999995026, 31.06922683753906966 ) ) ;
#3194 = ORIENTED_EDGE ( 'NONE', *, *, #2553, .T. ) ;
#3195 = CARTESIAN_POINT ( 'NONE',  ( 100.7500000000000568, 5.000000000000000888, 155.0000000000000284 ) ) ;
#3196 = DIRECTION ( 'NONE',  ( -0.000000000000000000, -0.000000000000000000, -1.000000000000000000 ) ) ;
#3197 = ORIENTED_EDGE ( 'NONE', *, *, #2303, .F. ) ;
#3198 = CARTESIAN_POINT ( 'NONE',  ( 95.25000000000005684, 9.250000000000000000, 32.50000000000000000 ) ) ;
#3199 = CARTESIAN_POINT ( 'NONE',  ( 105.2500000000000426, 20.50000000000000000, 138.7750192604120514 ) ) ;
#3200 = DIRECTION ( 'NONE',  ( 0.000000000000000000, 2.478176394252585085E-16, 1.000000000000000000 ) ) ;
#3201 = DIRECTION ( 'NONE',  ( 0.000000000000000000, -1.000000000000000000, 0.000000000000000000 ) ) ;
#3202 = EDGE_CURVE ( 'NONE', #3736, #705, #771, .T. ) ;
#3203 = PRODUCT_DEFINITION ( 'UNKNOWN', '', #2320, #722 ) ;
#3204 = AXIS2_PLACEMENT_3D ( 'NONE', #3331, #3310, #996 ) ;
#3205 = ORIENTED_EDGE ( 'NONE', *, *, #4074, .T. ) ;
#3206 = CARTESIAN_POINT ( 'NONE',  ( 47.75000000000004263, 20.19999999999999929, 164.9672618810378140 ) ) ;
#3207 = DIRECTION ( 'NONE',  ( -1.000000000000000000, 0.000000000000000000, 0.000000000000000000 ) ) ;
#3208 = AXIS2_PLACEMENT_3D ( 'NONE', #2683, #2617, #4280 ) ;
#3209 = EDGE_LOOP ( 'NONE', ( #1463, #4155, #3775, #1785 ) ) ;
#3210 = PRODUCT_DEFINITION_SHAPE ( 'NONE', 'NONE',  #3203 ) ;
#3211 = DIRECTION ( 'NONE',  ( 0.000000000000000000, 0.000000000000000000, -1.000000000000000000 ) ) ;
#3212 = CARTESIAN_POINT ( 'NONE',  ( 123.2500000000000568, 9.250000000000000000, 24.30404775527135541 ) ) ;
#3213 = DIRECTION ( 'NONE',  ( 0.000000000000000000, 0.000000000000000000, -1.000000000000000000 ) ) ;
#3214 =( NAMED_UNIT ( * ) SI_UNIT ( $, .STERADIAN. ) SOLID_ANGLE_UNIT ( ) );
#3215 = CIRCLE ( 'NONE', #1939, 2.200000000000000178 ) ;
#3216 = VECTOR ( 'NONE', #2815, 1000.000000000000000 ) ;
#3217 = EDGE_CURVE ( 'NONE', #4011, #3618, #3006, .T. ) ;
#3218 = ORIENTED_EDGE ( 'NONE', *, *, #3965, .T. ) ;
#3219 = FACE_OUTER_BOUND ( 'NONE', #1810, .T. ) ;
#3220 = DIRECTION ( 'NONE',  ( -1.000000000000000000, 0.000000000000000000, 0.000000000000000000 ) ) ;
#3221 = ORIENTED_EDGE ( 'NONE', *, *, #2246, .T. ) ;
#3222 = DIRECTION ( 'NONE',  ( -0.000000000000000000, -1.000000000000000000, -0.000000000000000000 ) ) ;
#3223 = CARTESIAN_POINT ( 'NONE',  ( 52.25000000000004263, 20.19999999999999929, 160.0000000000000000 ) ) ;
#3224 = DIRECTION ( 'NONE',  ( 0.000000000000000000, 0.000000000000000000, -1.000000000000000000 ) ) ;
#3225 = EDGE_CURVE ( 'NONE', #3913, #1284, #3299, .T. ) ;
#3226 = EDGE_LOOP ( 'NONE', ( #3440, #2358, #74, #2182 ) ) ;
#3227 = DIRECTION ( 'NONE',  ( -3.524517538492561236E-16, 0.000000000000000000, -1.000000000000000000 ) ) ;
#3228 = PLANE ( 'NONE',  #3852 ) ;
#3229 = ADVANCED_FACE ( 'NONE', ( #1624 ), #1332, .F. ) ;
#3230 = AXIS2_PLACEMENT_3D ( 'NONE', #209, #2934, #3288 ) ;
#3231 = VECTOR ( 'NONE', #1527, 1000.000000000000000 ) ;
#3232 = EDGE_LOOP ( 'NONE', ( #5, #2584, #3591, #2096 ) ) ;
#3233 = ORIENTED_EDGE ( 'NONE', *, *, #514, .T. ) ;
#3234 = DIRECTION ( 'NONE',  ( -1.000000000000000000, 0.000000000000000000, 0.000000000000000000 ) ) ;
#3235 = CARTESIAN_POINT ( 'NONE',  ( 96.75000000000005684, 9.250000000000000000, 24.30404775527136252 ) ) ;
#3236 = DIRECTION ( 'NONE',  ( 0.000000000000000000, 0.000000000000000000, -1.000000000000000000 ) ) ;
#3237 = DIRECTION ( 'NONE',  ( -0.000000000000000000, -1.000000000000000000, -0.000000000000000000 ) ) ;
#3238 = AXIS2_PLACEMENT_3D ( 'NONE', #239, #2915, #1571 ) ;
#3239 = ORIENTED_EDGE ( 'NONE', *, *, #1711, .F. ) ;
#3240 = CARTESIAN_POINT ( 'NONE',  ( 117.8000000000000398, 2.000000000000000000, 151.7500000000000000 ) ) ;
#3241 = DIRECTION ( 'NONE',  ( 0.000000000000000000, -1.000000000000000000, 0.000000000000000000 ) ) ;
#3242 = COLOUR_RGB ( '',0.7921568627450980005, 0.8196078431372548767, 0.9333333333333333481 ) ;
#3243 =( BOUNDED_CURVE ( )  B_SPLINE_CURVE ( 3, ( #1490, #863, #3120, #3212 ),
 .UNSPECIFIED., .F., .F. ) 
 B_SPLINE_CURVE_WITH_KNOTS ( ( 4, 4 ),
 ( 3.141592653589793116, 6.283185307179586232 ),
 .UNSPECIFIED. ) 
 CURVE ( )  GEOMETRIC_REPRESENTATION_ITEM ( )  RATIONAL_B_SPLINE_CURVE ( ( 1.000000000000000000, 0.3333333333333333703, 0.3333333333333333703, 1.000000000000000000 ) ) 
 REPRESENTATION_ITEM ( '' )  );
#3244 = EDGE_CURVE ( 'NONE', #3676, #2009, #3664, .T. ) ;
#3245 = ORIENTED_EDGE ( 'NONE', *, *, #1639, .F. ) ;
#3246 = DIRECTION ( 'NONE',  ( 0.000000000000000000, 0.000000000000000000, -1.000000000000000000 ) ) ;
#3247 = AXIS2_PLACEMENT_3D ( 'NONE', #2210, #1907, #3880 ) ;
#3248 = CARTESIAN_POINT ( 'NONE',  ( 96.00000000000005684, 9.250000000000000000, 32.50000000000000000 ) ) ;
#3249 = VERTEX_POINT ( 'NONE', #654 ) ;
#3250 = PLANE ( 'NONE',  #3311 ) ;
#3251 = LINE ( 'NONE', #3267, #281 ) ;
#3252 = ORIENTED_EDGE ( 'NONE', *, *, #1236, .F. ) ;
#3253 = ORIENTED_EDGE ( 'NONE', *, *, #564, .T. ) ;
#3254 = DIRECTION ( 'NONE',  ( -0.000000000000000000, -0.000000000000000000, -1.000000000000000000 ) ) ;
#3255 = DIRECTION ( 'NONE',  ( -3.524517538492560743E-16, 0.000000000000000000, -1.000000000000000000 ) ) ;
#3256 = PLANE ( 'NONE',  #2141 ) ;
#3257 = FACE_OUTER_BOUND ( 'NONE', #2073, .T. ) ;
#3258 = ORIENTED_EDGE ( 'NONE', *, *, #1705, .T. ) ;
#3259 = DIRECTION ( 'NONE',  ( 1.000000000000000000, 0.000000000000000000, 0.000000000000000000 ) ) ;
#3260 = FACE_OUTER_BOUND ( 'NONE', #1681, .T. ) ;
#3261 = ORIENTED_EDGE ( 'NONE', *, *, #3225, .F. ) ;
#3262 = DIRECTION ( 'NONE',  ( 3.273063162220403268E-17, 1.000000000000000000, 0.000000000000000000 ) ) ;
#3263 = CYLINDRICAL_SURFACE ( 'NONE', #3515, 4.500000000000003553 ) ;
#3264 = EDGE_CURVE ( 'NONE', #3557, #3975, #3369, .T. ) ;
#3265 = EDGE_LOOP ( 'NONE', ( #2982, #1023, #1313, #1119 ) ) ;
#3266 = CARTESIAN_POINT ( 'NONE',  ( 17.50000000000001776, 4.999999999999997335, 152.5000000000000000 ) ) ;
#3267 = CARTESIAN_POINT ( 'NONE',  ( 130.0000000000000568, 27.00000000000000000, 157.5000000000000000 ) ) ;
#3268 = AXIS2_PLACEMENT_3D ( 'NONE', #3412, #1710, #143 ) ;
#3269 = VERTEX_POINT ( 'NONE', #3342 ) ;
#3270 = ORIENTED_EDGE ( 'NONE', *, *, #1865, .F. ) ;
#3271 = CARTESIAN_POINT ( 'NONE',  ( 1.561251128379126385E-14, 27.00000000000000000, 157.5000000000000000 ) ) ;
#3272 = CIRCLE ( 'NONE', #2349, 2.499999999999998668 ) ;
#3273 = CARTESIAN_POINT ( 'NONE',  ( 116.0000000000000426, 2.999999999999995115, 112.7500000000000142 ) ) ;
#3274 = CARTESIAN_POINT ( 'NONE',  ( 116.0000000000000426, 15.99999999999999289, 112.7500000000000142 ) ) ;
#3275 = EDGE_CURVE ( 'NONE', #935, #2204, #1469, .T. ) ;
#3276 = AXIS2_PLACEMENT_3D ( 'NONE', #1514, #4165, #3863 ) ;
#3277 = ORIENTED_EDGE ( 'NONE', *, *, #1333, .F. ) ;
#3278 = CIRCLE ( 'NONE', #2354, 2.450000000000007727 ) ;
#3279 = DIRECTION ( 'NONE',  ( 3.273063162220403268E-17, 1.000000000000000000, 0.000000000000000000 ) ) ;
#3280 = CARTESIAN_POINT ( 'NONE',  ( 99.00000000000005684, 2.999999999999999112, 151.7500000000000000 ) ) ;
#3281 = CARTESIAN_POINT ( 'NONE',  ( 27.75000000000003908, 14.75000000000000000, 163.0000000000000000 ) ) ;
#3282 = EDGE_CURVE ( 'NONE', #3596, #3007, #2598, .T. ) ;
#3283 = EDGE_CURVE ( 'NONE', #3895, #642, #559, .T. ) ;
#3284 = AXIS2_PLACEMENT_3D ( 'NONE', #3599, #944, #3580 ) ;
#3285 = ORIENTED_EDGE ( 'NONE', *, *, #4249, .T. ) ;
#3286 = VECTOR ( 'NONE', #4252, 1000.000000000000000 ) ;
#3287 = DIRECTION ( 'NONE',  ( 0.000000000000000000, 0.000000000000000000, 1.000000000000000000 ) ) ;
#3288 = DIRECTION ( 'NONE',  ( -1.000000000000000000, 0.000000000000000000, 0.000000000000000000 ) ) ;
#3289 = VERTEX_POINT ( 'NONE', #267 ) ;
#3290 = EDGE_LOOP ( 'NONE', ( #4002, #3163, #4024, #904, #2876 ) ) ;
#3291 = DIRECTION ( 'NONE',  ( -0.000000000000000000, 1.000000000000000000, -0.000000000000000000 ) ) ;
#3292 = DIRECTION ( 'NONE',  ( 0.000000000000000000, 1.000000000000000000, 0.000000000000000000 ) ) ;
#3293 = AXIS2_PLACEMENT_3D ( 'NONE', #3072, #3704, #3746 ) ;
#3294 = ADVANCED_FACE ( 'NONE', ( #2014 ), #2655, .T. ) ;
#3295 = ORIENTED_EDGE ( 'NONE', *, *, #3283, .T. ) ;
#3296 = ORIENTED_EDGE ( 'NONE', *, *, #3855, .T. ) ;
#3297 = CARTESIAN_POINT ( 'NONE',  ( 6.063312881716266083E-16, 19.50000000000000000, 5.000000000000031974 ) ) ;
#3298 = DIRECTION ( 'NONE',  ( 3.273063162220403268E-17, 1.000000000000000000, 0.000000000000000000 ) ) ;
#3299 = LINE ( 'NONE', #286, #2809 ) ;
#3300 = CIRCLE ( 'NONE', #415, 2.250000000000001776 ) ;
#3301 = VECTOR ( 'NONE', #3702, 1000.000000000000000 ) ;
#3302 = ORIENTED_EDGE ( 'NONE', *, *, #384, .T. ) ;
#3303 = CARTESIAN_POINT ( 'NONE',  ( 7.500000000000018652, 11.19999999999999751, 165.0000000000000000 ) ) ;
#3304 = VECTOR ( 'NONE', #2607, 1000.000000000000000 ) ;
#3305 = DIRECTION ( 'NONE',  ( 0.000000000000000000, -0.000000000000000000, 1.000000000000000000 ) ) ;
#3306 = CARTESIAN_POINT ( 'NONE',  ( 93.00000000000005684, 15.50000000000000000, 17.50000000000000000 ) ) ;
#3307 = ORIENTED_EDGE ( 'NONE', *, *, #3118, .T. ) ;
#3308 = ADVANCED_FACE ( 'NONE', ( #2271 ), #1004, .F. ) ;
#3309 = CARTESIAN_POINT ( 'NONE',  ( 111.3921201462269295, 24.69221974234545769, 162.9126785644633060 ) ) ;
#3310 = DIRECTION ( 'NONE',  ( 0.000000000000000000, 0.000000000000000000, -1.000000000000000000 ) ) ;
#3311 = AXIS2_PLACEMENT_3D ( 'NONE', #4156, #3914, #238 ) ;
#3312 = CIRCLE ( 'NONE', #2242, 7.500000000000000000 ) ;
#3313 = ORIENTED_EDGE ( 'NONE', *, *, #4258, .T. ) ;
#3314 = EDGE_CURVE ( 'NONE', #2629, #4320, #146, .T. ) ;
#3315 = AXIS2_PLACEMENT_3D ( 'NONE', #3266, #3657, #1592 ) ;
#3316 = LINE ( 'NONE', #3953, #3450 ) ;
#3317 = LINE ( 'NONE', #1593, #1327 ) ;
#3318 = VECTOR ( 'NONE', #1984, 1000.000000000000000 ) ;
#3319 = ORIENTED_EDGE ( 'NONE', *, *, #1282, .T. ) ;
#3320 = ORIENTED_EDGE ( 'NONE', *, *, #3701, .F. ) ;
#3321 = DIRECTION ( 'NONE',  ( -0.000000000000000000, -1.000000000000000000, -0.000000000000000000 ) ) ;
#3322 = DIRECTION ( 'NONE',  ( -1.000000000000000000, 0.000000000000000000, 0.000000000000000000 ) ) ;
#3323 = DIRECTION ( 'NONE',  ( 1.212662576343243307E-16, -0.000000000000000000, 1.000000000000000000 ) ) ;
#3324 = ORIENTED_EDGE ( 'NONE', *, *, #490, .F. ) ;
#3325 = EDGE_CURVE ( 'NONE', #73, #2663, #4332, .T. ) ;
#3326 = DIRECTION ( 'NONE',  ( 0.000000000000000000, 0.000000000000000000, -1.000000000000000000 ) ) ;
#3327 = DIRECTION ( 'NONE',  ( 0.000000000000000000, -0.000000000000000000, 1.000000000000000000 ) ) ;
#3328 = DIRECTION ( 'NONE',  ( -0.000000000000000000, -0.000000000000000000, 1.000000000000000000 ) ) ;
#3329 = VERTEX_POINT ( 'NONE', #3985 ) ;
#3330 = CARTESIAN_POINT ( 'NONE',  ( 112.7342216140705204, 23.87984603065882183, 163.5929669491721086 ) ) ;
#3331 = CARTESIAN_POINT ( 'NONE',  ( 122.5000000000000568, 19.49999999999999645, 157.5000000000000000 ) ) ;
#3332 = VERTEX_POINT ( 'NONE', #3940 ) ;
#3333 = ADVANCED_FACE ( 'NONE', ( #1666 ), #945, .F. ) ;
#3334 = ORIENTED_EDGE ( 'NONE', *, *, #3225, .T. ) ;
#3335 = DIRECTION ( 'NONE',  ( -1.000000000000000000, 0.000000000000000000, 0.000000000000000000 ) ) ;
#3336 = DIRECTION ( 'NONE',  ( -1.820037745287141918E-16, -0.000000000000000000, -1.000000000000000000 ) ) ;
#3337 = EDGE_CURVE ( 'NONE', #635, #3853, #3439, .T. ) ;
#3338 = EDGE_LOOP ( 'NONE', ( #2435, #4140 ) ) ;
#3339 = EDGE_LOOP ( 'NONE', ( #4177, #2753, #2507, #4328 ) ) ;
#3340 = CARTESIAN_POINT ( 'NONE',  ( 127.0000000000000568, 6.799999999999998046, 52.99999999999995737 ) ) ;
#3341 = DIRECTION ( 'NONE',  ( 0.000000000000000000, 0.000000000000000000, 1.000000000000000000 ) ) ;
#3342 = CARTESIAN_POINT ( 'NONE',  ( 114.2500000000000426, 27.00000000000000000, 109.5000000000000000 ) ) ;
#3343 = CIRCLE ( 'NONE', #116, 1.250000000000001110 ) ;
#3344 = ORIENTED_EDGE ( 'NONE', *, *, #3946, .T. ) ;
#3345 = AXIS2_PLACEMENT_3D ( 'NONE', #974, #1014, #298 ) ;
#3346 = LINE ( 'NONE', #2056, #1590 ) ;
#3347 = CARTESIAN_POINT ( 'NONE',  ( 97.20000000000005969, 2.999999999999996003, 112.7500000000000142 ) ) ;
#3348 = FACE_OUTER_BOUND ( 'NONE', #388, .T. ) ;
#3349 = EDGE_CURVE ( 'NONE', #1869, #3764, #1747, .T. ) ;
#3350 = EDGE_LOOP ( 'NONE', ( #249, #3470, #540, #2885 ) ) ;
#3351 = CARTESIAN_POINT ( 'NONE',  ( 101.4500000000000597, -6.929646455628168056, 151.7500000000000000 ) ) ;
#3352 = DIRECTION ( 'NONE',  ( 3.273063162220403268E-17, 1.000000000000000000, 0.000000000000000000 ) ) ;
#3353 = VERTEX_POINT ( 'NONE', #2122 ) ;
#3354 = CIRCLE ( 'NONE', #3563, 1.799999999999996048 ) ;
#3355 = ORIENTED_EDGE ( 'NONE', *, *, #4163, .T. ) ;
#3356 = DIRECTION ( 'NONE',  ( 0.000000000000000000, 0.000000000000000000, -1.000000000000000000 ) ) ;
#3357 = EDGE_CURVE ( 'NONE', #1828, #1317, #4057, .T. ) ;
#3358 = CARTESIAN_POINT ( 'NONE',  ( 118.4500000000000455, 15.99999999999999289, 151.7500000000000000 ) ) ;
#3359 = ORIENTED_EDGE ( 'NONE', *, *, #3314, .F. ) ;
#3360 = VERTEX_POINT ( 'NONE', #762 ) ;
#3361 = CIRCLE ( 'NONE', #3293, 2.500000000000015987 ) ;
#3362 = ADVANCED_FACE ( 'NONE', ( #3381 ), #1025, .T. ) ;
#3363 = CARTESIAN_POINT ( 'NONE',  ( 5.000000000000004441, 22.00000000000000000, 12.00000000000000000 ) ) ;
#3364 = ORIENTED_EDGE ( 'NONE', *, *, #3034, .F. ) ;
#3365 = DIRECTION ( 'NONE',  ( 3.524517538492561236E-16, 0.000000000000000000, 1.000000000000000000 ) ) ;
#3366 = DIRECTION ( 'NONE',  ( -4.489794735692333585E-16, 0.2588190451025152994, 0.9659258262890697555 ) ) ;
#3367 = DIRECTION ( 'NONE',  ( 0.000000000000000000, 0.000000000000000000, -1.000000000000000000 ) ) ;
#3368 = CARTESIAN_POINT ( 'NONE',  ( 93.00000000000005684, 2.999999999999999112, 17.50000000000000000 ) ) ;
#3369 = CIRCLE ( 'NONE', #979, 4.500000000000003553 ) ;
#3370 = VERTEX_POINT ( 'NONE', #2427 ) ;
#3371 = CARTESIAN_POINT ( 'NONE',  ( 7.500000000000018652, 7.500000000000000000, 165.0000000000000000 ) ) ;
#3372 = LINE ( 'NONE', #1319, #1862 ) ;
#3373 = ORIENTED_EDGE ( 'NONE', *, *, #2553, .F. ) ;
#3374 = EDGE_CURVE ( 'NONE', #2628, #4287, #1821, .T. ) ;
#3375 = ORIENTED_EDGE ( 'NONE', *, *, #2143, .F. ) ;
#3376 = DIRECTION ( 'NONE',  ( 0.000000000000000000, -1.000000000000000000, 0.000000000000000000 ) ) ;
#3377 = DIRECTION ( 'NONE',  ( 0.000000000000000000, 1.000000000000000000, -0.000000000000000000 ) ) ;
#3378 = AXIS2_PLACEMENT_3D ( 'NONE', #949, #1275, #1981 ) ;
#3379 = ORIENTED_EDGE ( 'NONE', *, *, #1799, .F. ) ;
#3380 = ORIENTED_EDGE ( 'NONE', *, *, #3686, .T. ) ;
#3381 = FACE_OUTER_BOUND ( 'NONE', #412, .T. ) ;
#3382 = VERTEX_POINT ( 'NONE', #3400 ) ;
#3383 = LINE ( 'NONE', #2037, #910 ) ;
#3384 = CARTESIAN_POINT ( 'NONE',  ( 116.0000000000000568, 2.000000000000000000, 149.5000000000000000 ) ) ;
#3385 = DIRECTION ( 'NONE',  ( -1.000000000000000000, 0.000000000000000000, -2.413528314402514090E-16 ) ) ;
#3386 = FACE_BOUND ( 'NONE', #928, .T. ) ;
#3387 = ADVANCED_FACE ( 'NONE', ( #3047 ), #717, .F. ) ;
#3388 = ADVANCED_FACE ( 'NONE', ( #2075 ), #787, .T. ) ;
#3389 = ORIENTED_EDGE ( 'NONE', *, *, #1705, .F. ) ;
#3390 = DIRECTION ( 'NONE',  ( -0.000000000000000000, -0.000000000000000000, -1.000000000000000000 ) ) ;
#3391 = DIRECTION ( 'NONE',  ( 1.000000000000000000, -0.000000000000000000, -0.000000000000000000 ) ) ;
#3392 = ORIENTED_EDGE ( 'NONE', *, *, #1430, .F. ) ;
#3393 = ORIENTED_EDGE ( 'NONE', *, *, #1112, .F. ) ;
#3394 = CARTESIAN_POINT ( 'NONE',  ( 114.2500000000000426, 20.50000000000000000, 138.7750192604120514 ) ) ;
#3395 = DIRECTION ( 'NONE',  ( 0.000000000000000000, 0.000000000000000000, -1.000000000000000000 ) ) ;
#3396 = ADVANCED_FACE ( 'NONE', ( #31 ), #1069, .T. ) ;
#3397 = AXIS2_PLACEMENT_3D ( 'NONE', #805, #2121, #716 ) ;
#3398 = VERTEX_POINT ( 'NONE', #697 ) ;
#3399 = ORIENTED_EDGE ( 'NONE', *, *, #3040, .T. ) ;
#3400 = CARTESIAN_POINT ( 'NONE',  ( 77.25000000000005684, 14.75000000000000000, 160.0000000000000000 ) ) ;
#3401 = VERTEX_POINT ( 'NONE', #1392 ) ;
#3402 = CARTESIAN_POINT ( 'NONE',  ( 114.2500000000000426, 20.50000000000000000, 164.9330343736592681 ) ) ;
#3403 = ORIENTED_EDGE ( 'NONE', *, *, #23, .F. ) ;
#3404 = FACE_OUTER_BOUND ( 'NONE', #2641, .T. ) ;
#3405 = EDGE_CURVE ( 'NONE', #590, #1342, #2099, .T. ) ;
#3406 = CARTESIAN_POINT ( 'NONE',  ( 7.500000000000018652, 0.000000000000000000, 157.5000000000000000 ) ) ;
#3407 = DIRECTION ( 'NONE',  ( 0.000000000000000000, 0.000000000000000000, -1.000000000000000000 ) ) ;
#3408 = CIRCLE ( 'NONE', #1508, 1.799999999999996048 ) ;
#3409 = ORIENTED_EDGE ( 'NONE', *, *, #3188, .T. ) ;
#3410 = ORIENTED_EDGE ( 'NONE', *, *, #2090, .T. ) ;
#3411 = CARTESIAN_POINT ( 'NONE',  ( 114.7500000000000426, 15.99999999999999289, 151.7500000000000000 ) ) ;
#3412 = CARTESIAN_POINT ( 'NONE',  ( 100.7500000000000568, 27.00000000000000000, 149.2500000000000000 ) ) ;
#3413 = EDGE_CURVE ( 'NONE', #1348, #423, #2517, .T. ) ;
#3414 = EDGE_LOOP ( 'NONE', ( #3624, #3556, #1756, #573, #2758, #2336, #3922, #1409, #35, #2185, #730, #118 ) ) ;
#3415 = VECTOR ( 'NONE', #331, 1000.000000000000000 ) ;
#3416 = ORIENTED_EDGE ( 'NONE', *, *, #2608, .T. ) ;
#3417 = FACE_BOUND ( 'NONE', #4119, .T. ) ;
#3418 = DIRECTION ( 'NONE',  ( 1.000000000000000000, 0.000000000000000000, 0.000000000000000000 ) ) ;
#3419 = FACE_OUTER_BOUND ( 'NONE', #772, .T. ) ;
#3420 = FACE_BOUND ( 'NONE', #2128, .T. ) ;
#3421 = AXIS2_PLACEMENT_3D ( 'NONE', #2616, #311, #3646 ) ;
#3422 = CIRCLE ( 'NONE', #1519, 2.500000000000015987 ) ;
#3423 = ORIENTED_EDGE ( 'NONE', *, *, #4324, .T. ) ;
#3424 = CARTESIAN_POINT ( 'NONE',  ( 196.4946816785921442, 2.999999999999999112, 156.4409513231029791 ) ) ;
#3425 = CIRCLE ( 'NONE', #479, 2.250000000000001776 ) ;
#3426 = PLANE ( 'NONE',  #1045 ) ;
#3427 = EDGE_CURVE ( 'NONE', #1255, #1365, #3027, .T. ) ;
#3428 = VERTEX_POINT ( 'NONE', #4072 ) ;
#3429 = CARTESIAN_POINT ( 'NONE',  ( 114.7500000000000426, 15.99999999999999289, 112.7500000000000142 ) ) ;
#3430 = DIRECTION ( 'NONE',  ( -1.000000000000000000, 0.000000000000000000, 0.000000000000000000 ) ) ;
#3431 = DIRECTION ( 'NONE',  ( -1.000000000000000000, 0.000000000000000000, 0.000000000000000000 ) ) ;
#3432 = DIRECTION ( 'NONE',  ( 0.000000000000000000, 0.000000000000000000, -1.000000000000000000 ) ) ;
#3433 = VECTOR ( 'NONE', #3200, 1000.000000000000000 ) ;
#3434 = VERTEX_POINT ( 'NONE', #2406 ) ;
#3435 = ORIENTED_EDGE ( 'NONE', *, *, #3021, .F. ) ;
#3436 = CARTESIAN_POINT ( 'NONE',  ( 124.0000000000000568, 9.250000000000000000, 17.50000000000000000 ) ) ;
#3437 = CARTESIAN_POINT ( 'NONE',  ( 45.51816247881701827, 19.61326101997620341, 164.9999999999999716 ) ) ;
#3438 = ORIENTED_EDGE ( 'NONE', *, *, #4121, .F. ) ;
#3439 = CIRCLE ( 'NONE', #1258, 2.449999999999993960 ) ;
#3440 = ORIENTED_EDGE ( 'NONE', *, *, #3774, .T. ) ;
#3441 = CARTESIAN_POINT ( 'NONE',  ( 0.000000000000000000, 0.000000000000000000, 17.50000000000000000 ) ) ;
#3442 = CARTESIAN_POINT ( 'NONE',  ( 99.00000000000005684, 2.000000000000000000, 151.7500000000000000 ) ) ;
#3443 = PLANE ( 'NONE',  #1531 ) ;
#3444 = FACE_OUTER_BOUND ( 'NONE', #4226, .T. ) ;
#3445 = CIRCLE ( 'NONE', #2739, 4.500000000000003553 ) ;
#3446 = ORIENTED_EDGE ( 'NONE', *, *, #3923, .F. ) ;
#3447 = ORIENTED_EDGE ( 'NONE', *, *, #2630, .F. ) ;
#3448 = DIRECTION ( 'NONE',  ( -0.000000000000000000, 1.000000000000000000, -0.000000000000000000 ) ) ;
#3449 = STYLED_ITEM ( 'NONE', ( #2830 ), #3962 ) ;
#3450 = VECTOR ( 'NONE', #259, 1000.000000000000000 ) ;
#3451 = ORIENTED_EDGE ( 'NONE', *, *, #42, .F. ) ;
#3452 = AXIS2_PLACEMENT_3D ( 'NONE', #1118, #1753, #115 ) ;
#3453 = DIRECTION ( 'NONE',  ( 1.000000000000000000, -0.000000000000000000, -0.000000000000000000 ) ) ;
#3454 = CARTESIAN_POINT ( 'NONE',  ( 90.00000000000005684, 22.00000000000000000, 0.000000000000000000 ) ) ;
#3455 = FACE_OUTER_BOUND ( 'NONE', #1875, .T. ) ;
#3456 = CARTESIAN_POINT ( 'NONE',  ( 129.9672618810378140, 6.799999999999998934, 49.49999999999995026 ) ) ;
#3457 = AXIS2_PLACEMENT_3D ( 'NONE', #4264, #1612, #2664 ) ;
#3458 = ADVANCED_FACE ( 'NONE', ( #3116 ), #3426, .T. ) ;
#3459 = ORIENTED_EDGE ( 'NONE', *, *, #550, .F. ) ;
#3460 = ORIENTED_EDGE ( 'NONE', *, *, #1890, .F. ) ;
#3461 = DIRECTION ( 'NONE',  ( -1.000000000000000000, 0.000000000000000000, 0.000000000000000000 ) ) ;
#3462 = DIRECTION ( 'NONE',  ( -0.000000000000000000, 0.000000000000000000, -1.000000000000000000 ) ) ;
#3463 = ORIENTED_EDGE ( 'NONE', *, *, #443, .T. ) ;
#3464 = DIRECTION ( 'NONE',  ( -1.000000000000000000, 0.000000000000000000, -0.000000000000000000 ) ) ;
#3465 = CARTESIAN_POINT ( 'NONE',  ( 127.0000000000000568, 24.00000000000000000, 155.0000000000000284 ) ) ;
#3466 = SPHERICAL_SURFACE ( 'NONE', #3638, 7.500000000000000000 ) ;
#3467 = EDGE_CURVE ( 'NONE', #2733, #3545, #411, .T. ) ;
#3468 = CARTESIAN_POINT ( 'NONE',  ( 114.2500000000000426, 20.50000000000000000, 155.0000000000000284 ) ) ;
#3469 = ORIENTED_EDGE ( 'NONE', *, *, #4042, .F. ) ;
#3470 = ORIENTED_EDGE ( 'NONE', *, *, #618, .T. ) ;
#3471 = DIRECTION ( 'NONE',  ( 0.000000000000000000, 0.000000000000000000, -1.000000000000000000 ) ) ;
#3472 = EDGE_CURVE ( 'NONE', #676, #4079, #3988, .T. ) ;
#3473 = EDGE_LOOP ( 'NONE', ( #822, #2306, #3660, #252 ) ) ;
#3474 = DIRECTION ( 'NONE',  ( 0.000000000000000000, -1.000000000000000000, 0.000000000000000000 ) ) ;
#3475 = EDGE_LOOP ( 'NONE', ( #2223, #856, #3233, #1320 ) ) ;
#3476 = DIRECTION ( 'NONE',  ( -1.212662576343243307E-16, 0.000000000000000000, -1.000000000000000000 ) ) ;
#3477 = LINE ( 'NONE', #461, #741 ) ;
#3478 = DIRECTION ( 'NONE',  ( 0.000000000000000000, -1.000000000000000000, 0.000000000000000000 ) ) ;
#3479 = ORIENTED_EDGE ( 'NONE', *, *, #3539, .T. ) ;
#3480 = ORIENTED_EDGE ( 'NONE', *, *, #2049, .T. ) ;
#3481 = LINE ( 'NONE', #1829, #3137 ) ;
#3482 = CARTESIAN_POINT ( 'NONE',  ( 17.50000000000001776, 4.999999999999997335, 160.0000000000000000 ) ) ;
#3483 = EDGE_CURVE ( 'NONE', #2802, #3398, #4092, .T. ) ;
#3484 = VECTOR ( 'NONE', #3905, 1000.000000000000000 ) ;
#3485 = EDGE_CURVE ( 'NONE', #1714, #4266, #3788, .T. ) ;
#3486 = VECTOR ( 'NONE', #2910, 1000.000000000000000 ) ;
#3487 = ORIENTED_EDGE ( 'NONE', *, *, #1933, .T. ) ;
#3488 = VECTOR ( 'NONE', #1954, 1000.000000000000000 ) ;
#3489 = DIRECTION ( 'NONE',  ( 3.273063162220403268E-17, 1.000000000000000000, 0.000000000000000000 ) ) ;
#3490 = FACE_OUTER_BOUND ( 'NONE', #3475, .T. ) ;
#3491 = CARTESIAN_POINT ( 'NONE',  ( 130.0000000000000284, 19.49999999999999645, 39.99999999999995026 ) ) ;
#3492 = LINE ( 'NONE', #1131, #858 ) ;
#3493 = VECTOR ( 'NONE', #4189, 1000.000000000000000 ) ;
#3494 = EDGE_CURVE ( 'NONE', #95, #3871, #3141, .T. ) ;
#3495 = VECTOR ( 'NONE', #3009, 1000.000000000000000 ) ;
#3496 = ORIENTED_EDGE ( 'NONE', *, *, #1479, .F. ) ;
#3497 = FACE_OUTER_BOUND ( 'NONE', #4217, .T. ) ;
#3498 = DIRECTION ( 'NONE',  ( 0.000000000000000000, -0.000000000000000000, 1.000000000000000000 ) ) ;
#3499 = EDGE_LOOP ( 'NONE', ( #1250, #4204 ) ) ;
#3500 = VECTOR ( 'NONE', #652, 1000.000000000000000 ) ;
#3501 = ADVANCED_FACE ( 'NONE', ( #2897, #3810 ), #2852, .F. ) ;
#3502 = LINE ( 'NONE', #4205, #2216 ) ;
#3503 = DIRECTION ( 'NONE',  ( -0.000000000000000000, 1.000000000000000000, -0.000000000000000000 ) ) ;
#3504 = CARTESIAN_POINT ( 'NONE',  ( 100.7549152842692308, 20.91121876753352993, 164.8746771445469221 ) ) ;
#3505 = CARTESIAN_POINT ( 'NONE',  ( 93.00000000000005684, 15.50000000000000000, 32.50000000000000000 ) ) ;
#3506 = ORIENTED_EDGE ( 'NONE', *, *, #3593, .F. ) ;
#3507 = EDGE_CURVE ( 'NONE', #408, #4079, #2810, .T. ) ;
#3508 = CARTESIAN_POINT ( 'NONE',  ( 54.29872145349132495, 19.72941415153332656, 165.0000000000000000 ) ) ;
#3509 = DIRECTION ( 'NONE',  ( 0.000000000000000000, 0.000000000000000000, -1.000000000000000000 ) ) ;
#3510 = EDGE_LOOP ( 'NONE', ( #1133, #4124, #4329, #3438, #203, #2046, #3903, #4291, #1189, #1383, #1769, #1911, #1978 ) ) ;
#3511 = LINE ( 'NONE', #169, #3486 ) ;
#3512 = DIRECTION ( 'NONE',  ( 2.413528314402514090E-16, 0.000000000000000000, -1.000000000000000000 ) ) ;
#3513 = EDGE_CURVE ( 'NONE', #3618, #318, #2163, .T. ) ;
#3514 = DIRECTION ( 'NONE',  ( 0.000000000000000000, 0.000000000000000000, -1.000000000000000000 ) ) ;
#3515 = AXIS2_PLACEMENT_3D ( 'NONE', #3199, #3845, #2240 ) ;
#3516 = AXIS2_PLACEMENT_3D ( 'NONE', #1367, #2722, #59 ) ;
#3517 = EDGE_LOOP ( 'NONE', ( #2995, #3480, #535 ) ) ;
#3518 = CARTESIAN_POINT ( 'NONE',  ( 2.800000000000004263, 5.000000000000000000, 2.200000000000028155 ) ) ;
#3519 = CIRCLE ( 'NONE', #2884, 1.799999999999996048 ) ;
#3520 = LINE ( 'NONE', #2873, #3231 ) ;
#3521 = EDGE_LOOP ( 'NONE', ( #3832, #4296, #3952, #2441 ) ) ;
#3522 = FACE_OUTER_BOUND ( 'NONE', #1598, .T. ) ;
#3523 = CARTESIAN_POINT ( 'NONE',  ( 90.00000000000009948, 8.499999999999996447, 152.5000000000000000 ) ) ;
#3524 = DIRECTION ( 'NONE',  ( -0.000000000000000000, -1.000000000000000000, 0.000000000000000000 ) ) ;
#3525 = CARTESIAN_POINT ( 'NONE',  ( 0.000000000000000000, 0.000000000000000000, 0.000000000000000000 ) ) ;
#3526 = CIRCLE ( 'NONE', #1623, 2.250000000000001776 ) ;
#3527 = EDGE_LOOP ( 'NONE', ( #2723, #1300, #2667, #2418 ) ) ;
#3528 = AXIS2_PLACEMENT_3D ( 'NONE', #4131, #1764, #2759 ) ;
#3529 = CARTESIAN_POINT ( 'NONE',  ( 53.09133908094676713, 20.12571924654613653, 164.9739123500206404 ) ) ;
#3530 = DIRECTION ( 'NONE',  ( 3.273063162220403268E-17, 1.000000000000000000, 0.000000000000000000 ) ) ;
#3531 = ORIENTED_EDGE ( 'NONE', *, *, #2356, .T. ) ;
#3532 = DIRECTION ( 'NONE',  ( -1.000000000000000000, 3.273063162220403268E-17, 0.000000000000000000 ) ) ;
#3533 = DIRECTION ( 'NONE',  ( -2.312964634635743450E-15, 1.000000000000000000, -0.000000000000000000 ) ) ;
#3534 = DIRECTION ( 'NONE',  ( 0.000000000000000000, -1.000000000000000000, 0.000000000000000000 ) ) ;
#3535 =( NAMED_UNIT ( * ) SI_UNIT ( $, .STERADIAN. ) SOLID_ANGLE_UNIT ( ) );
#3536 = ORIENTED_EDGE ( 'NONE', *, *, #3887, .F. ) ;
#3537 = EDGE_LOOP ( 'NONE', ( #927, #1089 ) ) ;
#3538 = DIRECTION ( 'NONE',  ( -1.000000000000000000, 3.273063162220403268E-17, 0.000000000000000000 ) ) ;
#3539 = EDGE_CURVE ( 'NONE', #4225, #982, #3520, .T. ) ;
#3540 = EDGE_LOOP ( 'NONE', ( #3057, #3324 ) ) ;
#3541 = DIRECTION ( 'NONE',  ( 0.000000000000000000, -1.000000000000000000, 0.000000000000000000 ) ) ;
#3542 = CARTESIAN_POINT ( 'NONE',  ( 95.00000000000005684, 27.00000000000000000, 115.2500000000000000 ) ) ;
#3543 = CARTESIAN_POINT ( 'NONE',  ( 121.2500000000000711, 16.00000000000000000, 13.99999999999999822 ) ) ;
#3544 = CARTESIAN_POINT ( 'NONE',  ( 99.00000000000005684, 2.999999999999996003, 151.7500000000000000 ) ) ;
#3545 = VERTEX_POINT ( 'NONE', #4137 ) ;
#3546 = EDGE_CURVE ( 'NONE', #1934, #4325, #1877, .T. ) ;
#3547 = CARTESIAN_POINT ( 'NONE',  ( 127.0000000000000568, 7.699999999999996625, 43.49999999999995026 ) ) ;
#3548 = CARTESIAN_POINT ( 'NONE',  ( 105.2500000000000426, 15.99999999999999645, 165.0000000000000000 ) ) ;
#3549 = ORIENTED_EDGE ( 'NONE', *, *, #1085, .F. ) ;
#3550 = DIRECTION ( 'NONE',  ( 0.000000000000000000, 0.000000000000000000, -1.000000000000000000 ) ) ;
#3551 = CARTESIAN_POINT ( 'NONE',  ( 99.00000000000046896, 2.000000000000000000, 112.7499999999999858 ) ) ;
#3552 = LINE ( 'NONE', #1874, #3433 ) ;
#3553 = VERTEX_POINT ( 'NONE', #3830 ) ;
#3554 = DIRECTION ( 'NONE',  ( 1.000000000000000000, -0.000000000000000000, 0.000000000000000000 ) ) ;
#3555 = LINE ( 'NONE', #1220, #4202 ) ;
#3556 = ORIENTED_EDGE ( 'NONE', *, *, #3149, .F. ) ;
#3557 = VERTEX_POINT ( 'NONE', #3874 ) ;
#3558 = PRODUCT ( 'Main Case', 'Main Case', '', ( #865 ) ) ;
#3559 = DIRECTION ( 'NONE',  ( 0.000000000000000000, 0.000000000000000000, -1.000000000000000000 ) ) ;
#3560 = DIRECTION ( 'NONE',  ( 4.081702296416017969E-16, 0.000000000000000000, -1.000000000000000000 ) ) ;
#3561 = CARTESIAN_POINT ( 'NONE',  ( 74.75000000000004263, 14.75000000000000000, 163.0000000000000000 ) ) ;
#3562 = ADVANCED_FACE ( 'NONE', ( #2833 ), #2186, .T. ) ;
#3563 = AXIS2_PLACEMENT_3D ( 'NONE', #1509, #3503, #2169 ) ;
#3564 = EDGE_LOOP ( 'NONE', ( #3364, #1986 ) ) ;
#3565 = DIRECTION ( 'NONE',  ( 1.000000000000000000, 0.000000000000000000, 0.000000000000000000 ) ) ;
#3566 = CARTESIAN_POINT ( 'NONE',  ( 116.0000000000004690, 2.000000000000000000, 112.7499999999999858 ) ) ;
#3567 = ORIENTED_EDGE ( 'NONE', *, *, #1501, .T. ) ;
#3568 = VECTOR ( 'NONE', #2103, 1000.000000000000000 ) ;
#3569 = CARTESIAN_POINT ( 'NONE',  ( 99.00000000000046896, 2.000000000000000000, 110.4999999999999858 ) ) ;
#3570 = DIRECTION ( 'NONE',  ( -0.000000000000000000, -0.000000000000000000, 1.000000000000000000 ) ) ;
#3571 = CARTESIAN_POINT ( 'NONE',  ( 99.00000000000005684, 2.999999999999999112, 112.7500000000000142 ) ) ;
#3572 = ORIENTED_EDGE ( 'NONE', *, *, #711, .T. ) ;
#3573 = PLANE ( 'NONE',  #3655 ) ;
#3574 = CARTESIAN_POINT ( 'NONE',  ( 97.75000000000005684, 2.999999999999999112, 112.7500000000000142 ) ) ;
#3575 = EDGE_CURVE ( 'NONE', #1121, #2986, #154, .T. ) ;
#3576 = VECTOR ( 'NONE', #1310, 1000.000000000000000 ) ;
#3577 = ORIENTED_EDGE ( 'NONE', *, *, #1512, .F. ) ;
#3578 = VERTEX_POINT ( 'NONE', #2542 ) ;
#3579 = DIRECTION ( 'NONE',  ( -0.000000000000000000, -0.000000000000000000, -1.000000000000000000 ) ) ;
#3580 = DIRECTION ( 'NONE',  ( -1.000000000000000000, 0.000000000000000000, -2.413528314402514090E-16 ) ) ;
#3581 = CARTESIAN_POINT ( 'NONE',  ( 105.2500000000000426, 25.00000000000000355, 162.5990195135928218 ) ) ;
#3582 = ORIENTED_EDGE ( 'NONE', *, *, #364, .F. ) ;
#3583 = CARTESIAN_POINT ( 'NONE',  ( 7.500000000000018652, 27.00000000000000000, 157.5000000000000000 ) ) ;
#3584 = CARTESIAN_POINT ( 'NONE',  ( 47.75000000000003553, 15.69999999999999929, 170.0000000000000000 ) ) ;
#3585 = CIRCLE ( 'NONE', #1268, 2.250000000000001776 ) ;
#3586 = EDGE_CURVE ( 'NONE', #3370, #1691, #4157, .T. ) ;
#3587 = ORIENTED_EDGE ( 'NONE', *, *, #4221, .F. ) ;
#3588 = LINE ( 'NONE', #2993, #994 ) ;
#3589 = CIRCLE ( 'NONE', #783, 2.250000000000001776 ) ;
#3590 = CARTESIAN_POINT ( 'NONE',  ( 109.7500000000000426, 20.50000000000000000, 165.0000000000000000 ) ) ;
#3591 = ORIENTED_EDGE ( 'NONE', *, *, #3811, .T. ) ;
#3592 = CARTESIAN_POINT ( 'NONE',  ( 116.5000000000000568, 24.00000000000000000, 38.56468560121562206 ) ) ;
#3593 = EDGE_CURVE ( 'NONE', #4104, #3360, #2471, .T. ) ;
#3594 = DIRECTION ( 'NONE',  ( 3.273063162220403268E-17, 1.000000000000000000, 0.000000000000000000 ) ) ;
#3595 = ORIENTED_EDGE ( 'NONE', *, *, #181, .T. ) ;
#3596 = VERTEX_POINT ( 'NONE', #4203 ) ;
#3597 = EDGE_CURVE ( 'NONE', #2428, #3727, #3893, .T. ) ;
#3598 = CARTESIAN_POINT ( 'NONE',  ( 97.75000000000005684, 15.99999999999999645, 112.7500000000000142 ) ) ;
#3599 = CARTESIAN_POINT ( 'NONE',  ( 7.500000000000018652, 27.00000000000000000, 165.0000000000000000 ) ) ;
#3600 = EDGE_CURVE ( 'NONE', #3808, #2895, #454, .T. ) ;
#3601 = CARTESIAN_POINT ( 'NONE',  ( 0.000000000000000000, 7.500000000000000000, 0.000000000000000000 ) ) ;
#3602 = FACE_OUTER_BOUND ( 'NONE', #1684, .T. ) ;
#3603 = VERTEX_POINT ( 'NONE', #832 ) ;
#3604 = CARTESIAN_POINT ( 'NONE',  ( 100.7500000000000568, 24.00000000000000000, 149.2500000000000000 ) ) ;
#3605 = DIRECTION ( 'NONE',  ( -1.000000000000000000, 0.000000000000000000, 0.000000000000000000 ) ) ;
#3606 = CARTESIAN_POINT ( 'NONE',  ( 105.2500000000000426, 25.00000000000000355, 155.0000000000000284 ) ) ;
#3607 = ORIENTED_EDGE ( 'NONE', *, *, #490, .T. ) ;
#3608 = DIRECTION ( 'NONE',  ( 3.273063162220403268E-17, 1.000000000000000000, 0.000000000000000000 ) ) ;
#3609 = EDGE_CURVE ( 'NONE', #2076, #1015, #4178, .T. ) ;
#3610 = DIRECTION ( 'NONE',  ( 0.000000000000000000, 0.000000000000000000, -1.000000000000000000 ) ) ;
#3611 = ORIENTED_EDGE ( 'NONE', *, *, #1247, .T. ) ;
#3612 = EDGE_CURVE ( 'NONE', #1828, #1304, #3555, .T. ) ;
#3613 = ORIENTED_EDGE ( 'NONE', *, *, #4339, .T. ) ;
#3614 = CARTESIAN_POINT ( 'NONE',  ( 116.0000000000000568, 0.000000000000000000, 149.5000000000000000 ) ) ;
#3615 = DIRECTION ( 'NONE',  ( 1.000000000000000000, 0.000000000000000000, 0.000000000000000000 ) ) ;
#3616 = VECTOR ( 'NONE', #1426, 1000.000000000000000 ) ;
#3617 = ORIENTED_EDGE ( 'NONE', *, *, #3546, .T. ) ;
#3618 = VERTEX_POINT ( 'NONE', #3854 ) ;
#3619 = CARTESIAN_POINT ( 'NONE',  ( 17.50000000000001776, 22.00000000000000000, 152.5000000000000000 ) ) ;
#3620 = VECTOR ( 'NONE', #4298, 1000.000000000000000 ) ;
#3621 = CARTESIAN_POINT ( 'NONE',  ( 52.25000000000004263, 11.19999999999999751, 170.0000000000000000 ) ) ;
#3622 = DIRECTION ( 'NONE',  ( -0.000000000000000000, -0.000000000000000000, -1.000000000000000000 ) ) ;
#3623 = ADVANCED_FACE ( 'NONE', ( #542 ), #3228, .T. ) ;
#3624 = ORIENTED_EDGE ( 'NONE', *, *, #1282, .F. ) ;
#3625 = CYLINDRICAL_SURFACE ( 'NONE', #675, 7.500000000000007105 ) ;
#3626 = LINE ( 'NONE', #2972, #3620 ) ;
#3627 = CARTESIAN_POINT ( 'NONE',  ( 7.500000000000016875, 19.50000000000000000, 165.0000000000000000 ) ) ;
#3628 = VECTOR ( 'NONE', #460, 1000.000000000000000 ) ;
#3629 = ADVANCED_FACE ( 'NONE', ( #2140, #2561, #1551, #1919, #4327 ), #3658, .F. ) ;
#3630 = ORIENTED_EDGE ( 'NONE', *, *, #802, .T. ) ;
#3631 = CARTESIAN_POINT ( 'NONE',  ( 112.5182309240477991, 24.05927689933013625, 163.4586702460180163 ) ) ;
#3632 = CARTESIAN_POINT ( 'NONE',  ( 130.0000000000000284, 7.500000000000000000, 43.49999999999995026 ) ) ;
#3633 = ORIENTED_EDGE ( 'NONE', *, *, #3202, .T. ) ;
#3634 = ORIENTED_EDGE ( 'NONE', *, *, #1961, .T. ) ;
#3635 = EDGE_CURVE ( 'NONE', #3553, #1271, #2309, .T. ) ;
#3636 = DIRECTION ( 'NONE',  ( -1.000000000000000000, 0.000000000000000000, 0.000000000000000000 ) ) ;
#3637 = LINE ( 'NONE', #1325, #3089 ) ;
#3638 = AXIS2_PLACEMENT_3D ( 'NONE', #984, #1992, #3341 ) ;
#3639 = VERTEX_POINT ( 'NONE', #1263 ) ;
#3640 = ORIENTED_EDGE ( 'NONE', *, *, #2479, .T. ) ;
#3641 = DIRECTION ( 'NONE',  ( 0.000000000000000000, -1.000000000000000000, 0.000000000000000000 ) ) ;
#3642 = DIRECTION ( 'NONE',  ( -0.000000000000000000, -0.000000000000000000, 1.000000000000000000 ) ) ;
#3643 = DIRECTION ( 'NONE',  ( -1.000000000000000000, 0.000000000000000000, -0.000000000000000000 ) ) ;
#3644 = AXIS2_PLACEMENT_3D ( 'NONE', #1893, #2308, #4322 ) ;
#3645 = ORIENTED_EDGE ( 'NONE', *, *, #3795, .F. ) ;
#3646 = DIRECTION ( 'NONE',  ( -1.000000000000000000, 0.000000000000000000, 0.000000000000000000 ) ) ;
#3647 = VECTOR ( 'NONE', #1679, 1000.000000000000000 ) ;
#3648 = DIRECTION ( 'NONE',  ( 0.000000000000000000, -1.000000000000000000, 0.000000000000000000 ) ) ;
#3649 = CARTESIAN_POINT ( 'NONE',  ( 7.500000000000018652, 7.500000000000000000, 157.5000000000000000 ) ) ;
#3650 = ORIENTED_EDGE ( 'NONE', *, *, #2718, .F. ) ;
#3651 = CARTESIAN_POINT ( 'NONE',  ( 122.2500000000000568, 2.999999999999999112, 22.49999999999996447 ) ) ;
#3652 = CARTESIAN_POINT ( 'NONE',  ( 117.8000000000000398, -5.091168824543132132, 112.7500000000000142 ) ) ;
#3653 = ADVANCED_FACE ( 'NONE', ( #583 ), #2312, .T. ) ;
#3654 = AXIS2_PLACEMENT_3D ( 'NONE', #1108, #851, #782 ) ;
#3655 = AXIS2_PLACEMENT_3D ( 'NONE', #1175, #3554, #193 ) ;
#3656 = VERTEX_POINT ( 'NONE', #2586 ) ;
#3657 = DIRECTION ( 'NONE',  ( 0.000000000000000000, 1.000000000000000000, 0.000000000000000000 ) ) ;
#3658 = PLANE ( 'NONE',  #4271 ) ;
#3659 = AXIS2_PLACEMENT_3D ( 'NONE', #1356, #1425, #1709 ) ;
#3660 = ORIENTED_EDGE ( 'NONE', *, *, #2682, .T. ) ;
#3661 = ORIENTED_EDGE ( 'NONE', *, *, #4093, .F. ) ;
#3662 = CARTESIAN_POINT ( 'NONE',  ( 116.0000000000000426, 2.999999999999999112, 151.7500000000000000 ) ) ;
#3663 = DIRECTION ( 'NONE',  ( -1.000000000000000000, 0.000000000000000000, 0.000000000000000000 ) ) ;
#3664 = LINE ( 'NONE', #3682, #4334 ) ;
#3665 = EDGE_CURVE ( 'NONE', #3765, #3808, #2266, .T. ) ;
#3666 = VERTEX_POINT ( 'NONE', #3915 ) ;
#3667 = CYLINDRICAL_SURFACE ( 'NONE', #3421, 2.200000000000000178 ) ;
#3668 = DIRECTION ( 'NONE',  ( 0.000000000000000000, 0.000000000000000000, -1.000000000000000000 ) ) ;
#3669 = CARTESIAN_POINT ( 'NONE',  ( 120.0000000000000568, 5.000000000000000888, 115.2500000000000000 ) ) ;
#3670 = EDGE_CURVE ( 'NONE', #3084, #277, #4308, .T. ) ;
#3671 = ORIENTED_EDGE ( 'NONE', *, *, #1604, .T. ) ;
#3672 = DIRECTION ( 'NONE',  ( 0.000000000000000000, 0.000000000000000000, -1.000000000000000000 ) ) ;
#3673 = DIRECTION ( 'NONE',  ( 0.000000000000000000, -1.000000000000000000, 0.000000000000000000 ) ) ;
#3674 = ORIENTED_EDGE ( 'NONE', *, *, #3801, .F. ) ;
#3675 = EDGE_CURVE ( 'NONE', #3927, #1732, #2245, .T. ) ;
#3676 = VERTEX_POINT ( 'NONE', #3574 ) ;
#3677 = DIRECTION ( 'NONE',  ( -0.000000000000000000, -0.000000000000000000, 1.000000000000000000 ) ) ;
#3678 = DIRECTION ( 'NONE',  ( 0.000000000000000000, 0.000000000000000000, -1.000000000000000000 ) ) ;
#3679 =( BOUNDED_CURVE ( )  B_SPLINE_CURVE ( 3, ( #65, #1777, #2456, #1117 ),
 .UNSPECIFIED., .F., .F. ) 
 B_SPLINE_CURVE_WITH_KNOTS ( ( 4, 4 ),
 ( 0.000000000000000000, 3.141592653589793116 ),
 .UNSPECIFIED. ) 
 CURVE ( )  GEOMETRIC_REPRESENTATION_ITEM ( )  RATIONAL_B_SPLINE_CURVE ( ( 1.000000000000000000, 0.3333333333333333703, 0.3333333333333333703, 1.000000000000000000 ) ) 
 REPRESENTATION_ITEM ( '' )  );
#3680 = ORIENTED_EDGE ( 'NONE', *, *, #32, .F. ) ;
#3681 = ORIENTED_EDGE ( 'NONE', *, *, #3040, .F. ) ;
#3682 = CARTESIAN_POINT ( 'NONE',  ( 97.75000000000005684, -6.929646455628168056, 112.7500000000000142 ) ) ;
#3683 = AXIS2_PLACEMENT_3D ( 'NONE', #2196, #232, #3550 ) ;
#3684 = ORIENTED_EDGE ( 'NONE', *, *, #2783, .T. ) ;
#3685 = CIRCLE ( 'NONE', #1298, 1.250000000000001110 ) ;
#3686 = EDGE_CURVE ( 'NONE', #1774, #1002, #279, .T. ) ;
#3687 = LINE ( 'NONE', #1687, #3138 ) ;
#3688 = PLANE ( 'NONE',  #255 ) ;
#3689 = CARTESIAN_POINT ( 'NONE',  ( 97.75000000000005684, 15.50000000000000000, 22.49999999999996447 ) ) ;
#3690 = ORIENTED_EDGE ( 'NONE', *, *, #2234, .T. ) ;
#3691 = CARTESIAN_POINT ( 'NONE',  ( 27.75000000000003908, 14.75000000000000000, 163.0000000000000000 ) ) ;
#3692 = CARTESIAN_POINT ( 'NONE',  ( 116.5000000000000568, 24.00000000000000000, 4.500000000000000000 ) ) ;
#3693 = VERTEX_POINT ( 'NONE', #604 ) ;
#3694 = CIRCLE ( 'NONE', #50, 4.500000000000003553 ) ;
#3695 = ORIENTED_EDGE ( 'NONE', *, *, #3337, .T. ) ;
#3696 = FACE_OUTER_BOUND ( 'NONE', #3866, .T. ) ;
#3697 = CARTESIAN_POINT ( 'NONE',  ( 108.3302383518161065, 20.19999999999999929, 39.99999999999995737 ) ) ;
#3698 = ORIENTED_EDGE ( 'NONE', *, *, #294, .T. ) ;
#3699 = VERTEX_POINT ( 'NONE', #1618 ) ;
#3700 = AXIS2_PLACEMENT_3D ( 'NONE', #826, #2558, #2893 ) ;
#3701 = EDGE_CURVE ( 'NONE', #3975, #554, #3445, .T. ) ;
#3702 = DIRECTION ( 'NONE',  ( 3.524517538492560743E-16, -0.000000000000000000, 1.000000000000000000 ) ) ;
#3703 = EDGE_LOOP ( 'NONE', ( #3045, #1062, #1081, #167 ) ) ;
#3704 = DIRECTION ( 'NONE',  ( 0.000000000000000000, 0.000000000000000000, -1.000000000000000000 ) ) ;
#3705 = CARTESIAN_POINT ( 'NONE',  ( 5.000000000000004441, 22.00000000000000000, 12.00000000000000000 ) ) ;
#3706 = CARTESIAN_POINT ( 'NONE',  ( 6.063312881716255236E-16, 27.00000000000000000, 5.000000000000031974 ) ) ;
#3707 = DIRECTION ( 'NONE',  ( -0.000000000000000000, -0.000000000000000000, -1.000000000000000000 ) ) ;
#3708 = VECTOR ( 'NONE', #2053, 1000.000000000000000 ) ;
#3709 = VERTEX_POINT ( 'NONE', #1302 ) ;
#3710 = CARTESIAN_POINT ( 'NONE',  ( 100.7500000000000568, 5.000000000000000888, 115.2500000000000000 ) ) ;
#3711 = DIRECTION ( 'NONE',  ( 3.273063162220403268E-17, 1.000000000000000000, 0.000000000000000000 ) ) ;
#3712 = ORIENTED_EDGE ( 'NONE', *, *, #4139, .F. ) ;
#3713 = EDGE_CURVE ( 'NONE', #1885, #1677, #3637, .T. ) ;
#3714 = EDGE_LOOP ( 'NONE', ( #3613, #1322 ) ) ;
#3715 = FACE_OUTER_BOUND ( 'NONE', #3338, .T. ) ;
#3716 = PLANE ( 'NONE',  #1188 ) ;
#3717 = AXIS2_PLACEMENT_3D ( 'NONE', #3669, #1998, #4035 ) ;
#3718 = AXIS2_PLACEMENT_3D ( 'NONE', #125, #403, #3132 ) ;
#3719 = EDGE_CURVE ( 'NONE', #3428, #1970, #563, .T. ) ;
#3720 = VERTEX_POINT ( 'NONE', #2963 ) ;
#3721 = DIRECTION ( 'NONE',  ( 3.273063162220403268E-17, 1.000000000000000000, -0.000000000000000000 ) ) ;
#3722 = CARTESIAN_POINT ( 'NONE',  ( 121.2500000000000568, 24.00000000000000000, 13.99999999999999822 ) ) ;
#3723 = ORIENTED_EDGE ( 'NONE', *, *, #1852, .T. ) ;
#3724 = EDGE_CURVE ( 'NONE', #3709, #95, #3251, .T. ) ;
#3725 = EDGE_CURVE ( 'NONE', #3578, #2470, #3317, .T. ) ;
#3726 = LINE ( 'NONE', #2055, #2938 ) ;
#3727 = VERTEX_POINT ( 'NONE', #626 ) ;
#3728 = CARTESIAN_POINT ( 'NONE',  ( 100.2500000000000568, 15.99999999999999645, 112.7500000000000142 ) ) ;
#3729 = LINE ( 'NONE', #4055, #36 ) ;
#3730 = FACE_OUTER_BOUND ( 'NONE', #1483, .T. ) ;
#3731 = ORIENTED_EDGE ( 'NONE', *, *, #2072, .F. ) ;
#3732 = ORIENTED_EDGE ( 'NONE', *, *, #3507, .T. ) ;
#3733 = CARTESIAN_POINT ( 'NONE',  ( 99.00000000000005684, -6.929646455628168056, 151.7500000000000000 ) ) ;
#3734 = DIRECTION ( 'NONE',  ( 0.000000000000000000, 0.000000000000000000, 1.000000000000000000 ) ) ;
#3735 = VERTEX_POINT ( 'NONE', #3979 ) ;
#3736 = VERTEX_POINT ( 'NONE', #1659 ) ;
#3737 = CARTESIAN_POINT ( 'NONE',  ( 122.5000000000000426, 19.50000000000000000, 157.5000000000000000 ) ) ;
#3738 = DIRECTION ( 'NONE',  ( 1.000000000000000000, 0.000000000000000000, 0.000000000000000000 ) ) ;
#3739 = EDGE_CURVE ( 'NONE', #3401, #3109, #4270, .T. ) ;
#3740 = CARTESIAN_POINT ( 'NONE',  ( 77.25000000000005684, 14.75000000000000000, 163.0000000000000000 ) ) ;
#3741 = FACE_OUTER_BOUND ( 'NONE', #2361, .T. ) ;
#3742 = ORIENTED_EDGE ( 'NONE', *, *, #475, .F. ) ;
#3743 = ORIENTED_EDGE ( 'NONE', *, *, #1120, .T. ) ;
#3744 = CARTESIAN_POINT ( 'NONE',  ( 17.50000000000001776, 22.00000000000000000, 160.0000000000000000 ) ) ;
#3745 = ORIENTED_EDGE ( 'NONE', *, *, #3675, .T. ) ;
#3746 = DIRECTION ( 'NONE',  ( -1.000000000000000000, 0.000000000000000000, 0.000000000000000000 ) ) ;
#3747 = LINE ( 'NONE', #1420, #1237 ) ;
#3748 = DIRECTION ( 'NONE',  ( -1.000000000000000000, 0.000000000000000000, 0.000000000000000000 ) ) ;
#3749 = CARTESIAN_POINT ( 'NONE',  ( 114.2500000000000426, 20.50000000000000000, 164.9330343736592681 ) ) ;
#3750 = AXIS2_PLACEMENT_3D ( 'NONE', #728, #46, #121 ) ;
#3751 = ORIENTED_EDGE ( 'NONE', *, *, #2957, .F. ) ;
#3752 = EDGE_LOOP ( 'NONE', ( #2926, #651, #3617, #2689 ) ) ;
#3753 = FACE_OUTER_BOUND ( 'NONE', #1700, .T. ) ;
#3754 = CARTESIAN_POINT ( 'NONE',  ( 52.25000000000003553, 11.19999999999999751, 160.0000000000000000 ) ) ;
#3755 = ORIENTED_EDGE ( 'NONE', *, *, #2933, .F. ) ;
#3756 = VECTOR ( 'NONE', #4122, 1000.000000000000000 ) ;
#3757 = ORIENTED_EDGE ( 'NONE', *, *, #1259, .T. ) ;
#3758 = CARTESIAN_POINT ( 'NONE',  ( 116.0000000000000568, 2.000000000000000000, 154.0000000000000000 ) ) ;
#3759 = CARTESIAN_POINT ( 'NONE',  ( 99.00000000000046896, 0.000000000000000000, 112.7499999999999858 ) ) ;
#3760 = FACE_OUTER_BOUND ( 'NONE', #4273, .T. ) ;
#3761 = CARTESIAN_POINT ( 'NONE',  ( 116.0000000000000568, 0.000000000000000000, 151.7500000000000000 ) ) ;
#3762 = AXIS2_PLACEMENT_3D ( 'NONE', #3195, #183, #3565 ) ;
#3763 = VECTOR ( 'NONE', #3255, 1000.000000000000000 ) ;
#3764 = VERTEX_POINT ( 'NONE', #1240 ) ;
#3765 = VERTEX_POINT ( 'NONE', #3000 ) ;
#3766 = DIRECTION ( 'NONE',  ( 0.000000000000000000, 0.000000000000000000, -1.000000000000000000 ) ) ;
#3767 = EDGE_CURVE ( 'NONE', #3676, #4019, #773, .T. ) ;
#3768 = EDGE_LOOP ( 'NONE', ( #1901, #480, #1603 ) ) ;
#3769 = LINE ( 'NONE', #2724, #1816 ) ;
#3770 = DIRECTION ( 'NONE',  ( -0.000000000000000000, -1.000000000000000000, -0.000000000000000000 ) ) ;
#3771 = CYLINDRICAL_SURFACE ( 'NONE', #1162, 7.500000000000007105 ) ;
#3772 = PLANE ( 'NONE',  #572 ) ;
#3773 = ORIENTED_EDGE ( 'NONE', *, *, #2718, .T. ) ;
#3774 = EDGE_CURVE ( 'NONE', #1851, #4012, #1281, .T. ) ;
#3775 = ORIENTED_EDGE ( 'NONE', *, *, #966, .T. ) ;
#3776 = CARTESIAN_POINT ( 'NONE',  ( 130.0000000000000000, 27.00000000000000000, 0.000000000000000000 ) ) ;
#3777 = CARTESIAN_POINT ( 'NONE',  ( 100.7500000000000568, 24.00000000000000000, 115.2500000000000000 ) ) ;
#3778 = VECTOR ( 'NONE', #3112, 1000.000000000000000 ) ;
#3779 = VECTOR ( 'NONE', #2252, 1000.000000000000000 ) ;
#3780 = VERTEX_POINT ( 'NONE', #978 ) ;
#3781 = ADVANCED_FACE ( 'NONE', ( #430 ), #3716, .T. ) ;
#3782 = CARTESIAN_POINT ( 'NONE',  ( 116.0000000000000568, 0.000000000000000000, 154.0000000000000000 ) ) ;
#3783 = DIRECTION ( 'NONE',  ( -0.000000000000000000, -1.000000000000000000, -0.000000000000000000 ) ) ;
#3784 = DIRECTION ( 'NONE',  ( -1.000000000000000000, 0.000000000000000000, 0.000000000000000000 ) ) ;
#3785 = DIRECTION ( 'NONE',  ( 0.000000000000000000, 0.000000000000000000, 1.000000000000000000 ) ) ;
#3786 = ORIENTED_EDGE ( 'NONE', *, *, #2957, .T. ) ;
#3787 = CARTESIAN_POINT ( 'NONE',  ( 7.500000000000018652, 0.000000000000000000, 157.5000000000000000 ) ) ;
#3788 = LINE ( 'NONE', #1795, #280 ) ;
#3789 = AXIS2_PLACEMENT_3D ( 'NONE', #343, #1041, #1433 ) ;
#3790 = ORIENTED_EDGE ( 'NONE', *, *, #1151, .F. ) ;
#3791 = EDGE_CURVE ( 'NONE', #3434, #3139, #2716, .T. ) ;
#3792 = DIRECTION ( 'NONE',  ( -1.000000000000000000, 3.273063162220403268E-17, 0.000000000000000000 ) ) ;
#3793 = DIRECTION ( 'NONE',  ( 1.000000000000000000, -0.000000000000000000, -3.524517538492561236E-16 ) ) ;
#3794 = CARTESIAN_POINT ( 'NONE',  ( 130.0000000000000284, 7.500000000000000000, 39.99999999999995026 ) ) ;
#3795 = EDGE_CURVE ( 'NONE', #2204, #935, #3519, .T. ) ;
#3796 = LINE ( 'NONE', #2148, #2529 ) ;
#3797 = VERTEX_POINT ( 'NONE', #1087 ) ;
#3798 = ORIENTED_EDGE ( 'NONE', *, *, #3818, .T. ) ;
#3799 = CARTESIAN_POINT ( 'NONE',  ( 116.0000000000000426, -5.091168824543132132, 112.7500000000000142 ) ) ;
#3800 = CYLINDRICAL_SURFACE ( 'NONE', #1928, 2.250000000000001776 ) ;
#3801 = EDGE_CURVE ( 'NONE', #4168, #2865, #2693, .T. ) ;
#3802 = ORIENTED_EDGE ( 'NONE', *, *, #156, .F. ) ;
#3803 = CARTESIAN_POINT ( 'NONE',  ( 95.25000000000005684, 7.750000000000002665, 27.01011938817845603 ) ) ;
#3804 = DIRECTION ( 'NONE',  ( -0.000000000000000000, -0.000000000000000000, -1.000000000000000000 ) ) ;
#3805 = CARTESIAN_POINT ( 'NONE',  ( 114.2500000000000426, 27.00000000000000000, 115.2500000000000000 ) ) ;
#3806 = CARTESIAN_POINT ( 'NONE',  ( 114.7500000000000426, 2.999999999999999112, 112.7500000000000142 ) ) ;
#3807 = ADVANCED_FACE ( 'NONE', ( #3444 ), #2334, .F. ) ;
#3808 = VERTEX_POINT ( 'NONE', #4046 ) ;
#3809 = CARTESIAN_POINT ( 'NONE',  ( 5.000000000000032863, 19.79999999999999716, 0.000000000000000000 ) ) ;
#3810 = FACE_BOUND ( 'NONE', #1176, .T. ) ;
#3811 = EDGE_CURVE ( 'NONE', #376, #218, #3991, .T. ) ;
#3812 = ORIENTED_EDGE ( 'NONE', *, *, #3091, .T. ) ;
#3813 = CARTESIAN_POINT ( 'NONE',  ( 116.5000000000000568, 24.00000000000000000, 14.49999999999999822 ) ) ;
#3814 = FACE_OUTER_BOUND ( 'NONE', #2490, .T. ) ;
#3815 = CARTESIAN_POINT ( 'NONE',  ( 122.5000000000000568, 27.00000000000000000, 157.5000000000000000 ) ) ;
#3816 = CARTESIAN_POINT ( 'NONE',  ( 108.3302383518161065, 20.19999999999999929, 52.99999999999995737 ) ) ;
#3817 = VERTEX_POINT ( 'NONE', #1020 ) ;
#3818 = EDGE_CURVE ( 'NONE', #1255, #1284, #1685, .T. ) ;
#3819 = DIRECTION ( 'NONE',  ( -0.000000000000000000, -1.000000000000000000, -0.000000000000000000 ) ) ;
#3820 = CARTESIAN_POINT ( 'NONE',  ( 113.5500000000000540, -6.929646455628168056, 112.7500000000000142 ) ) ;
#3821 = AXIS2_PLACEMENT_3D ( 'NONE', #2776, #4103, #1100 ) ;
#3822 = VERTEX_POINT ( 'NONE', #9 ) ;
#3823 = CIRCLE ( 'NONE', #1021, 7.499999999999992895 ) ;
#3824 = LINE ( 'NONE', #3198, #2000 ) ;
#3825 = DIRECTION ( 'NONE',  ( -1.000000000000000000, 0.000000000000000000, 0.000000000000000000 ) ) ;
#3826 = CARTESIAN_POINT ( 'NONE',  ( 7.500000000000018652, 27.00000000000000000, 157.5000000000000000 ) ) ;
#3827 = CIRCLE ( 'NONE', #1802, 4.499999999999997335 ) ;
#3828 = VERTEX_POINT ( 'NONE', #692 ) ;
#3829 = CARTESIAN_POINT ( 'NONE',  ( 99.00000000000005684, -5.091168824543132132, 112.7500000000000142 ) ) ;
#3830 = CARTESIAN_POINT ( 'NONE',  ( 99.00000000000005684, 2.000000000000000000, 149.5000000000000000 ) ) ;
#3831 = VECTOR ( 'NONE', #1867, 1000.000000000000000 ) ;
#3832 = ORIENTED_EDGE ( 'NONE', *, *, #2952, .T. ) ;
#3833 = CIRCLE ( 'NONE', #2931, 2.449999999999993960 ) ;
#3834 = ADVANCED_FACE ( 'NONE', ( #2008 ), #2070, .F. ) ;
#3835 = DIRECTION ( 'NONE',  ( 0.000000000000000000, 1.000000000000000000, 0.000000000000000000 ) ) ;
#3836 = CARTESIAN_POINT ( 'NONE',  ( 99.00000000000005684, 2.000000000000000000, 151.7500000000000000 ) ) ;
#3837 = CARTESIAN_POINT ( 'NONE',  ( 100.8625178063039698, 19.50000000000000000, 165.0000000000000000 ) ) ;
#3838 = ORIENTED_EDGE ( 'NONE', *, *, #1125, .F. ) ;
#3839 = DIRECTION ( 'NONE',  ( 3.273063162220403268E-17, 1.000000000000000000, 0.000000000000000000 ) ) ;
#3840 = CARTESIAN_POINT ( 'NONE',  ( 127.0000000000000568, 15.50000000000000000, 31.06922683753907677 ) ) ;
#3841 = AXIS2_PLACEMENT_3D ( 'NONE', #3571, #1171, #1855 ) ;
#3842 = ORIENTED_EDGE ( 'NONE', *, *, #2630, .T. ) ;
#3843 = LINE ( 'NONE', #1168, #1794 ) ;
#3844 = ADVANCED_FACE ( 'NONE', ( #2028 ), #1385, .F. ) ;
#3845 = DIRECTION ( 'NONE',  ( -0.000000000000000000, -0.000000000000000000, 1.000000000000000000 ) ) ;
#3846 = CARTESIAN_POINT ( 'NONE',  ( 117.8000000000000398, 2.000000000000000000, 112.7500000000000142 ) ) ;
#3847 = AXIS2_PLACEMENT_3D ( 'NONE', #2534, #3610, #3868 ) ;
#3848 = CARTESIAN_POINT ( 'NONE',  ( 2.800000000000004263, 6.288730162779203603, 2.200000000000028155 ) ) ;
#3849 = VECTOR ( 'NONE', #878, 1000.000000000000000 ) ;
#3850 = ORIENTED_EDGE ( 'NONE', *, *, #3795, .T. ) ;
#3851 = DIRECTION ( 'NONE',  ( 0.4848096202463437199, -0.000000000000000000, 0.8746197071393920774 ) ) ;
#3852 = AXIS2_PLACEMENT_3D ( 'NONE', #217, #482, #4224 ) ;
#3853 = VERTEX_POINT ( 'NONE', #3358 ) ;
#3854 = CARTESIAN_POINT ( 'NONE',  ( 127.0000000000000568, 2.999999999999999112, 155.0000000000000284 ) ) ;
#3855 = EDGE_CURVE ( 'NONE', #2448, #3693, #80, .T. ) ;
#3856 = VERTEX_POINT ( 'NONE', #3088 ) ;
#3857 = CARTESIAN_POINT ( 'NONE',  ( 7.500000000000018652, 27.00000000000000000, 157.5000000000000000 ) ) ;
#3858 = FACE_OUTER_BOUND ( 'NONE', #2010, .T. ) ;
#3859 = CARTESIAN_POINT ( 'NONE',  ( 101.9642871458200801, 23.59170509296925289, 163.7923114571547387 ) ) ;
#3860 = EDGE_CURVE ( 'NONE', #1691, #2871, #1895, .T. ) ;
#3861 = AXIS2_PLACEMENT_3D ( 'NONE', #2762, #4089, #2118 ) ;
#3862 = VERTEX_POINT ( 'NONE', #365 ) ;
#3863 = DIRECTION ( 'NONE',  ( -1.000000000000000000, 0.000000000000000000, 0.000000000000000000 ) ) ;
#3864 = CARTESIAN_POINT ( 'NONE',  ( 54.66039415863882311, 19.50000000000000355, 165.0000000000000000 ) ) ;
#3865 = AXIS2_PLACEMENT_3D ( 'NONE', #1673, #2280, #915 ) ;
#3866 = EDGE_LOOP ( 'NONE', ( #1805, #2085, #3977, #87, #2578 ) ) ;
#3867 = CARTESIAN_POINT ( 'NONE',  ( 100.8000000000000540, 2.999999999999996003, 112.7500000000000142 ) ) ;
#3868 = DIRECTION ( 'NONE',  ( -1.000000000000000000, 0.000000000000000000, 0.000000000000000000 ) ) ;
#3869 = LINE ( 'NONE', #4118, #2020 ) ;
#3870 =( LENGTH_UNIT ( ) NAMED_UNIT ( * ) SI_UNIT ( .MILLI., .METRE. ) );
#3871 = VERTEX_POINT ( 'NONE', #1697 ) ;
#3872 = EDGE_CURVE ( 'NONE', #1255, #1548, #3043, .T. ) ;
#3873 = DIRECTION ( 'NONE',  ( -1.000000000000000000, 0.000000000000000000, 0.000000000000000000 ) ) ;
#3874 = CARTESIAN_POINT ( 'NONE',  ( 109.7500000000000426, 25.00000000000000355, 155.0000000000000284 ) ) ;
#3875 = VERTEX_POINT ( 'NONE', #383 ) ;
#3876 = ORIENTED_EDGE ( 'NONE', *, *, #2102, .T. ) ;
#3877 = DIRECTION ( 'NONE',  ( -3.524517538492560743E-16, 0.000000000000000000, -1.000000000000000000 ) ) ;
#3878 = CARTESIAN_POINT ( 'NONE',  ( 127.0000000000000568, 15.50000000000000000, 17.50000000000001421 ) ) ;
#3879 = CARTESIAN_POINT ( 'NONE',  ( 105.2500000000000426, 25.00000000000000355, 138.7750192604120514 ) ) ;
#3880 = DIRECTION ( 'NONE',  ( 0.000000000000000000, 0.000000000000000000, 1.000000000000000000 ) ) ;
#3881 = ORIENTED_EDGE ( 'NONE', *, *, #3337, .F. ) ;
#3882 = CYLINDRICAL_SURFACE ( 'NONE', #48, 1.250000000000001110 ) ;
#3883 = DIRECTION ( 'NONE',  ( -1.000000000000000000, 0.000000000000000000, 0.000000000000000000 ) ) ;
#3884 = ORIENTED_EDGE ( 'NONE', *, *, #3217, .T. ) ;
#3885 = DIRECTION ( 'NONE',  ( -1.000000000000000000, -0.000000000000000000, -0.000000000000000000 ) ) ;
#3886 = CARTESIAN_POINT ( 'NONE',  ( 127.0000000000000568, 24.00000000000000000, 0.000000000000000000 ) ) ;
#3887 = EDGE_CURVE ( 'NONE', #1289, #1831, #1717, .T. ) ;
#3888 = PLANE ( 'NONE',  #2160 ) ;
#3889 = VECTOR ( 'NONE', #3246, 1000.000000000000000 ) ;
#3890 = CIRCLE ( 'NONE', #117, 4.499999999999997335 ) ;
#3891 = ORIENTED_EDGE ( 'NONE', *, *, #2398, .F. ) ;
#3892 = DIRECTION ( 'NONE',  ( 0.000000000000000000, 0.000000000000000000, -1.000000000000000000 ) ) ;
#3893 = LINE ( 'NONE', #523, #2380 ) ;
#3894 = AXIS2_PLACEMENT_3D ( 'NONE', #3733, #2062, #445 ) ;
#3895 = VERTEX_POINT ( 'NONE', #4066 ) ;
#3896 = ORIENTED_EDGE ( 'NONE', *, *, #3188, .F. ) ;
#3897 = DIRECTION ( 'NONE',  ( -1.000000000000000000, 0.000000000000000000, 0.000000000000000000 ) ) ;
#3898 = CYLINDRICAL_SURFACE ( 'NONE', #1680, 2.500000000000015987 ) ;
#3899 = ADVANCED_FACE ( 'NONE', ( #1065, #3741, #3420 ), #407, .F. ) ;
#3900 = LINE ( 'NONE', #3193, #2463 ) ;
#3901 = AXIS2_PLACEMENT_3D ( 'NONE', #1574, #2983, #1903 ) ;
#3902 = AXIS2_PLACEMENT_3D ( 'NONE', #588, #4253, #633 ) ;
#3903 = ORIENTED_EDGE ( 'NONE', *, *, #1638, .F. ) ;
#3904 = CARTESIAN_POINT ( 'NONE',  ( 93.00000000000005684, 2.999999999999999112, 194.9624824053761643 ) ) ;
#3905 = DIRECTION ( 'NONE',  ( 3.273063162220403268E-17, 1.000000000000000000, 0.000000000000000000 ) ) ;
#3906 = ADVANCED_FACE ( 'NONE', ( #1607 ), #1172, .F. ) ;
#3907 = ORIENTED_EDGE ( 'NONE', *, *, #601, .T. ) ;
#3908 = VECTOR ( 'NONE', #1546, 1000.000000000000000 ) ;
#3909 = CARTESIAN_POINT ( 'NONE',  ( 100.8000000000000540, 2.999999999999996003, 151.7500000000000000 ) ) ;
#3910 = DIRECTION ( 'NONE',  ( -0.000000000000000000, 0.000000000000000000, -1.000000000000000000 ) ) ;
#3911 = EDGE_CURVE ( 'NONE', #1941, #1405, #1713, .T. ) ;
#3912 = EDGE_CURVE ( 'NONE', #3913, #3916, #505, .T. ) ;
#3913 = VERTEX_POINT ( 'NONE', #520 ) ;
#3914 = DIRECTION ( 'NONE',  ( -0.000000000000000000, 0.000000000000000000, 1.000000000000000000 ) ) ;
#3915 = CARTESIAN_POINT ( 'NONE',  ( 130.0000000000000284, 19.49999999999999645, 52.99999999999995026 ) ) ;
#3916 = VERTEX_POINT ( 'NONE', #1856 ) ;
#3917 = ORIENTED_EDGE ( 'NONE', *, *, #2574, .T. ) ;
#3918 = DIRECTION ( 'NONE',  ( 3.273063162220403268E-17, 1.000000000000000000, 0.000000000000000000 ) ) ;
#3919 = CARTESIAN_POINT ( 'NONE',  ( 1.898979485566376413, 25.47469149468818728, 3.101020514433677100 ) ) ;
#3920 = DIRECTION ( 'NONE',  ( 1.000000000000000000, 0.000000000000000000, 0.000000000000000000 ) ) ;
#3921 = EDGE_CURVE ( 'NONE', #1271, #3553, #641, .T. ) ;
#3922 = ORIENTED_EDGE ( 'NONE', *, *, #2090, .F. ) ;
#3923 = EDGE_CURVE ( 'NONE', #3780, #2900, #3492, .T. ) ;
#3924 = CARTESIAN_POINT ( 'NONE',  ( 116.0000000000004690, 2.000000000000000000, 112.7499999999999858 ) ) ;
#3925 = DIRECTION ( 'NONE',  ( -0.000000000000000000, -0.000000000000000000, -1.000000000000000000 ) ) ;
#3926 = AXIS2_PLACEMENT_3D ( 'NONE', #2355, #3022, #1742 ) ;
#3927 = VERTEX_POINT ( 'NONE', #3806 ) ;
#3928 = CARTESIAN_POINT ( 'NONE',  ( 110.3726197101998849, 24.96709850285607502, 162.6350654814328038 ) ) ;
#3929 = VECTOR ( 'NONE', #4078, 1000.000000000000000 ) ;
#3930 = CYLINDRICAL_SURFACE ( 'NONE', #63, 7.500000000000007105 ) ;
#3931 = EDGE_CURVE ( 'NONE', #2651, #197, #1789, .T. ) ;
#3932 = ORIENTED_EDGE ( 'NONE', *, *, #1137, .T. ) ;
#3933 = CARTESIAN_POINT ( 'NONE',  ( 93.00000000000005684, 24.00000000000000000, 155.0000000000000284 ) ) ;
#3934 = DIRECTION ( 'NONE',  ( -0.000000000000000000, -1.000000000000000000, -0.000000000000000000 ) ) ;
#3935 = EDGE_CURVE ( 'NONE', #1143, #1196, #2137, .T. ) ;
#3936 = ORIENTED_EDGE ( 'NONE', *, *, #1029, .F. ) ;
#3937 = ORIENTED_EDGE ( 'NONE', *, *, #2452, .F. ) ;
#3938 = DIRECTION ( 'NONE',  ( 1.000000000000000000, 0.000000000000000000, 0.000000000000000000 ) ) ;
#3939 = DIRECTION ( 'NONE',  ( 0.000000000000000000, 0.000000000000000000, -1.000000000000000000 ) ) ;
#3940 = CARTESIAN_POINT ( 'NONE',  ( 95.00000000000005684, 24.00000000000000000, 115.2500000000000000 ) ) ;
#3941 = EDGE_CURVE ( 'NONE', #1328, #1143, #1481, .T. ) ;
#3942 = VERTEX_POINT ( 'NONE', #3606 ) ;
#3943 = DIRECTION ( 'NONE',  ( -0.000000000000000000, -1.000000000000000000, -0.000000000000000000 ) ) ;
#3944 = DIRECTION ( 'NONE',  ( 0.000000000000000000, 1.000000000000000000, 0.000000000000000000 ) ) ;
#3945 = DIRECTION ( 'NONE',  ( -1.000000000000000000, 0.000000000000000000, 0.000000000000000000 ) ) ;
#3946 = EDGE_CURVE ( 'NONE', #2177, #453, #2806, .T. ) ;
#3947 = VECTOR ( 'NONE', #1745, 1000.000000000000000 ) ;
#3948 = VERTEX_POINT ( 'NONE', #1500 ) ;
#3949 = SPHERICAL_SURFACE ( 'NONE', #3865, 7.500000000000000000 ) ;
#3950 = CARTESIAN_POINT ( 'NONE',  ( 117.2500000000000426, 15.99999999999999289, 151.7500000000000000 ) ) ;
#3951 = ORIENTED_EDGE ( 'NONE', *, *, #1029, .T. ) ;
#3952 = ORIENTED_EDGE ( 'NONE', *, *, #2303, .T. ) ;
#3953 = CARTESIAN_POINT ( 'NONE',  ( 93.00000000000005684, 24.00000000000000000, 0.000000000000000000 ) ) ;
#3954 = CARTESIAN_POINT ( 'NONE',  ( 108.3302383518161065, 6.799999999999998046, 39.99999999999995737 ) ) ;
#3955 = VECTOR ( 'NONE', #1910, 1000.000000000000000 ) ;
#3956 = VERTEX_POINT ( 'NONE', #1523 ) ;
#3957 = VERTEX_POINT ( 'NONE', #3161 ) ;
#3958 = CARTESIAN_POINT ( 'NONE',  ( 122.5000000000000000, 19.50000000000000000, 0.000000000000000000 ) ) ;
#3959 = AXIS2_PLACEMENT_3D ( 'NONE', #2816, #2365, #1375 ) ;
#3960 = DIRECTION ( 'NONE',  ( -1.000000000000000000, 0.000000000000000000, 0.000000000000000000 ) ) ;
#3961 = DIRECTION ( 'NONE',  ( -0.000000000000000000, -0.000000000000000000, -1.000000000000000000 ) ) ;
#3962 = MANIFOLD_SOLID_BREP ( 'Cut-Extrude10', #2473 ) ;
#3963 = EDGE_CURVE ( 'NONE', #774, #269, #1194, .T. ) ;
#3964 = ORIENTED_EDGE ( 'NONE', *, *, #2272, .T. ) ;
#3965 = EDGE_CURVE ( 'NONE', #1885, #3797, #2458, .T. ) ;
#3966 = CARTESIAN_POINT ( 'NONE',  ( 7.500000000000018652, 19.49999999999999645, 157.5000000000000000 ) ) ;
#3967 = CARTESIAN_POINT ( 'NONE',  ( 17.50000000000001776, 22.00000000000000000, 152.5000000000000000 ) ) ;
#3968 = CARTESIAN_POINT ( 'NONE',  ( 5.000000000000032863, 27.00000000000000000, 0.000000000000000000 ) ) ;
#3969 = AXIS2_PLACEMENT_3D ( 'NONE', #657, #1629, #4279 ) ;
#3970 = AXIS2_PLACEMENT_3D ( 'NONE', #3836, #2521, #3170 ) ;
#3971 = ORIENTED_EDGE ( 'NONE', *, *, #4154, .T. ) ;
#3972 = AXIS2_PLACEMENT_3D ( 'NONE', #1149, #1497, #2421 ) ;
#3973 = CARTESIAN_POINT ( 'NONE',  ( 112.0460797572085028, 24.38066646898405665, 163.1984078271110548 ) ) ;
#3974 = LINE ( 'NONE', #3652, #1715 ) ;
#3975 = VERTEX_POINT ( 'NONE', #3468 ) ;
#3976 = ADVANCED_FACE ( 'NONE', ( #2301 ), #2618, .F. ) ;
#3977 = ORIENTED_EDGE ( 'NONE', *, *, #2274, .T. ) ;
#3978 = CYLINDRICAL_SURFACE ( 'NONE', #2605, 5.750000000000005329 ) ;
#3979 = CARTESIAN_POINT ( 'NONE',  ( 117.2500000000000426, 15.99999999999999289, 112.7500000000000142 ) ) ;
#3980 = AXIS2_PLACEMENT_3D ( 'NONE', #1432, #1741, #2784 ) ;
#3981 = VERTEX_POINT ( 'NONE', #3689 ) ;
#3982 = ORIENTED_EDGE ( 'NONE', *, *, #3091, .F. ) ;
#3983 = DIRECTION ( 'NONE',  ( 0.000000000000000000, 1.000000000000000000, 0.000000000000000000 ) ) ;
#3984 = DIRECTION ( 'NONE',  ( -1.000000000000000000, 0.000000000000000000, 0.000000000000000000 ) ) ;
#3985 = CARTESIAN_POINT ( 'NONE',  ( 117.8000000000000398, 2.999999999999995115, 112.7500000000000142 ) ) ;
#3986 = AXIS2_PLACEMENT_3D ( 'NONE', #2044, #2002, #2976 ) ;
#3987 = ADVANCED_FACE ( 'NONE', ( #19 ), #704, .F. ) ;
#3988 = CIRCLE ( 'NONE', #212, 1.799999999999996048 ) ;
#3989 = ORIENTED_EDGE ( 'NONE', *, *, #2682, .F. ) ;
#3990 = DIRECTION ( 'NONE',  ( 0.000000000000000000, 0.000000000000000000, -1.000000000000000000 ) ) ;
#3991 = CIRCLE ( 'NONE', #2949, 2.250000000000001776 ) ;
#3992 = PLANE ( 'NONE',  #3058 ) ;
#3993 = CARTESIAN_POINT ( 'NONE',  ( 95.25000000000005684, 9.250000000000000000, 17.50000000000000000 ) ) ;
#3994 = EDGE_CURVE ( 'NONE', #2328, #1851, #1648, .T. ) ;
#3995 = ORIENTED_EDGE ( 'NONE', *, *, #1288, .T. ) ;
#3996 = CARTESIAN_POINT ( 'NONE',  ( 113.5500000000000540, 15.99999999999999289, 151.7500000000000000 ) ) ;
#3997 = CARTESIAN_POINT ( 'NONE',  ( 97.75000000000005684, 15.50000000000000000, 17.50000000000000000 ) ) ;
#3998 = ORIENTED_EDGE ( 'NONE', *, *, #821, .F. ) ;
#3999 = AXIS2_PLACEMENT_3D ( 'NONE', #3697, #3113, #759 ) ;
#4000 = CIRCLE ( 'NONE', #1402, 1.250000000000001110 ) ;
#4001 =( GEOMETRIC_REPRESENTATION_CONTEXT ( 3 ) GLOBAL_UNCERTAINTY_ASSIGNED_CONTEXT ( ( #769 ) ) GLOBAL_UNIT_ASSIGNED_CONTEXT ( ( #549, #4230, #3214 ) ) REPRESENTATION_CONTEXT ( 'NONE', 'WORKASPACE' ) );
#4002 = ORIENTED_EDGE ( 'NONE', *, *, #2820, .T. ) ;
#4003 = CARTESIAN_POINT ( 'NONE',  ( 114.2500000000000426, 5.000000000000000888, 115.2500000000000000 ) ) ;
#4004 = CARTESIAN_POINT ( 'NONE',  ( 7.500000000000018652, 0.000000000000000000, 157.5000000000000000 ) ) ;
#4005 = EDGE_CURVE ( 'NONE', #26, #3124, #2744, .T. ) ;
#4006 = VERTEX_POINT ( 'NONE', #4318 ) ;
#4007 = ORIENTED_EDGE ( 'NONE', *, *, #2172, .F. ) ;
#4008 = LINE ( 'NONE', #757, #3012 ) ;
#4009 = FACE_OUTER_BOUND ( 'NONE', #2767, .T. ) ;
#4010 = DIRECTION ( 'NONE',  ( 1.000000000000000000, 0.000000000000000000, 0.000000000000000000 ) ) ;
#4011 = VERTEX_POINT ( 'NONE', #2040 ) ;
#4012 = VERTEX_POINT ( 'NONE', #3306 ) ;
#4013 = CARTESIAN_POINT ( 'NONE',  ( 122.2500000000000568, 2.999999999999999112, 17.50000000000000000 ) ) ;
#4014 = DIRECTION ( 'NONE',  ( -0.000000000000000000, -1.000000000000000000, -0.000000000000000000 ) ) ;
#4015 = DIRECTION ( 'NONE',  ( 0.000000000000000000, 0.000000000000000000, -1.000000000000000000 ) ) ;
#4016 = ORIENTED_EDGE ( 'NONE', *, *, #2241, .T. ) ;
#4017 = PLANE ( 'NONE',  #1798 ) ;
#4018 = CARTESIAN_POINT ( 'NONE',  ( 118.4500000000000455, 2.999999999999999112, 112.7500000000000142 ) ) ;
#4019 = VERTEX_POINT ( 'NONE', #291 ) ;
#4020 = EDGE_LOOP ( 'NONE', ( #581, #708, #3003, #501 ) ) ;
#4021 = ADVANCED_FACE ( 'NONE', ( #3348, #3386 ), #4338, .F. ) ;
#4022 = CARTESIAN_POINT ( 'NONE',  ( 116.0000000000004690, 2.000000000000000000, 112.7499999999999858 ) ) ;
#4023 = CARTESIAN_POINT ( 'NONE',  ( 127.0000000000000568, 7.699999999999996625, 49.49999999999995737 ) ) ;
#4024 = ORIENTED_EDGE ( 'NONE', *, *, #4163, .F. ) ;
#4025 = ORIENTED_EDGE ( 'NONE', *, *, #3665, .T. ) ;
#4026 = DIRECTION ( 'NONE',  ( 1.734723475976807094E-15, -1.000000000000000000, 0.000000000000000000 ) ) ;
#4027 = CIRCLE ( 'NONE', #892, 1.250000000000001110 ) ;
#4028 = AXIS2_PLACEMENT_3D ( 'NONE', #3737, #731, #2556 ) ;
#4029 = ORIENTED_EDGE ( 'NONE', *, *, #1852, .F. ) ;
#4030 = CIRCLE ( 'NONE', #2710, 2.449999999999993960 ) ;
#4031 = EDGE_CURVE ( 'NONE', #370, #3104, #3585, .T. ) ;
#4032 = DIRECTION ( 'NONE',  ( 0.000000000000000000, -1.000000000000000000, 0.000000000000000000 ) ) ;
#4033 = DIRECTION ( 'NONE',  ( 0.000000000000000000, -1.000000000000000000, 0.000000000000000000 ) ) ;
#4034 = DIRECTION ( 'NONE',  ( 3.273063162220403268E-17, 1.000000000000000000, 0.000000000000000000 ) ) ;
#4035 = DIRECTION ( 'NONE',  ( -0.000000000000000000, 0.000000000000000000, -1.000000000000000000 ) ) ;
#4036 = CIRCLE ( 'NONE', #2005, 0.7500000000000006661 ) ;
#4037 = CIRCLE ( 'NONE', #43, 5.750000000000032863 ) ;
#4038 = ORIENTED_EDGE ( 'NONE', *, *, #4267, .T. ) ;
#4039 = CYLINDRICAL_SURFACE ( 'NONE', #2572, 5.750000000000005329 ) ;
#4040 = CARTESIAN_POINT ( 'NONE',  ( 99.00000000000005684, -6.929646455628168056, 151.7500000000000000 ) ) ;
#4041 = ORIENTED_EDGE ( 'NONE', *, *, #3483, .F. ) ;
#4042 = EDGE_CURVE ( 'NONE', #1405, #14, #1354, .T. ) ;
#4043 = CIRCLE ( 'NONE', #1241, 7.499999999999992895 ) ;
#4044 = EDGE_LOOP ( 'NONE', ( #3587, #3319, #1628, #3048 ) ) ;
#4045 = FACE_BOUND ( 'NONE', #3564, .T. ) ;
#4046 = CARTESIAN_POINT ( 'NONE',  ( 124.7500000000000568, 24.00000000000000000, 43.85640646055166769 ) ) ;
#4047 = EDGE_CURVE ( 'NONE', #26, #329, #3312, .T. ) ;
#4048 = ORIENTED_EDGE ( 'NONE', *, *, #1060, .F. ) ;
#4049 = ORIENTED_EDGE ( 'NONE', *, *, #4047, .F. ) ;
#4050 = AXIS2_PLACEMENT_3D ( 'NONE', #2079, #3119, #3792 ) ;
#4051 = CARTESIAN_POINT ( 'NONE',  ( 99.00000000000005684, 2.999999999999999112, 112.7500000000000142 ) ) ;
#4052 = VERTEX_POINT ( 'NONE', #3993 ) ;
#4053 = DIRECTION ( 'NONE',  ( 1.000000000000000000, -0.000000000000000000, -3.524517538492561236E-16 ) ) ;
#4054 = CARTESIAN_POINT ( 'NONE',  ( 10.00000000000000000, 22.00000000000000000, 0.000000000000000000 ) ) ;
#4055 = CARTESIAN_POINT ( 'NONE',  ( 124.7500000000000568, 9.250000000000000000, 32.50000000000000000 ) ) ;
#4056 = PLANE ( 'NONE',  #3452 ) ;
#4057 = CIRCLE ( 'NONE', #1827, 4.499999999999997335 ) ;
#4058 = ADVANCED_FACE ( 'NONE', ( #991, #679 ), #640, .T. ) ;
#4059 = AXIS2_PLACEMENT_3D ( 'NONE', #1485, #3167, #3498 ) ;
#4060 = ORIENTED_EDGE ( 'NONE', *, *, #3872, .F. ) ;
#4061 = CARTESIAN_POINT ( 'NONE',  ( 105.2500000000000426, 15.99999999999999645, 155.0000000000000284 ) ) ;
#4062 = DIRECTION ( 'NONE',  ( -1.000000000000000000, 0.000000000000000000, 0.000000000000000000 ) ) ;
#4063 = EDGE_LOOP ( 'NONE', ( #4025, #1761, #2315, #1434 ) ) ;
#4064 = ORIENTED_EDGE ( 'NONE', *, *, #829, .F. ) ;
#4065 = CYLINDRICAL_SURFACE ( 'NONE', #1583, 2.449999999999993960 ) ;
#4066 = CARTESIAN_POINT ( 'NONE',  ( 7.500000000000018652, 19.49999999999999645, 165.0000000000000000 ) ) ;
#4067 = VECTOR ( 'NONE', #3432, 1000.000000000000000 ) ;
#4068 = AXIS2_PLACEMENT_3D ( 'NONE', #999, #3677, #1943 ) ;
#4069 = ORIENTED_EDGE ( 'NONE', *, *, #2892, .F. ) ;
#4070 = LINE ( 'NONE', #2741, #108 ) ;
#4071 = ADVANCED_FACE ( 'NONE', ( #1631 ), #1689, .F. ) ;
#4072 = CARTESIAN_POINT ( 'NONE',  ( 96.55000000000006821, 2.999999999999999112, 151.7500000000000000 ) ) ;
#4073 = ORIENTED_EDGE ( 'NONE', *, *, #287, .T. ) ;
#4074 = EDGE_CURVE ( 'NONE', #2407, #1261, #925, .T. ) ;
#4075 = DIRECTION ( 'NONE',  ( -0.000000000000000000, -0.000000000000000000, -1.000000000000000000 ) ) ;
#4076 = CARTESIAN_POINT ( 'NONE',  ( 122.2500000000000568, 15.50000000000000000, 17.50000000000000000 ) ) ;
#4077 = PLANE ( 'NONE',  #2071 ) ;
#4078 = DIRECTION ( 'NONE',  ( -0.000000000000000000, 1.000000000000000000, -0.000000000000000000 ) ) ;
#4079 = VERTEX_POINT ( 'NONE', #2277 ) ;
#4080 = ORIENTED_EDGE ( 'NONE', *, *, #2705, .F. ) ;
#4081 = FACE_OUTER_BOUND ( 'NONE', #385, .T. ) ;
#4082 = DIRECTION ( 'NONE',  ( 3.273063162220403268E-17, 1.000000000000000000, 0.000000000000000000 ) ) ;
#4083 = ORIENTED_EDGE ( 'NONE', *, *, #2143, .T. ) ;
#4084 = VERTEX_POINT ( 'NONE', #2703 ) ;
#4085 = DIRECTION ( 'NONE',  ( -0.000000000000000000, -0.000000000000000000, 1.000000000000000000 ) ) ;
#4086 = EDGE_CURVE ( 'NONE', #521, #2685, #332, .T. ) ;
#4087 = CARTESIAN_POINT ( 'NONE',  ( 52.25000000000004263, 15.69999999999999929, 165.0000000000000000 ) ) ;
#4088 = CARTESIAN_POINT ( 'NONE',  ( 99.00000000000005684, -6.929646455628168056, 112.7500000000000142 ) ) ;
#4089 = DIRECTION ( 'NONE',  ( 0.000000000000000000, 0.000000000000000000, 1.000000000000000000 ) ) ;
#4090 = ORIENTED_EDGE ( 'NONE', *, *, #3609, .T. ) ;
#4091 = ORIENTED_EDGE ( 'NONE', *, *, #4249, .F. ) ;
#4092 = LINE ( 'NONE', #1090, #1609 ) ;
#4093 = EDGE_CURVE ( 'NONE', #4287, #2628, #4282, .T. ) ;
#4094 = EDGE_LOOP ( 'NONE', ( #1632, #2831, #1427, #1999 ) ) ;
#4095 = CARTESIAN_POINT ( 'NONE',  ( 130.0000000000000284, 20.19999999999999929, 52.99999999999995026 ) ) ;
#4096 = DIRECTION ( 'NONE',  ( 0.000000000000000000, -1.000000000000000000, 0.000000000000000000 ) ) ;
#4097 = CARTESIAN_POINT ( 'NONE',  ( 114.7500000000000426, 2.999999999999999112, 151.7500000000000000 ) ) ;
#4098 = ADVANCED_FACE ( 'NONE', ( #3033 ), #2973, .T. ) ;
#4099 = CIRCLE ( 'NONE', #1580, 7.499999999999992895 ) ;
#4100 = ORIENTED_EDGE ( 'NONE', *, *, #2119, .F. ) ;
#4101 = ORIENTED_EDGE ( 'NONE', *, *, #2424, .T. ) ;
#4102 = DIRECTION ( 'NONE',  ( 0.000000000000000000, 0.000000000000000000, -1.000000000000000000 ) ) ;
#4103 = DIRECTION ( 'NONE',  ( 1.000000000000000000, 0.000000000000000000, 0.000000000000000000 ) ) ;
#4104 = VERTEX_POINT ( 'NONE', #3075 ) ;
#4105 = ORIENTED_EDGE ( 'NONE', *, *, #1638, .T. ) ;
#4106 = FACE_OUTER_BOUND ( 'NONE', #3226, .T. ) ;
#4107 = DIRECTION ( 'NONE',  ( -1.000000000000000000, 0.000000000000000000, 0.000000000000000000 ) ) ;
#4108 = DIRECTION ( 'NONE',  ( 0.000000000000000000, 0.000000000000000000, -1.000000000000000000 ) ) ;
#4109 = DIRECTION ( 'NONE',  ( -1.000000000000000000, 0.000000000000000000, -0.000000000000000000 ) ) ;
#4110 = AXIS2_PLACEMENT_3D ( 'NONE', #1556, #546, #2474 ) ;
#4111 = CIRCLE ( 'NONE', #2218, 2.500000000000015987 ) ;
#4112 = ADVANCED_FACE ( 'NONE', ( #1142 ), #1804, .F. ) ;
#4113 = ORIENTED_EDGE ( 'NONE', *, *, #2506, .T. ) ;
#4114 = FACE_OUTER_BOUND ( 'NONE', #147, .T. ) ;
#4115 = CARTESIAN_POINT ( 'NONE',  ( 127.0000000000000568, 2.999999999999999112, 0.000000000000000000 ) ) ;
#4116 = VERTEX_POINT ( 'NONE', #3148 ) ;
#4117 = VECTOR ( 'NONE', #3087, 1000.000000000000000 ) ;
#4118 = CARTESIAN_POINT ( 'NONE',  ( 7.500000000000018652, 27.00000000000000000, 165.0000000000000000 ) ) ;
#4119 = EDGE_LOOP ( 'NONE', ( #586, #29 ) ) ;
#4120 = DIRECTION ( 'NONE',  ( -1.000000000000000000, 0.000000000000000000, 0.000000000000000000 ) ) ;
#4121 = EDGE_CURVE ( 'NONE', #3699, #1780, #1894, .T. ) ;
#4122 = DIRECTION ( 'NONE',  ( 0.000000000000000000, 0.000000000000000000, -1.000000000000000000 ) ) ;
#4123 = DIRECTION ( 'NONE',  ( -1.000000000000000000, 3.273063162220403268E-17, 0.000000000000000000 ) ) ;
#4124 = ORIENTED_EDGE ( 'NONE', *, *, #3118, .F. ) ;
#4125 = ORIENTED_EDGE ( 'NONE', *, *, #3244, .F. ) ;
#4126 = DIRECTION ( 'NONE',  ( 0.000000000000000000, 0.000000000000000000, -1.000000000000000000 ) ) ;
#4127 = LINE ( 'NONE', #2482, #2004 ) ;
#4128 = EDGE_CURVE ( 'NONE', #3092, #1143, #3102, .T. ) ;
#4129 = VECTOR ( 'NONE', #4295, 1000.000000000000000 ) ;
#4130 = VERTEX_POINT ( 'NONE', #1729 ) ;
#4131 = CARTESIAN_POINT ( 'NONE',  ( 99.00000000000005684, 2.000000000000000000, 151.7500000000000000 ) ) ;
#4132 = LINE ( 'NONE', #3465, #2734 ) ;
#4133 = CARTESIAN_POINT ( 'NONE',  ( 97.75000000000005684, 2.999999999999998224, 22.49999999999996447 ) ) ;
#4134 = CARTESIAN_POINT ( 'NONE',  ( 100.8000000000000540, -5.091168824543132132, 112.7500000000000142 ) ) ;
#4135 = ORIENTED_EDGE ( 'NONE', *, *, #966, .F. ) ;
#4136 = EDGE_LOOP ( 'NONE', ( #1921, #1640, #124, #1394 ) ) ;
#4137 = CARTESIAN_POINT ( 'NONE',  ( 129.9672618810378140, 20.19999999999999929, 52.99999999999995026 ) ) ;
#4138 = AXIS2_PLACEMENT_3D ( 'NONE', #970, #3328, #2019 ) ;
#4139 = EDGE_CURVE ( 'NONE', #157, #3875, #3526, .T. ) ;
#4140 = ORIENTED_EDGE ( 'NONE', *, *, #3921, .T. ) ;
#4141 = VECTOR ( 'NONE', #1248, 1000.000000000000114 ) ;
#4142 = FACE_OUTER_BOUND ( 'NONE', #1891, .T. ) ;
#4143 = CARTESIAN_POINT ( 'NONE',  ( 90.00000000000008527, 22.00000000000000000, 152.5000000000000000 ) ) ;
#4144 = CARTESIAN_POINT ( 'NONE',  ( 102.1902885410771091, 23.81509025442339578, 163.6393962299989653 ) ) ;
#4145 = FACE_BOUND ( 'NONE', #1525, .T. ) ;
#4146 = ORIENTED_EDGE ( 'NONE', *, *, #1125, .T. ) ;
#4147 = ORIENTED_EDGE ( 'NONE', *, *, #2574, .F. ) ;
#4148 = CARTESIAN_POINT ( 'NONE',  ( 116.0000000000004690, 2.000000000000000000, 114.9999999999999858 ) ) ;
#4149 = CARTESIAN_POINT ( 'NONE',  ( 47.75000000000003553, 15.69999999999999929, 160.0000000000000000 ) ) ;
#4150 = EDGE_LOOP ( 'NONE', ( #192, #2415, #425, #2772 ) ) ;
#4151 = CARTESIAN_POINT ( 'NONE',  ( 116.0000000000000426, 2.000000000000000000, 112.7500000000000142 ) ) ;
#4152 = DIRECTION ( 'NONE',  ( -1.000000000000000000, 0.000000000000000000, 0.000000000000000000 ) ) ;
#4153 = CARTESIAN_POINT ( 'NONE',  ( 5.000000000000033751, 26.57106781186548972, 0.000000000000000000 ) ) ;
#4154 = EDGE_CURVE ( 'NONE', #3765, #2428, #3123, .T. ) ;
#4155 = ORIENTED_EDGE ( 'NONE', *, *, #86, .T. ) ;
#4156 = CARTESIAN_POINT ( 'NONE',  ( 17.50000000000001776, 4.999999999999997335, 160.0000000000000000 ) ) ;
#4157 = LINE ( 'NONE', #194, #1393 ) ;
#4158 = VERTEX_POINT ( 'NONE', #3456 ) ;
#4159 = CYLINDRICAL_SURFACE ( 'NONE', #2721, 0.7500000000000006661 ) ;
#4160 = CARTESIAN_POINT ( 'NONE',  ( 117.8000000000000398, 2.999999999999995115, 151.7500000000000000 ) ) ;
#4161 = CARTESIAN_POINT ( 'NONE',  ( 114.2500000000000426, 24.00000000000000000, 115.2500000000000000 ) ) ;
#4162 = DIRECTION ( 'NONE',  ( 0.000000000000000000, -1.000000000000000000, 0.000000000000000000 ) ) ;
#4163 = EDGE_CURVE ( 'NONE', #3139, #1265, #3796, .T. ) ;
#4164 = ORIENTED_EDGE ( 'NONE', *, *, #144, .T. ) ;
#4165 = DIRECTION ( 'NONE',  ( -1.212662576343243307E-16, 0.000000000000000000, -1.000000000000000000 ) ) ;
#4166 = CARTESIAN_POINT ( 'NONE',  ( 7.200000000000004619, 5.000000000000000000, 12.00000000000000000 ) ) ;
#4167 = CIRCLE ( 'NONE', #3345, 2.500000000000015987 ) ;
#4168 = VERTEX_POINT ( 'NONE', #2457 ) ;
#4169 = AXIS2_PLACEMENT_3D ( 'NONE', #1336, #290, #312 ) ;
#4170 = LINE ( 'NONE', #516, #321 ) ;
#4171 = DIRECTION ( 'NONE',  ( -3.524517538492561236E-16, -0.000000000000000000, -1.000000000000000000 ) ) ;
#4172 = DIRECTION ( 'NONE',  ( 0.000000000000000000, -2.478176394252585085E-16, -1.000000000000000000 ) ) ;
#4173 = EDGE_CURVE ( 'NONE', #3545, #3666, #636, .T. ) ;
#4174 = CARTESIAN_POINT ( 'NONE',  ( 5.000000000000032863, 7.200000000000000178, 0.000000000000000000 ) ) ;
#4175 = ORIENTED_EDGE ( 'NONE', *, *, #954, .T. ) ;
#4176 = CARTESIAN_POINT ( 'NONE',  ( 122.2500000000000568, 15.50000000000000000, 22.49999999999996447 ) ) ;
#4177 = ORIENTED_EDGE ( 'NONE', *, *, #287, .F. ) ;
#4178 = LINE ( 'NONE', #1199, #1542 ) ;
#4179 = ADVANCED_FACE ( 'NONE', ( #2795, #4145 ), #463, .T. ) ;
#4180 = CIRCLE ( 'NONE', #195, 7.500000000000007105 ) ;
#4181 = ADVANCED_FACE ( 'NONE', ( #746, #417 ), #4056, .F. ) ;
#4182 = CIRCLE ( 'NONE', #3970, 1.799999999999996048 ) ;
#4183 = ORIENTED_EDGE ( 'NONE', *, *, #2526, .T. ) ;
#4184 = AXIS2_PLACEMENT_3D ( 'NONE', #1662, #2318, #2293 ) ;
#4185 = FACE_OUTER_BOUND ( 'NONE', #273, .T. ) ;
#4186 = FACE_OUTER_BOUND ( 'NONE', #2596, .T. ) ;
#4187 = APPLICATION_PROTOCOL_DEFINITION ( 'draft international standard', 'automotive_design', 1998, #1505 ) ;
#4188 = VERTEX_POINT ( 'NONE', #4097 ) ;
#4189 = DIRECTION ( 'NONE',  ( 1.000000000000000000, -0.000000000000000000, 2.413528314402514090E-16 ) ) ;
#4190 = CARTESIAN_POINT ( 'NONE',  ( 122.5000000000000142, 7.500000000000000000, 49.49999999999995026 ) ) ;
#4191 = VECTOR ( 'NONE', #3514, 1000.000000000000000 ) ;
#4192 = EDGE_CURVE ( 'NONE', #3024, #1495, #792, .T. ) ;
#4193 = ORIENTED_EDGE ( 'NONE', *, *, #2554, .F. ) ;
#4194 = DIRECTION ( 'NONE',  ( -1.000000000000000000, 0.000000000000000000, 0.000000000000000000 ) ) ;
#4195 = CARTESIAN_POINT ( 'NONE',  ( 17.50000000000001776, 4.999999999999997335, 152.5000000000000000 ) ) ;
#4196 = DIRECTION ( 'NONE',  ( 0.000000000000000000, 1.000000000000000000, -0.000000000000000000 ) ) ;
#4197 = CIRCLE ( 'NONE', #4333, 7.500000000000007105 ) ;
#4198 = DIRECTION ( 'NONE',  ( 0.000000000000000000, 0.000000000000000000, -1.000000000000000000 ) ) ;
#4199 = AXIS2_PLACEMENT_3D ( 'NONE', #4254, #2295, #674 ) ;
#4200 = EDGE_LOOP ( 'NONE', ( #2796, #3423, #2348, #2298 ) ) ;
#4201 = FACE_BOUND ( 'NONE', #82, .T. ) ;
#4202 = VECTOR ( 'NONE', #1859, 1000.000000000000000 ) ;
#4203 = CARTESIAN_POINT ( 'NONE',  ( 7.500000000000000000, 0.000000000000000000, 0.000000000000000000 ) ) ;
#4204 = ORIENTED_EDGE ( 'NONE', *, *, #1460, .T. ) ;
#4205 = CARTESIAN_POINT ( 'NONE',  ( 129.9672618810377571, 6.799999999999988276, 1.850109550436422735E-16 ) ) ;
#4206 = PLANE ( 'NONE',  #2717 ) ;
#4207 = AXIS2_PLACEMENT_3D ( 'NONE', #78, #3377, #3395 ) ;
#4208 = DIRECTION ( 'NONE',  ( -0.000000000000000000, -0.000000000000000000, -1.000000000000000000 ) ) ;
#4209 = LINE ( 'NONE', #4255, #3026 ) ;
#4210 = AXIS2_PLACEMENT_3D ( 'NONE', #2184, #2896, #562 ) ;
#4211 = CIRCLE ( 'NONE', #1132, 7.500000000000034639 ) ;
#4212 = ORIENTED_EDGE ( 'NONE', *, *, #3724, .F. ) ;
#4213 = EDGE_CURVE ( 'NONE', #3603, #3942, #1200, .T. ) ;
#4214 = CARTESIAN_POINT ( 'NONE',  ( 114.2500000000000426, 5.000000000000000888, 109.5000000000000000 ) ) ;
#4215 = DIRECTION ( 'NONE',  ( 0.000000000000000000, 0.000000000000000000, -1.000000000000000000 ) ) ;
#4216 = AXIS2_PLACEMENT_3D ( 'NONE', #3107, #706, #727 ) ;
#4217 = EDGE_LOOP ( 'NONE', ( #2720, #4310, #1587, #3611 ) ) ;
#4218 = CARTESIAN_POINT ( 'NONE',  ( 99.00000000000005684, -5.091168824543132132, 151.7500000000000000 ) ) ;
#4219 = CARTESIAN_POINT ( 'NONE',  ( 2.800000000000004263, 22.00000000000000000, 2.200000000000028155 ) ) ;
#4220 = CARTESIAN_POINT ( 'NONE',  ( 108.3302383518161065, 6.799999999999998934, 43.49999999999995737 ) ) ;
#4221 = EDGE_CURVE ( 'NONE', #2464, #3656, #1422, .T. ) ;
#4222 = ORIENTED_EDGE ( 'NONE', *, *, #25, .T. ) ;
#4223 = LINE ( 'NONE', #1219, #639 ) ;
#4224 = DIRECTION ( 'NONE',  ( -1.000000000000000000, 0.000000000000000000, -0.000000000000000000 ) ) ;
#4225 = VERTEX_POINT ( 'NONE', #2434 ) ;
#4226 = EDGE_LOOP ( 'NONE', ( #815, #3151, #2610, #3742 ) ) ;
#4227 = CARTESIAN_POINT ( 'NONE',  ( 127.0000000000000568, 16.49999999999995026, 0.000000000000000000 ) ) ;
#4228 = DIRECTION ( 'NONE',  ( -0.4848096202463428317, 0.000000000000000000, 0.8746197071393926326 ) ) ;
#4229 = CARTESIAN_POINT ( 'NONE',  ( 7.500000000000018652, 7.500000000000000000, 165.0000000000000000 ) ) ;
#4230 =( NAMED_UNIT ( * ) PLANE_ANGLE_UNIT ( ) SI_UNIT ( $, .RADIAN. ) );
#4231 = ADVANCED_FACE ( 'NONE', ( #3730 ), #3772, .F. ) ;
#4232 = ORIENTED_EDGE ( 'NONE', *, *, #4139, .T. ) ;
#4233 = DIRECTION ( 'NONE',  ( 3.524517538492560743E-16, -0.000000000000000000, 1.000000000000000000 ) ) ;
#4234 = CARTESIAN_POINT ( 'NONE',  ( 114.7500000000000426, -6.929646455628168056, 151.7500000000000000 ) ) ;
#4235 = ADVANCED_FACE ( 'NONE', ( #2478 ), #813, .T. ) ;
#4236 = EDGE_CURVE ( 'NONE', #1428, #665, #2677, .T. ) ;
#4237 = EDGE_LOOP ( 'NONE', ( #2211, #804, #4335, #2227 ) ) ;
#4238 = CARTESIAN_POINT ( 'NONE',  ( 100.8625178063039698, 19.50000000000000000, 165.0000000000000000 ) ) ;
#4239 = CARTESIAN_POINT ( 'NONE',  ( 97.75000000000005684, 2.999999999999998224, 17.50000000000000000 ) ) ;
#4240 = AXIS2_PLACEMENT_3D ( 'NONE', #4040, #3711, #1782 ) ;
#4241 = VECTOR ( 'NONE', #148, 1000.000000000000000 ) ;
#4242 = VECTOR ( 'NONE', #4082, 1000.000000000000000 ) ;
#4243 = ORIENTED_EDGE ( 'NONE', *, *, #2446, .T. ) ;
#4244 = FACE_BOUND ( 'NONE', #1109, .T. ) ;
#4245 = DIRECTION ( 'NONE',  ( 3.273063162220403268E-17, 1.000000000000000000, 0.000000000000000000 ) ) ;
#4246 = AXIS2_PLACEMENT_3D ( 'NONE', #749, #685, #775 ) ;
#4247 = EDGE_CURVE ( 'NONE', #748, #52, #4209, .T. ) ;
#4248 = VECTOR ( 'NONE', #1335, 1000.000000000000000 ) ;
#4249 = EDGE_CURVE ( 'NONE', #665, #95, #4211, .T. ) ;
#4250 = VERTEX_POINT ( 'NONE', #2254 ) ;
#4251 = ORIENTED_EDGE ( 'NONE', *, *, #1595, .T. ) ;
#4252 = DIRECTION ( 'NONE',  ( -0.000000000000000000, -0.000000000000000000, -1.000000000000000000 ) ) ;
#4253 = DIRECTION ( 'NONE',  ( 3.273063162220403268E-17, 1.000000000000000000, 0.000000000000000000 ) ) ;
#4254 = CARTESIAN_POINT ( 'NONE',  ( 7.500000000000018652, 19.50000000000000000, 157.5000000000000000 ) ) ;
#4255 = CARTESIAN_POINT ( 'NONE',  ( 7.500000000000016875, 20.19999999999999929, 164.9672618810378140 ) ) ;
#4256 = CIRCLE ( 'NONE', #965, 7.500000000000007105 ) ;
#4257 = EDGE_LOOP ( 'NONE', ( #4305, #4069, #2974, #687 ) ) ;
#4258 = EDGE_CURVE ( 'NONE', #1774, #1548, #2858, .T. ) ;
#4259 = DIRECTION ( 'NONE',  ( -1.000000000000000000, 0.000000000000000000, 0.000000000000000000 ) ) ;
#4260 = LINE ( 'NONE', #3548, #4309 ) ;
#4261 = ORIENTED_EDGE ( 'NONE', *, *, #2172, .T. ) ;
#4262 = AXIS2_PLACEMENT_3D ( 'NONE', #2768, #1440, #789 ) ;
#4263 = EDGE_CURVE ( 'NONE', #2694, #318, #3900, .T. ) ;
#4264 = CARTESIAN_POINT ( 'NONE',  ( 7.500000000000018652, 7.500000000000000000, 157.5000000000000000 ) ) ;
#4265 = DIRECTION ( 'NONE',  ( -1.000000000000000000, 0.000000000000000000, 0.000000000000000000 ) ) ;
#4266 = VERTEX_POINT ( 'NONE', #2570 ) ;
#4267 = EDGE_CURVE ( 'NONE', #4079, #676, #1690, .T. ) ;
#4268 = VECTOR ( 'NONE', #2911, 1000.000000000000000 ) ;
#4269 = DIRECTION ( 'NONE',  ( 3.273063162220403268E-17, 1.000000000000000000, -0.000000000000000000 ) ) ;
#4270 = LINE ( 'NONE', #3954, #3304 ) ;
#4271 = AXIS2_PLACEMENT_3D ( 'NONE', #4004, #3292, #1000 ) ;
#4272 = ORIENTED_EDGE ( 'NONE', *, *, #618, .F. ) ;
#4273 = EDGE_LOOP ( 'NONE', ( #1958, #1900, #3607, #2563 ) ) ;
#4274 = FACE_OUTER_BOUND ( 'NONE', #1561, .T. ) ;
#4275 = FACE_OUTER_BOUND ( 'NONE', #3350, .T. ) ;
#4276 = CARTESIAN_POINT ( 'NONE',  ( 124.0000000000000568, 9.250000000000000000, 17.50000000000000000 ) ) ;
#4277 = EDGE_CURVE ( 'NONE', #3002, #1738, #3589, .T. ) ;
#4278 = ORIENTED_EDGE ( 'NONE', *, *, #3600, .F. ) ;
#4279 = DIRECTION ( 'NONE',  ( 0.000000000000000000, 0.000000000000000000, -1.000000000000000000 ) ) ;
#4280 = DIRECTION ( 'NONE',  ( 0.000000000000000000, 0.000000000000000000, -1.000000000000000000 ) ) ;
#4281 = DIRECTION ( 'NONE',  ( 3.273063162220403268E-17, 1.000000000000000000, 0.000000000000000000 ) ) ;
#4282 = CIRCLE ( 'NONE', #1477, 2.200000000000000178 ) ;
#4283 = VECTOR ( 'NONE', #4085, 1000.000000000000000 ) ;
#4284 = EDGE_LOOP ( 'NONE', ( #3017, #1842, #1927, #420 ) ) ;
#4285 = DIRECTION ( 'NONE',  ( 0.000000000000000000, 0.000000000000000000, -1.000000000000000000 ) ) ;
#4286 = CARTESIAN_POINT ( 'NONE',  ( 130.0000000000000000, 7.500000000000000000, 0.000000000000000000 ) ) ;
#4287 = VERTEX_POINT ( 'NONE', #1183 ) ;
#4288 = CARTESIAN_POINT ( 'NONE',  ( 27.75000000000003908, 14.75000000000000000, 160.0000000000000000 ) ) ;
#4289 = DIRECTION ( 'NONE',  ( 0.000000000000000000, -1.000000000000000000, 0.000000000000000000 ) ) ;
#4290 =( BOUNDED_CURVE ( )  B_SPLINE_CURVE ( 3, ( #153, #1858, #2914, #3518 ),
 .UNSPECIFIED., .F., .F. ) 
 B_SPLINE_CURVE_WITH_KNOTS ( ( 4, 4 ),
 ( 1.570796326794884346, 3.141592653589793116 ),
 .UNSPECIFIED. ) 
 CURVE ( )  GEOMETRIC_REPRESENTATION_ITEM ( )  RATIONAL_B_SPLINE_CURVE ( ( 1.000000000000000000, 0.8047378541243621619, 0.8047378541243621619, 1.000000000000000000 ) ) 
 REPRESENTATION_ITEM ( '' )  );
#4291 = ORIENTED_EDGE ( 'NONE', *, *, #1047, .T. ) ;
#4292 = ORIENTED_EDGE ( 'NONE', *, *, #1813, .F. ) ;
#4293 = CYLINDRICAL_SURFACE ( 'NONE', #130, 2.500000000000015987 ) ;
#4294 = CARTESIAN_POINT ( 'NONE',  ( 122.5000000000000568, 27.00000000000000000, 157.4999999999999716 ) ) ;
#4295 = DIRECTION ( 'NONE',  ( 0.000000000000000000, -1.000000000000000000, 0.000000000000000000 ) ) ;
#4296 = ORIENTED_EDGE ( 'NONE', *, *, #3575, .T. ) ;
#4297 = FACE_OUTER_BOUND ( 'NONE', #1947, .T. ) ;
#4298 = DIRECTION ( 'NONE',  ( -1.000000000000000000, 0.000000000000000000, 0.000000000000000000 ) ) ;
#4299 = CARTESIAN_POINT ( 'NONE',  ( 116.0000000000000568, 2.000000000000000000, 151.7500000000000000 ) ) ;
#4300 = ADVANCED_FACE ( 'NONE', ( #3602 ), #1161, .F. ) ;
#4301 = ORIENTED_EDGE ( 'NONE', *, *, #1711, .T. ) ;
#4302 = CARTESIAN_POINT ( 'NONE',  ( 99.00000000000005684, 2.999999999999999112, 151.7500000000000000 ) ) ;
#4303 = CARTESIAN_POINT ( 'NONE',  ( 7.500000000000018652, 0.000000000000000000, 157.5000000000000000 ) ) ;
#4304 = EDGE_LOOP ( 'NONE', ( #1399, #1694 ) ) ;
#4305 = ORIENTED_EDGE ( 'NONE', *, *, #4324, .F. ) ;
#4306 = DIRECTION ( 'NONE',  ( 3.273063162220403268E-17, 1.000000000000000000, 0.000000000000000000 ) ) ;
#4307 = ADVANCED_FACE ( 'NONE', ( #3257 ), #1826, .T. ) ;
#4308 = LINE ( 'NONE', #2670, #1964 ) ;
#4309 = VECTOR ( 'NONE', #2843, 1000.000000000000000 ) ;
#4310 = ORIENTED_EDGE ( 'NONE', *, *, #4339, .F. ) ;
#4311 = ORIENTED_EDGE ( 'NONE', *, *, #3357, .T. ) ;
#4312 = DIRECTION ( 'NONE',  ( 3.273063162220403268E-17, 1.000000000000000000, 0.000000000000000000 ) ) ;
#4313 = CARTESIAN_POINT ( 'NONE',  ( 74.75000000000004263, 14.75000000000000000, 163.0000000000000000 ) ) ;
#4314 = LINE ( 'NONE', #3601, #348 ) ;
#4315 = ORIENTED_EDGE ( 'NONE', *, *, #3061, .T. ) ;
#4316 = CARTESIAN_POINT ( 'NONE',  ( 2.800000000000004263, 22.00000000000000000, 2.200000000000028155 ) ) ;
#4317 = DIRECTION ( 'NONE',  ( 0.000000000000000000, 0.000000000000000000, -1.000000000000000000 ) ) ;
#4318 = CARTESIAN_POINT ( 'NONE',  ( 99.00000000000046896, 0.000000000000000000, 110.4999999999999858 ) ) ;
#4319 = VECTOR ( 'NONE', #2104, 1000.000000000000000 ) ;
#4320 = VERTEX_POINT ( 'NONE', #1559 ) ;
#4321 = CARTESIAN_POINT ( 'NONE',  ( 113.3139625788629274, 23.26223739743665320, 163.9936495701953163 ) ) ;
#4322 = DIRECTION ( 'NONE',  ( 1.000000000000000000, 0.000000000000000000, 0.000000000000000000 ) ) ;
#4323 = ORIENTED_EDGE ( 'NONE', *, *, #664, .T. ) ;
#4324 = EDGE_CURVE ( 'NONE', #2819, #3981, #885, .T. ) ;
#4325 = VERTEX_POINT ( 'NONE', #571 ) ;
#4326 = DIRECTION ( 'NONE',  ( 1.000000000000000000, -0.000000000000000000, 2.413528314402514090E-16 ) ) ;
#4327 = FACE_OUTER_BOUND ( 'NONE', #20, .T. ) ;
#4328 = ORIENTED_EDGE ( 'NONE', *, *, #2905, .F. ) ;
#4329 = ORIENTED_EDGE ( 'NONE', *, *, #558, .F. ) ;
#4330 = CARTESIAN_POINT ( 'NONE',  ( 127.0000000000000568, 2.999999999999999112, 194.9624824053761643 ) ) ;
#4331 = DIRECTION ( 'NONE',  ( -0.000000000000000000, -1.000000000000000000, -0.000000000000000000 ) ) ;
#4332 = LINE ( 'NONE', #1974, #843 ) ;
#4333 = AXIS2_PLACEMENT_3D ( 'NONE', #2068, #3418, #405 ) ;
#4334 = VECTOR ( 'NONE', #2985, 1000.000000000000000 ) ;
#4335 = ORIENTED_EDGE ( 'NONE', *, *, #3244, .T. ) ;
#4336 = CARTESIAN_POINT ( 'NONE',  ( 93.00000000000005684, 24.00000000000000000, 194.9624824053761643 ) ) ;
#4337 = CYLINDRICAL_SURFACE ( 'NONE', #389, 2.250000000000001776 ) ;
#4338 = PLANE ( 'NONE',  #359 ) ;
#4339 = EDGE_CURVE ( 'NONE', #4168, #2177, #3098, .T. ) ;
ENDSEC;
END-ISO-10303-21;
